year,month,,case,man,woman,age1,,,,age2,age3,age4,pop,pop1,pop2,,,pop3,pop4,pop5,pop6,cities,regnames,Pref,CNY,PM2.5,SO4,NO3,NH4,BC,OM,MT,DMT,RH,NDVI,forest,grassland
2013,1,1,366,274,92,58,16,42,,102,95,111,711.5,368.82,342.68,50.70899295,171.5650604,222.2740534,203.8467858,198.268179,87.11098174,1,hefei,1,0,179.7159564,28.61304351,47.79270088,29.53385024,7.732650342,41.55971199,5.053063719,0.198581936,70.85107818,1910.121261,7.143785381,0.118779757
2013,2,2,410,293,117,59,21,38,,90,135,126,711.5,368.82,342.68,50.70899295,171.5650604,222.2740534,203.8467858,198.268179,87.11098174,1,hefei,1,1,132.3761233,23.69481326,36.39433069,21.84180388,5.092798109,27.51630501,7.782103978,3.975012626,76.8576454,2165.59662,7.143785381,0.118779757
2013,3,3,473,351,122,95,39,56,,100,122,156,711.5,368.82,342.68,50.70899295,171.5650604,222.2740534,203.8467858,198.268179,87.11098174,1,hefei,1,0,87.47546089,16.75543365,21.70458679,14.15695564,3.57241765,19.06660229,13.90070811,6.760218935,62.09214438,2734.016006,7.143785381,0.118779757
2013,4,4,460,332,128,80,22,58,,118,138,124,711.5,368.82,342.68,50.70899295,171.5650604,222.2740534,203.8467858,198.268179,87.11098174,1,hefei,1,0,69.292975,14.6291812,15.46919654,10.68310372,2.890820015,15.57234226,19.19914707,9.20049476,52.33554556,3252.086944,7.143785381,0.118779757
2013,5,5,408,292,116,68,19,49,,105,121,114,711.5,368.82,342.68,50.70899295,171.5650604,222.2740534,203.8467858,198.268179,87.11098174,1,hefei,1,0,64.05676724,14.6332301,14.41681068,10.30295417,2.572688268,13.0094646,24.43605882,19.14906549,72.4020356,3490.631295,7.143785381,0.118779757
2013,6,6,387,279,108,70,18,52,,109,105,103,711.5,368.82,342.68,50.70899295,171.5650604,222.2740534,203.8467858,198.268179,87.11098174,1,hefei,1,0,56.14823857,13.40580826,12.16853363,8.885184233,2.288141278,11.44226615,27.62910629,23.09233199,76.35436725,3834.423547,7.143785381,0.118779757
2013,7,7,383,287,96,73,23,50,,109,102,99,711.5,368.82,342.68,50.70899295,171.5650604,222.2740534,203.8467858,198.268179,87.11098174,1,hefei,1,0,41.79111094,7.902622053,5.55721068,3.485962909,2.6440416,12.7009617,32.54636329,27.04803319,72.87476284,4382.080052,7.143785381,0.118779757
2013,8,8,356,260,96,52,19,33,,90,112,102,711.5,368.82,342.68,50.70899295,171.5650604,222.2740534,203.8467858,198.268179,87.11098174,1,hefei,1,0,56.5157357,10.61420886,9.574705052,6.11325294,3.137673031,15.44924519,32.77379605,26.50933426,69.70200169,4455.123202,7.143785381,0.118779757
2013,9,9,366,277,89,80,30,50,,89,94,103,711.5,368.82,342.68,50.70899295,171.5650604,222.2740534,203.8467858,198.268179,87.11098174,1,hefei,1,0,56.6288793,12.34944455,12.38228556,8.384179654,2.377738662,11.64804524,25.53939445,20.89327704,75.52120107,4224.819651,7.143785381,0.118779757
2013,10,10,354,237,117,65,17,48,,85,102,102,711.5,368.82,342.68,50.70899295,171.5650604,222.2740534,203.8467858,198.268179,87.11098174,1,hefei,1,0,76.14536362,15.27467836,17.20093233,10.72094332,3.132760487,16.43156047,20.33670276,14.27992139,68.19335964,3611.078039,7.143785381,0.118779757
2013,11,11,341,244,97,60,14,46,,92,88,101,711.5,368.82,342.68,50.70899295,171.5650604,222.2740534,203.8467858,198.268179,87.11098174,1,hefei,1,0,101.5483875,16.78615267,25.0438714,14.45994768,4.196449575,23.43588189,13.70602926,7.447692482,65.91223878,2672.696284,7.143785381,0.118779757
2013,12,12,331,256,75,41,11,30,,84,107,99,711.5,368.82,342.68,50.70899295,171.5650604,222.2740534,203.8467858,198.268179,87.11098174,1,hefei,1,0,129.7346421,20.02173047,34.24327394,20.97043542,5.458524274,29.36316851,6.554425281,-0.541798818,60.5187896,2218.417686,7.143785381,0.118779757
2014,1,13,370,269,101,64,18,46,,88,107,111,712.81,369.39,343.42,52.73952973,178.4350286,231.1745583,207.1404868,190.9945371,83.50148025,1,hefei,1,1,136.6631091,20.63161162,33.57680921,20.56887644,6.193800872,35.26746727,8.155731824,1.065963729,60.94020059,1932.407739,7.143785381,0.118779757
2014,2,14,395,296,99,61,19,42,,92,118,124,712.81,369.39,343.42,52.73952973,178.4350286,231.1745583,207.1404868,190.9945371,83.50148025,1,hefei,1,0,83.1620654,13.71195525,21.94823895,13.30485138,3.623739911,19.35160558,6.546210391,3.181007114,79.09108566,2113.436941,7.143785381,0.118779757
2014,3,15,437,301,136,87,42,45,,101,105,144,712.81,369.39,343.42,52.73952973,178.4350286,231.1745583,207.1404868,190.9945371,83.50148025,1,hefei,1,0,83.5378713,15.2318376,22.08458215,13.48317462,3.417931676,18.27266511,14.66099388,8.260960016,65.48625781,2632.772582,7.143785381,0.118779757
2014,4,16,436,318,118,79,23,56,,108,134,115,712.81,369.39,343.42,52.73952973,178.4350286,231.1745583,207.1404868,190.9945371,83.50148025,1,hefei,1,0,65.02571109,14.78562411,15.52828443,10.27140785,2.384130328,12.95291762,18.98189429,14.34920786,74.50925175,3454.217764,7.143785381,0.118779757
2014,5,17,441,328,113,71,23,48,,110,122,138,712.81,369.39,343.42,52.73952973,178.4350286,231.1745583,207.1404868,190.9945371,83.50148025,1,hefei,1,0,59.75035844,11.71036478,12.65972687,8.400612504,2.515541514,13.69921883,25.02094671,18.15002483,65.68037292,3452.03249,7.143785381,0.118779757
2014,6,18,390,272,118,85,23,62,,107,93,105,712.81,369.39,343.42,52.73952973,178.4350286,231.1745583,207.1404868,190.9945371,83.50148025,1,hefei,1,0,72.40053592,16.98265121,16.94545373,12.59407395,2.720437104,14.22867201,27.89951883,22.8232856,73.943533,3699.228368,7.143785381,0.118779757
2014,7,19,402,291,111,75,20,55,,91,117,119,712.81,369.39,343.42,52.73952973,178.4350286,231.1745583,207.1404868,190.9945371,83.50148025,1,hefei,1,0,59.23285592,12.54281196,13.00312703,8.73879427,2.715001771,13.44255913,29.64951939,26.41850934,82.83178392,4535.964129,7.143785381,0.118779757
2014,8,20,381,254,127,78,30,48,,92,113,98,712.81,369.39,343.42,52.73952973,178.4350286,231.1745583,207.1404868,190.9945371,83.50148025,1,hefei,1,0,48.10633149,10.71582221,10.93059429,7.202837305,1.95018711,10.27969598,27.78234339,25.09370151,85.33373879,4691.295349,7.143785381,0.118779757
2014,9,21,418,302,116,94,35,59,,97,117,110,712.81,369.39,343.42,52.73952973,178.4350286,231.1745583,207.1404868,190.9945371,83.50148025,1,hefei,1,0,55.97097988,13.06149118,12.55305041,9.170487369,2.232281612,11.05385044,25.39192071,22.32152141,83.14021773,4330.531226,7.143785381,0.118779757
2014,10,22,343,252,91,61,17,44,,91,98,93,712.81,369.39,343.42,52.73952973,178.4350286,231.1745583,207.1404868,190.9945371,83.50148025,1,hefei,1,0,66.27196127,12.92240747,15.34991486,9.42160255,2.793632954,14.50023476,21.0479754,15.98179661,72.81482562,3464.76744,7.143785381,0.118779757
2014,11,23,272,195,77,53,22,31,,73,68,78,712.81,369.39,343.42,52.73952973,178.4350286,231.1745583,207.1404868,190.9945371,83.50148025,1,hefei,1,0,78.9508661,14.27092949,20.45551481,12.40904297,3.172122978,17.06039899,13.82380487,9.458856817,74.95471504,3023.667831,7.143785381,0.118779757
2014,12,24,335,242,93,56,18,38,,91,87,101,712.81,369.39,343.42,52.73952973,178.4350286,231.1745583,207.1404868,190.9945371,83.50148025,1,hefei,1,0,69.05706721,10.15592339,17.53689193,10.39485998,2.94845915,15.90547832,6.695959759,-1.4457179,56.10004567,2384.151833,7.143785381,0.118779757
2015,1,25,432,314,118,72,17,55,,108,139,113,717.72,371.21,346.51,51.00459646,172.5651835,223.56978,210.076644,199.956792,84.188556,1,hefei,1,0,97.87547714,15.05969328,24.07263173,14.52585677,4.547229642,25.08667358,7.272343388,1.458912369,66.57154245,1888.535294,7.143785381,0.118779757
2015,2,26,356,253,103,49,14,35,,77,105,125,717.72,371.21,346.51,51.00459646,172.5651835,223.56978,210.076644,199.956792,84.188556,1,hefei,1,1,94.85629867,15.05576268,25.22381905,15.35519533,4.144701755,22.99502206,8.704781207,3.358511893,69.12886288,2128.053165,7.143785381,0.118779757
2015,3,27,437,321,116,85,33,52,,107,115,130,717.72,371.21,346.51,51.00459646,172.5651835,223.56978,210.076644,199.956792,84.188556,1,hefei,1,0,63.32195698,11.50853837,17.77485886,10.64796046,2.386349317,13.09396951,13.69130605,8.555522745,71.13505343,2586.562023,7.143785381,0.118779757
2015,4,28,426,314,112,71,19,52,,130,119,106,717.72,371.21,346.51,51.00459646,172.5651835,223.56978,210.076644,199.956792,84.188556,1,hefei,1,0,64.34920815,13.25817967,16.034858,10.13872929,2.474792129,13.81366775,18.44028318,12.81140752,69.73874738,3435.059311,7.143785381,0.118779757
2015,5,29,391,294,97,65,17,48,,96,120,110,717.72,371.21,346.51,51.00459646,172.5651835,223.56978,210.076644,199.956792,84.188556,1,hefei,1,0,64.63447506,14.59228802,15.42915205,10.83833589,2.386704086,12.97638091,24.53567071,19.46449475,73.39854944,3661.720443,7.143785381,0.118779757
2015,6,30,354,241,113,51,13,38,,87,119,97,717.72,371.21,346.51,51.00459646,172.5651835,223.56978,210.076644,199.956792,84.188556,1,hefei,1,0,45.37833494,10.16075738,10.18751349,6.98469057,1.773492795,9.699509646,26.97247366,23.14722079,79.61404946,3756.77847,7.143785381,0.118779757
2015,7,31,381,279,102,55,16,39,,93,118,115,717.72,371.21,346.51,51.00459646,172.5651835,223.56978,210.076644,199.956792,84.188556,1,hefei,1,0,41.84408387,9.439635589,9.112915439,6.094953858,1.781069227,9.295090948,29.18136314,25.68738949,81.49783313,4497.805314,7.143785381,0.118779757
2015,8,32,356,246,110,48,18,30,,94,125,89,717.72,371.21,346.51,51.00459646,172.5651835,223.56978,210.076644,199.956792,84.188556,1,hefei,1,0,43.61450275,8.64913945,9.716118392,5.976556366,1.921549868,10.32594946,29.63411888,25.63263286,79.13852751,4725.475883,7.143785381,0.118779757
2015,9,33,333,248,85,52,22,30,,81,98,102,717.72,371.21,346.51,51.00459646,172.5651835,223.56978,210.076644,199.956792,84.188556,1,hefei,1,0,53.7601034,11.68992553,12.62735694,8.154596178,2.098047723,10.98695853,25.86615881,20.90811701,74.13926421,4330.600795,7.143785381,0.118779757
2015,10,34,309,225,84,59,22,37,,86,75,89,717.72,371.21,346.51,51.00459646,172.5651835,223.56978,210.076644,199.956792,84.188556,1,hefei,1,0,69.12293099,12.47430516,16.22231079,10.03872225,2.988327312,15.82301071,20.69948042,14.75216278,68.74958126,3481.989316,7.143785381,0.118779757
2015,11,35,266,184,82,59,17,42,,64,69,74,717.72,371.21,346.51,51.00459646,172.5651835,223.56978,210.076644,199.956792,84.188556,1,hefei,1,0,61.22298803,13.03552845,15.29457004,9.82141375,2.296938669,12.60100961,13.17418655,10.29884517,82.71624472,2907.511542,7.143785381,0.118779757
2015,12,36,303,226,77,60,22,38,,82,78,83,717.72,371.21,346.51,51.00459646,172.5651835,223.56978,210.076644,199.956792,84.188556,1,hefei,1,0,96.99551024,17.42739984,26.95401728,16.14660179,3.824909229,19.64913046,8.138846749,3.330168642,71.68706606,2435.780981,7.143785381,0.118779757
2016,1,37,388,292,96,51,16,35,,104,104,129,729.83,376.72,353.11,49.71732241,168.2099156,217.927238,210.993853,213.11036,87.5796,1,hefei,1,0,90.22326983,14.79376116,23.88266153,14.78159072,3.946699584,21.11605526,5.358572276,0.758407923,72.22477506,1972.684043,7.143785381,0.118779757
2016,2,38,391,279,112,53,15,38,,90,109,139,729.83,376.72,353.11,49.71732241,168.2099156,217.927238,210.993853,213.11036,87.5796,1,hefei,1,1,79.07741652,11.6764427,18.37483665,11.35959088,3.904371217,21.57481959,9.208071883,1.416337379,58.2010144,2311.206748,7.143785381,0.118779757
2016,3,39,390,294,96,76,34,42,,99,115,100,729.83,376.72,353.11,49.71732241,168.2099156,217.927238,210.993853,213.11036,87.5796,1,hefei,1,0,72.73991067,12.60875568,19.82368782,12.23737018,2.887946906,16.38008979,14.515919,7.539549365,62.93669896,2713.063117,7.143785381,0.118779757
2016,4,40,404,282,122,77,29,48,,91,104,132,729.83,376.72,353.11,49.71732241,168.2099156,217.927238,210.993853,213.11036,87.5796,1,hefei,1,0,53.97680083,11.36704455,13.39822212,8.685171354,1.965850346,10.92921572,20.3641159,16.00632102,76.06565918,3736.380461,7.143785381,0.118779757
2016,5,41,351,263,88,58,8,50,,93,103,97,729.83,376.72,353.11,49.71732241,168.2099156,217.927238,210.993853,213.11036,87.5796,1,hefei,1,0,42.72160388,9.182665353,10.20793549,6.680835941,1.630576458,8.868565098,22.94241373,18.28016013,75.02661043,3739.196939,7.143785381,0.118779757
2016,6,42,340,239,101,63,16,47,,88,104,85,729.83,376.72,353.11,49.71732241,168.2099156,217.927238,210.993853,213.11036,87.5796,1,hefei,1,0,41.28670169,9.302893869,9.206047346,6.110120872,1.656796154,8.899484318,27.15626586,23.60914749,80.98603805,3813.303699,7.143785381,0.118779757
2016,7,43,343,249,94,48,14,34,,83,97,115,729.83,376.72,353.11,49.71732241,168.2099156,217.927238,210.993853,213.11036,87.5796,1,hefei,1,0,34.86927411,6.926741616,6.354586148,4.033407551,1.936767808,9.129275938,31.32327159,27.5540655,80.45464347,4547.766545,7.143785381,0.118779757
2016,8,44,393,282,111,69,20,49,,113,103,108,729.83,376.72,353.11,49.71732241,168.2099156,217.927238,210.993853,213.11036,87.5796,1,hefei,1,0,43.84524092,8.513372293,10.13060401,6.439996579,1.768762497,9.426300651,31.51402379,26.02523556,72.7405162,4562.972914,7.143785381,0.118779757
2016,9,45,351,231,120,59,24,35,,100,94,98,729.83,376.72,353.11,49.71732241,168.2099156,217.927238,210.993853,213.11036,87.5796,1,hefei,1,0,47.83913131,9.836146249,11.32137051,7.271312964,1.952911088,10.12797677,26.64209509,20.7450348,70.11093422,4335.533033,7.143785381,0.118779757
2016,10,46,330,220,110,49,15,34,,90,90,101,729.83,376.72,353.11,49.71732241,168.2099156,217.927238,210.993853,213.11036,87.5796,1,hefei,1,0,38.25587054,8.7644836,7.947288993,5.579248899,1.591493139,7.785609207,20.17306154,17.4469263,84.33964539,3698.761906,7.143785381,0.118779757
2016,11,47,341,254,87,52,16,36,,84,107,98,729.83,376.72,353.11,49.71732241,168.2099156,217.927238,210.993853,213.11036,87.5796,1,hefei,1,0,64.78690841,13.07970733,16.51138008,10.27941842,2.465121175,13.58235223,13.30295671,9.961660129,80.19674949,2965.292922,7.143785381,0.118779757
2016,12,48,338,251,87,53,18,35,,77,105,103,729.83,376.72,353.11,49.71732241,168.2099156,217.927238,210.993853,213.11036,87.5796,1,hefei,1,0,86.44565364,15.39464555,23.12691451,14.31713224,3.485315987,17.72223272,9.25035134,5.140768009,75.49161552,2255.263633,7.143785381,0.118779757
2017,1,49,420,307,113,49,14,35,,103,130,138,742.76,382.39,360.37,50.73369807,171.6486459,222.382344,204.333276,224.239244,91.953688,1,hefei,1,1,85.54940018,14.58081379,24.16472946,14.61516278,3.568654173,17.65431556,4.544942897,-0.167181718,71.48545616,2120.096366,7.143785381,0.118779757
2017,2,50,340,242,98,50,15,35,,89,93,108,742.76,382.39,360.37,50.73369807,171.6486459,222.382344,204.333276,224.239244,91.953688,1,hefei,1,0,78.49866673,13.07949796,21.03059818,12.85953924,3.664334378,18.49549169,6.069230624,-0.126215131,64.49590036,2300.110109,7.143785381,0.118779757
2017,3,51,382,278,104,76,32,44,,83,103,120,742.76,382.39,360.37,50.73369807,171.6486459,222.382344,204.333276,224.239244,91.953688,1,hefei,1,0,56.47140882,10.03598189,14.77244251,9.004678048,2.273862015,12.51502472,9.944246113,3.612512241,64.74842311,2630.024167,7.143785381,0.118779757
2017,4,52,367,268,99,53,18,35,,103,104,107,742.76,382.39,360.37,50.73369807,171.6486459,222.382344,204.333276,224.239244,91.953688,1,hefei,1,0,47.54465223,9.481195146,11.81115374,7.390653067,1.82855771,10.18444765,17.28264776,10.65253348,65.04834583,3292.23737,7.143785381,0.118779757
2017,5,53,343,242,101,57,22,35,,100,93,93,742.76,382.39,360.37,50.73369807,171.6486459,222.382344,204.333276,224.239244,91.953688,1,hefei,1,0,44.37083387,8.256110919,10.42173687,6.57242973,1.837509831,10.0287363,22.46194308,15.68804106,65.546499,3512.488952,7.143785381,0.118779757
2017,6,54,342,241,101,54,15,39,,90,105,93,742.76,382.39,360.37,50.73369807,171.6486459,222.382344,204.333276,224.239244,91.953688,1,hefei,1,0,40.00735744,7.931698463,9.858402332,6.093184639,1.576630596,8.833913762,24.69583162,19.52030013,72.95157759,4113.480059,7.143785381,0.118779757
2017,7,55,326,223,103,48,9,39,,71,115,92,742.76,382.39,360.37,50.73369807,171.6486459,222.382344,204.333276,224.239244,91.953688,1,hefei,1,0,27.01146213,4.693945185,4.201910659,2.567700331,1.579321415,8.198204264,29.78344693,24.56129557,73.6093332,4559.018307,7.143785381,0.118779757
2017,8,56,361,256,105,57,17,40,,87,101,116,742.76,382.39,360.37,50.73369807,171.6486459,222.382344,204.333276,224.239244,91.953688,1,hefei,1,0,26.9131647,4.733303303,5.411396162,3.260252753,1.37445744,7.065412017,27.1618873,24.04993767,83.13442331,4877.789801,7.143785381,0.118779757
2017,9,57,321,223,98,50,17,33,,88,81,102,742.76,382.39,360.37,50.73369807,171.6486459,222.382344,204.333276,224.239244,91.953688,1,hefei,1,0,35.62551372,7.314756091,8.571723913,5.3475639,1.394524433,7.506979043,22.21645066,19.4032206,84.10488956,4629.632892,7.143785381,0.118779757
2017,10,58,322,238,84,54,18,36,,91,86,91,742.76,382.39,360.37,50.73369807,171.6486459,222.382344,204.333276,224.239244,91.953688,1,hefei,1,0,46.45883121,8.803077047,12.03852343,7.251402545,1.827674931,9.627509858,15.73545374,12.01355667,78.54052793,3853.462291,7.143785381,0.118779757
2017,11,59,298,223,75,62,17,45,,77,76,83,742.76,382.39,360.37,50.73369807,171.6486459,222.382344,204.333276,224.239244,91.953688,1,hefei,1,0,67.33456238,11.10772178,17.47508085,10.65615897,2.833892557,15.32853688,11.06657825,5.142834679,66.8739532,2937.421701,7.143785381,0.118779757
2017,12,60,340,243,97,53,21,32,,87,95,105,742.76,382.39,360.37,50.73369807,171.6486459,222.382344,204.333276,224.239244,91.953688,1,hefei,1,0,80.68769053,13.15302022,22.32749159,13.23098205,3.427465302,16.97917555,4.763142699,-1.841104941,62.29352826,2360.942979,7.143785381,0.118779757
2018,1,61,366,248,118,66,22,44,,94,96,110,757.96,389.4,368.56,50.75170175,171.7095582,222.46126,200.707808,236.559316,98.307412,1,hefei,1,0,90.75106218,16.46943677,24.07338076,15.28401952,4.170067871,20.75274296,0.173392956,-2.772412205,80.57855989,1063.713548,7.143785381,0.118779757
2018,2,62,334,233,101,37,10,27,,71,114,112,757.96,389.4,368.56,50.75170175,171.7095582,222.46126,200.707808,236.559316,98.307412,1,hefei,1,1,70.39868024,11.42577833,19.1175621,11.45572342,3.36664142,16.36615578,3.813280775,-1.683119821,67.35638647,2110.148241,7.143785381,0.118779757
2018,3,63,436,311,125,83,31,52,,117,123,113,757.96,389.4,368.56,50.75170175,171.7095582,222.46126,200.707808,236.559316,98.307412,1,hefei,1,0,51.91281842,9.11981598,13.79029142,8.155571062,2.255994547,11.99805379,12.22195124,7.151747289,71.17177557,2637.261005,7.143785381,0.118779757
2018,4,64,373,267,106,61,11,50,,100,112,100,757.96,389.4,368.56,50.75170175,171.7095582,222.46126,200.707808,236.559316,98.307412,1,hefei,1,0,42.86337053,7.524018271,10.83487213,6.466991801,1.780354201,9.921397013,17.5976235,11.2746706,66.45675398,3406.86014,7.143785381,0.118779757
2018,5,65,357,250,107,64,19,45,,88,98,107,757.96,389.4,368.56,50.75170175,171.7095582,222.46126,200.707808,236.559316,98.307412,1,hefei,1,0,38.90594817,7.212358502,9.124321323,5.606779248,1.606647592,8.90103742,21.93427604,17.64428564,76.64095518,3724.939278,7.143785381,0.118779757
2018,6,66,335,222,113,60,20,40,,97,82,96,757.96,389.4,368.56,50.75170175,171.7095582,222.46126,200.707808,236.559316,98.307412,1,hefei,1,0,41.08788731,7.835264471,10.12528613,6.305674649,1.718557629,9.474685181,25.47627285,20.24377759,72.82979244,4031.512259,7.143785381,0.118779757
2018,7,67,385,255,130,50,14,36,,110,101,124,757.96,389.4,368.56,50.75170175,171.7095582,222.46126,200.707808,236.559316,98.307412,1,hefei,1,0,26.69675642,4.207981091,4.395653095,2.610748507,1.508881233,7.896522818,28.93552746,24.70847145,77.98530558,4613.619872,7.143785381,0.118779757
2018,8,68,315,224,91,47,12,35,,73,104,91,757.96,389.4,368.56,50.75170175,171.7095582,222.46126,200.707808,236.559316,98.307412,1,hefei,1,0,27.22307112,4.627401091,5.775382164,3.459935991,1.297037018,6.760246442,28.12644761,24.14078137,79.0057489,4808.926308,7.143785381,0.118779757
2018,9,69,368,246,122,71,26,45,,90,100,107,757.96,389.4,368.56,50.75170175,171.7095582,222.46126,200.707808,236.559316,98.307412,1,hefei,1,0,31.77411707,5.772043341,7.244078087,4.333200219,1.414318388,7.753578212,23.13627037,18.47861022,75.07988346,4422.285934,7.143785381,0.118779757
2018,10,70,360,247,113,51,23,28,,87,104,118,757.96,389.4,368.56,50.75170175,171.7095582,222.46126,200.707808,236.559316,98.307412,1,hefei,1,0,44.65399156,8.258590163,10.62478259,6.48833842,1.810833496,10.09066058,16.56967742,9.228108372,61.8666224,3619.445355,7.143785381,0.118779757
2018,11,71,290,191,99,46,21,25,,78,83,83,757.96,389.4,368.56,50.75170175,171.7095582,222.46126,200.707808,236.559316,98.307412,1,hefei,1,0,63.76647742,12.16185144,17.07830632,10.56069734,2.522902186,13.80871214,11.28093548,7.789829668,79.10235629,2874.222909,7.143785381,0.118779757
2018,12,72,272,189,83,30,12,18,,64,105,73,757.96,389.4,368.56,50.75170175,171.7095582,222.46126,200.707808,236.559316,98.307412,1,hefei,1,0,67.27884629,13.41424494,17.97453694,11.11728477,2.802867782,14.40963923,4.367898617,0.362066229,75.20552245,2427.60452,7.143785381,0.118779757
2019,1,73,369,270,99,46,14,32,,101,116,106,770.44,395.24,375.2,50.40970849,170.5524835,220.962192,193.611572,248.389856,107.322292,1,hefei,1,0,93.6675918,16.26727572,25.04300625,15.74944594,4.499341459,22.25341929,2.948339833,-1.184117697,74.26435147,2113.654814,7.143785381,0.118779757
2019,2,74,316,241,75,31,6,25,,67,121,97,770.44,395.24,375.2,50.40970849,170.5524835,220.962192,193.611572,248.389856,107.322292,1,hefei,1,1,63.4877352,11.66683992,17.59522094,10.8913832,2.736246561,13.90405592,3.288271112,0.634199033,82.74497513,2331.234771,7.143785381,0.118779757
2019,3,75,332,237,95,48,19,29,,70,97,117,770.44,395.24,375.2,50.40970849,170.5524835,220.962192,193.611572,248.389856,107.322292,1,hefei,1,0,57.93194514,9.790530328,15.89939771,9.476765893,2.377131791,13.15879932,11.53131913,4.893762926,63.73258427,2545.019559,7.143785381,0.118779757
2019,4,76,339,246,93,49,14,35,,94,103,93,770.44,395.24,375.2,50.40970849,170.5524835,220.962192,193.611572,248.389856,107.322292,1,hefei,1,0,45.16642935,8.948724207,12.13951903,7.530085962,1.657413723,9.521361317,16.5775609,11.35854769,71.28454954,3368.336934,7.143785381,0.118779757
2019,5,77,338,228,110,49,13,36,,80,107,102,770.44,395.24,375.2,50.40970849,170.5524835,220.962192,193.611572,248.389856,107.322292,1,hefei,1,0,30.07026145,5.427554428,6.576982715,4.01744284,1.413462552,7.722921568,21.27711748,13.34439262,60.56624817,3513.683346,7.143785381,0.118779757
2019,6,78,310,227,83,44,11,33,,75,98,93,770.44,395.24,375.2,50.40970849,170.5524835,220.962192,193.611572,248.389856,107.322292,1,hefei,1,0,35.63869392,6.793921078,8.990013398,5.671734721,1.409604095,8.029821412,25.21235703,19.70844096,71.56964687,3972.866646,7.143785381,0.118779757
2019,7,79,305,207,98,32,13,19,,84,91,98,770.44,395.24,375.2,50.40970849,170.5524835,220.962192,193.611572,248.389856,107.322292,1,hefei,1,0,25.31873086,4.611297541,5.735388474,3.431445143,1.158000356,6.26481536,28.2190751,23.23497084,74.40976897,4640.314382,7.143785381,0.118779757
2019,8,80,297,204,93,39,12,27,,92,88,78,770.44,395.24,375.2,50.40970849,170.5524835,220.962192,193.611572,248.389856,107.322292,1,hefei,1,0,26.17957401,4.837370206,6.186264554,3.816377592,1.084658167,5.975333441,28.13816752,22.20712546,70.24299604,4660.095364,7.143785381,0.118779757
2019,9,81,308,208,100,51,20,31,,69,92,96,770.44,395.24,375.2,50.40970849,170.5524835,220.962192,193.611572,248.389856,107.322292,1,hefei,1,0,33.03133831,6.661428839,7.989275801,5.056862627,1.334374971,7.185915962,23.92780749,17.01297977,65.26946684,4366.62171,7.143785381,0.118779757
2019,10,82,263,191,72,28,13,15,,66,89,80,770.44,395.24,375.2,50.40970849,170.5524835,220.962192,193.611572,248.389856,107.322292,1,hefei,1,0,39.69852656,6.877485943,9.490728985,5.686451248,1.664135055,9.141398379,17.7196844,11.62250799,67.48224572,3361.771873,7.143785381,0.118779757
2019,11,83,213,137,76,28,9,19,,53,61,71,770.44,395.24,375.2,50.40970849,170.5524835,220.962192,193.611572,248.389856,107.322292,1,hefei,1,0,45.54902078,7.325180862,10.88112747,6.658593959,1.904198213,10.69429957,12.17028755,5.039236726,61.72558502,2536.816598,7.143785381,0.118779757
2019,12,84,266,190,76,33,11,22,,83,78,72,770.44,395.24,375.2,50.40970849,170.5524835,220.962192,193.611572,248.389856,107.322292,1,hefei,1,0,60.27731477,10.78804782,16.44098272,9.926201719,2.591823919,12.7136715,5.935426379,1.313387647,72.22123894,2228.060196,7.143785381,0.118779757
2013,1,1,226,184,42,20,4,16,,46,83,77,384.54,198.61,185.93,23.86993272,96.26114878,120.1310815,110.1718103,107.1567752,47.08033298,,wuhu,2,0,141.1958145,22.12524612,38.54032456,23.35367287,5.681740546,29.87052068,19.99279631,15.40749639,74.90647573,1996.09043,16.61858641,0.578792931
2013,2,2,196,152,44,9,3,6,,43,72,72,384.54,198.61,185.93,23.86993272,96.26114878,120.1310815,110.1718103,107.1567752,47.08033298,,wuhu,2,1,105.8423802,19.66412106,27.1434711,16.65424612,3.931538508,21.12918042,22.78812071,19.34513048,80.94117831,2364.75086,16.61858641,0.578792931
2013,3,3,205,142,63,26,15,11,,33,72,74,384.54,198.61,185.93,23.86993272,96.26114878,120.1310815,110.1718103,107.1567752,47.08033298,,wuhu,2,0,75.74140422,14.74992734,18.00942503,12.74646743,2.994757552,15.36700584,28.93306316,22.25389508,67.26500626,2738.113814,16.61858641,0.578792931
2013,4,4,212,161,51,32,12,20,,40,63,77,384.54,198.61,185.93,23.86993272,96.26114878,120.1310815,110.1718103,107.1567752,47.08033298,,wuhu,2,0,60.67636092,12.71463483,13.61864501,9.83918876,2.318117414,12.39590442,34.03801183,25.20202421,60.09446658,3347.866675,16.61858641,0.578792931
2013,5,5,178,144,34,18,3,15,,38,62,60,384.54,198.61,185.93,23.86993272,96.26114878,120.1310815,110.1718103,107.1567752,47.08033298,,wuhu,2,0,53.47063457,11.90653863,11.57297933,8.806088254,2.090368209,10.31277644,39.99162004,34.94359582,75.96964305,3605.173593,16.61858641,0.578792931
2013,6,6,154,115,39,23,12,11,,36,42,53,384.54,198.61,185.93,23.86993272,96.26114878,120.1310815,110.1718103,107.1567752,47.08033298,,wuhu,2,0,42.34506933,9.876548443,8.76003067,6.748954948,1.774428051,8.39737729,42.94163257,38.83976858,80.41538574,3919.453575,16.61858641,0.578792931
2013,7,7,156,111,45,24,7,17,,28,55,49,384.54,198.61,185.93,23.86993272,96.26114878,120.1310815,110.1718103,107.1567752,47.08033298,,wuhu,2,0,29.70789877,5.452898451,3.339546531,2.268733426,1.633681896,8.011031026,48.67216064,42.25572925,71.87397584,4427.497518,16.61858641,0.578792931
2013,8,8,122,91,31,13,2,11,,28,39,42,384.54,198.61,185.93,23.86993272,96.26114878,120.1310815,110.1718103,107.1567752,47.08033298,,wuhu,2,0,36.61848834,7.071820057,5.429852076,3.702501815,1.881873013,9.206260588,48.82849984,41.9725558,70.25496544,4553.954658,16.61858641,0.578792931
2013,9,9,174,130,44,31,12,19,,37,59,47,384.54,198.61,185.93,23.86993272,96.26114878,120.1310815,110.1718103,107.1567752,47.08033298,,wuhu,2,0,42.22749025,9.242195868,8.307543217,5.974360889,1.965040158,8.737356447,41.32329246,36.74294204,78.14453369,4541.23605,16.61858641,0.578792931
2013,10,10,152,123,29,14,4,10,,42,58,38,384.54,198.61,185.93,23.86993272,96.26114878,120.1310815,110.1718103,107.1567752,47.08033298,,wuhu,2,0,64.55107633,13.19547408,13.67820502,8.948161774,2.680036972,12.83689825,35.73693938,30.35684859,73.90607337,3832.993411,16.61858641,0.578792931
2013,11,11,179,127,52,22,5,17,,44,62,51,384.54,198.61,185.93,23.86993272,96.26114878,120.1310815,110.1718103,107.1567752,47.08033298,,wuhu,2,0,94.870851,16.45822051,22.25363646,13.52483595,3.585528151,20.6560003,29.07842833,23.24604587,70.83736769,2847.120683,16.61858641,0.578792931
2013,12,12,207,160,47,20,4,16,,45,73,69,384.54,198.61,185.93,23.86993272,96.26114878,120.1310815,110.1718103,107.1567752,47.08033298,,wuhu,2,0,114.7526497,17.33398786,30.96894534,18.59885697,4.571443433,23.89597172,21.29482076,14.95882572,67.16826271,2329.433072,16.61858641,0.578792931
2014,1,13,178,127,51,15,5,10,,36,71,56,384.51,198.61,185.9,24.7781969,99.9239389,124.7021358,111.7374736,103.0278889,45.04307483,,wuhu,2,1,115.8263366,17.77520459,28.72625964,17.89248378,5.020217346,27.81711684,22.5985884,16.41450275,68.08911947,2002.468736,16.61858641,0.578792931
2014,2,14,149,117,32,20,8,12,,27,49,53,384.51,198.61,185.9,24.7781969,99.9239389,124.7021358,111.7374736,103.0278889,45.04307483,,wuhu,2,0,68.04437234,11.35813254,18.17598845,11.28710991,2.740675098,14.33677966,21.49655953,18.31586182,82.11365741,2349.097151,16.61858641,0.578792931
2014,3,15,169,123,46,24,14,10,,34,56,55,384.51,198.61,185.9,24.7781969,99.9239389,124.7021358,111.7374736,103.0278889,45.04307483,,wuhu,2,0,65.16689416,12.33254748,16.29236125,10.75855629,2.542513064,13.72911622,29.60357544,23.50781909,69.81609065,2908.550572,16.61858641,0.578792931
2014,4,16,168,120,48,25,14,11,,38,56,49,384.51,198.61,185.9,24.7781969,99.9239389,124.7021358,111.7374736,103.0278889,45.04307483,,wuhu,2,0,53.93886426,12.17561041,12.60836315,8.93020383,1.86925047,10.06368659,34.12266647,29.51077527,76.98809991,3706.673664,16.61858641,0.578792931
2014,5,17,151,110,41,16,4,12,,28,58,49,384.51,198.61,185.9,24.7781969,99.9239389,124.7021358,111.7374736,103.0278889,45.04307483,,wuhu,2,0,55.21958874,11.06186589,11.55491256,8.378690136,2.093080697,11.50756963,40.37539147,33.91102851,70.27304957,3683.791795,16.61858641,0.578792931
2014,6,18,171,126,45,17,6,11,,43,48,63,384.51,198.61,185.9,24.7781969,99.9239389,124.7021358,111.7374736,103.0278889,45.04307483,,wuhu,2,0,64.12095418,14.89709978,14.25785786,11.15751015,2.540535774,12.57155602,42.94576165,38.46751875,78.79852563,3676.043753,16.61858641,0.578792931
2014,7,19,192,150,42,23,5,18,,39,63,67,384.51,198.61,185.9,24.7781969,99.9239389,124.7021358,111.7374736,103.0278889,45.04307483,,wuhu,2,0,46.52397022,9.894957862,9.981311633,7.185509419,1.943463603,9.711023396,45.48064981,42.03518831,83.57385421,4536.045865,16.61858641,0.578792931
2014,8,20,160,115,45,20,5,15,,36,52,52,384.51,198.61,185.9,24.7781969,99.9239389,124.7021358,111.7374736,103.0278889,45.04307483,,wuhu,2,0,38.44354541,8.805223037,8.15295988,5.798077543,1.482695137,7.897533108,43.62333911,40.84673263,86.40265936,4911.572202,16.61858641,0.578792931
2014,9,21,199,133,66,30,4,26,,41,57,71,384.51,198.61,185.9,24.7781969,99.9239389,124.7021358,111.7374736,103.0278889,45.04307483,,wuhu,2,0,42.93604394,9.875295808,9.162213088,7.012957545,1.850357825,8.291293118,41.30661782,38.11289488,84.27162166,4562.373672,16.61858641,0.578792931
2014,10,22,193,144,49,20,5,15,,41,69,63,384.51,198.61,185.9,24.7781969,99.9239389,124.7021358,111.7374736,103.0278889,45.04307483,,wuhu,2,0,52.3590397,10.28378069,11.53925716,7.500081693,2.119361387,10.83698218,36.55334999,31.32575504,74.68341933,3790.20092,16.61858641,0.578792931
2014,11,23,180,148,32,11,2,9,,33,81,55,384.51,198.61,185.9,24.7781969,99.9239389,124.7021358,111.7374736,103.0278889,45.04307483,,wuhu,2,0,67.38906874,12.11316916,17.61552543,10.67327601,2.468089825,13.55255342,29.433476,25.23857144,78.20623041,3123.267435,16.61858641,0.578792931
2014,12,24,142,105,37,15,7,8,,33,56,38,384.51,198.61,185.9,24.7781969,99.9239389,124.7021358,111.7374736,103.0278889,45.04307483,,wuhu,2,0,66.03140586,9.919046778,17.62586437,10.44640331,2.629689637,13.39554014,21.51872463,13.83293712,61.60318996,2423.070552,16.61858641,0.578792931
2015,1,25,154,112,42,21,4,17,,28,64,41,384.79,198.85,185.94,23.81648337,96.04560163,119.862085,112.628033,107.202494,45.135867,,wuhu,2,0,88.96942078,13.91479726,22.50072668,13.94831218,3.681829198,20.64530424,21.98631953,16.61308074,71.57154595,1949.273245,16.61858641,0.578792931
2015,2,26,195,145,50,16,6,10,,40,77,62,384.79,198.85,185.94,23.81648337,96.04560163,119.862085,112.628033,107.202494,45.135867,,wuhu,2,1,78.9191865,12.60258784,21.3773936,13.01567266,3.264305824,17.9889748,23.40728346,18.46467827,73.79649435,2289.470046,16.61858641,0.578792931
2015,3,27,169,115,54,21,9,12,,34,65,49,384.79,198.85,185.94,23.81648337,96.04560163,119.862085,112.628033,107.202494,45.135867,,wuhu,2,0,48.9299279,9.251424384,13.10261862,8.261382366,1.78189649,9.741477165,28.43645183,23.55386128,74.90236509,2746.701518,16.61858641,0.578792931
2015,4,28,153,114,39,17,6,11,,39,47,50,384.79,198.85,185.94,23.81648337,96.04560163,119.862085,112.628033,107.202494,45.135867,,wuhu,2,0,50.3477294,10.45675104,12.18362271,8.17223799,1.818287075,10.36400257,33.80626326,27.73568729,70.68849627,3581.240288,16.61858641,0.578792931
2015,5,29,191,148,43,32,7,25,,35,71,53,384.79,198.85,185.94,23.81648337,96.04560163,119.862085,112.628033,107.202494,45.135867,,wuhu,2,0,51.98347938,11.46793624,12.07467706,8.899016517,1.819113888,9.947599824,39.70392293,34.81993989,76.62136249,3785.158355,16.61858641,0.578792931
2015,6,30,174,133,41,24,4,20,,43,63,44,384.79,198.85,185.94,23.81648337,96.04560163,119.862085,112.628033,107.202494,45.135867,,wuhu,2,0,35.79989946,7.787698182,7.607089599,5.550720825,1.39416532,7.508736302,42.45510829,38.79350293,82.28891395,3932.772186,16.61858641,0.578792931
2015,7,31,164,122,42,18,4,14,,32,60,54,384.79,198.85,185.94,23.81648337,96.04560163,119.862085,112.628033,107.202494,45.135867,,wuhu,2,0,31.12604778,6.79057227,6.268419445,4.524707519,1.293924102,6.546506412,44.52607205,40.89398416,82.65047011,4751.240689,16.61858641,0.578792931
2015,8,32,184,139,45,16,6,10,,24,74,70,384.79,198.85,185.94,23.81648337,96.04560163,119.862085,112.628033,107.202494,45.135867,,wuhu,2,0,35.9784196,7.188380812,7.948633017,5.156786175,1.428746374,7.547955876,45.33500212,40.99210186,79.6822524,4905.032197,16.61858641,0.578792931
2015,9,33,144,119,25,11,4,7,,21,50,62,384.79,198.85,185.94,23.81648337,96.04560163,119.862085,112.628033,107.202494,45.135867,,wuhu,2,0,44.07970508,9.197104955,10.20493181,6.72881055,1.667165366,8.357926198,41.60776511,36.55375268,76.18356314,4773.806068,16.61858641,0.578792931
2015,10,34,170,129,41,14,2,12,,23,62,71,384.79,198.85,185.94,23.81648337,96.04560163,119.862085,112.628033,107.202494,45.135867,,wuhu,2,0,59.23238839,10.65472516,13.93979739,8.803518294,2.288184264,12.41434515,36.04448331,30.83421807,74.67700314,3800.853472,16.61858641,0.578792931
2015,11,35,143,113,30,12,0,12,,33,48,50,384.79,198.85,185.94,23.81648337,96.04560163,119.862085,112.628033,107.202494,45.135867,,wuhu,2,0,48.6478572,10.49858358,11.44383057,7.570974812,1.730940053,9.630485884,28.77855845,26.01425089,85.05175549,3299.855009,16.61858641,0.578792931
2015,12,36,167,132,35,22,3,19,,41,67,37,384.79,198.85,185.94,23.81648337,96.04560163,119.862085,112.628033,107.202494,45.135867,,wuhu,2,0,86.92218445,15.6315494,23.56479088,14.39603598,3.178793073,17.32808366,23.18370361,18.87080844,76.7238826,2646.824267,16.61858641,0.578792931
2016,1,37,174,129,45,15,5,10,,40,65,54,387.58,200.16,187.42,22.99571777,92.73567023,115.731388,112.049378,113.17336,46.5096,,wuhu,2,0,84.67720156,13.93574435,22.35353737,14.03030634,3.399110911,18.15621238,20.21041924,16.15533363,77.52482219,1778.810795,16.61858641,0.578792931
2016,2,38,168,119,49,7,2,5,,33,62,66,387.58,200.16,187.42,22.99571777,92.73567023,115.731388,112.049378,113.17336,46.5096,,wuhu,2,1,73.98326816,11.15435506,17.65674942,11.04651683,3.382035388,18.38097713,24.11518553,16.58199783,62.79819975,2242.403024,16.61858641,0.578792931
2016,3,39,187,123,64,29,8,21,,43,67,48,387.58,200.16,187.42,22.99571777,92.73567023,115.731388,112.049378,113.17336,46.5096,,wuhu,2,0,63.32023681,10.59921225,16.75612574,10.46807169,2.42079368,14.06134119,29.01155545,22.39687954,67.5449767,2763.008096,16.61858641,0.578792931
2016,4,40,189,155,34,18,4,14,,33,69,69,387.58,200.16,187.42,22.99571777,92.73567023,115.731388,112.049378,113.17336,46.5096,,wuhu,2,0,43.83790689,9.433705709,10.39854831,7.134953868,1.531330859,8.259987921,35.26573903,31.01393569,78.75777842,3727.089427,16.61858641,0.578792931
2016,5,41,167,107,60,20,3,17,,36,67,44,387.58,200.16,187.42,22.99571777,92.73567023,115.731388,112.049378,113.17336,46.5096,,wuhu,2,0,40.34428959,8.803140121,9.006237418,6.285678777,1.482734424,7.870479219,38.21935107,33.77299842,78.29908311,3593.763599,16.61858641,0.578792931
2016,6,42,131,109,22,15,5,10,,28,50,38,387.58,200.16,187.42,22.99571777,92.73567023,115.731388,112.049378,113.17336,46.5096,,wuhu,2,0,34.92019271,7.783289244,7.307256395,5.223706152,1.374021627,7.192232693,42.41110553,39.12503424,83.96561824,3523.535443,16.61858641,0.578792931
2016,7,43,123,92,31,11,2,9,,36,43,33,387.58,200.16,187.42,22.99571777,92.73567023,115.731388,112.049378,113.17336,46.5096,,wuhu,2,0,25.6133397,5.059356315,4.114887477,2.895113083,1.371246258,6.145609095,47.29828128,43.09938797,80.53317819,4306.22172,16.61858641,0.578792931
2016,8,44,140,108,32,20,9,11,,40,44,36,387.58,200.16,187.42,22.99571777,92.73567023,115.731388,112.049378,113.17336,46.5096,,wuhu,2,0,31.7275318,6.042032275,6.985448926,4.474242428,1.245051463,6.504875438,48.06141392,41.1838961,70.04245544,4455.414499,16.61858641,0.578792931
2016,9,45,131,92,39,15,7,8,,28,45,43,387.58,200.16,187.42,22.99571777,92.73567023,115.731388,112.049378,113.17336,46.5096,,wuhu,2,0,35.5851838,7.256060698,8.323237828,5.799399478,1.355607749,6.838532801,41.91294837,36.45457309,74.55909478,4586.854212,16.61858641,0.578792931
2016,10,46,158,114,44,26,3,23,,32,53,47,387.58,200.16,187.42,22.99571777,92.73567023,115.731388,112.049378,113.17336,46.5096,,wuhu,2,0,37.58013253,8.306322924,7.650896713,5.417826271,1.449297859,7.16317254,35.81364583,33.29610897,86.94028664,3773.454438,16.61858641,0.578792931
2016,11,47,156,112,44,13,3,10,,34,62,47,387.58,200.16,187.42,22.99571777,92.73567023,115.731388,112.049378,113.17336,46.5096,,wuhu,2,0,60.69876572,12.29511193,14.79774779,9.353977336,2.126654765,11.8650303,28.66505211,25.54989798,83.28916535,3137.899838,16.61858641,0.578792931
2016,12,48,152,104,48,20,5,15,,40,48,44,387.58,200.16,187.42,22.99571777,92.73567023,115.731388,112.049378,113.17336,46.5096,,wuhu,2,0,75.57730598,13.05635503,19.92862545,12.25985948,2.878086267,14.89074352,24.31749971,20.26880613,78.16435146,2408.153316,16.61858641,0.578792931
2017,1,49,188,136,52,22,4,18,,36,60,70,387.65,199.94,187.71,23.06149153,93.00091847,116.06241,106.642515,117.031535,47.99107,,wuhu,2,1,68.37944802,11.23845381,19.04362944,11.36148272,2.63012705,13.57798485,16.64655132,12.19812483,75.01462762,2318.277042,16.61858641,0.578792931
2017,2,50,192,145,47,12,2,10,,42,71,67,387.65,199.94,187.71,23.06149153,93.00091847,116.06241,106.642515,117.031535,47.99107,,wuhu,2,0,67.69343501,11.58428512,17.99721451,11.42969449,2.875395831,15.07692837,17.87515338,11.87098583,67.92962695,2530.185499,16.61858641,0.578792931
2017,3,51,180,124,56,26,10,16,,36,56,62,387.65,199.94,187.71,23.06149153,93.00091847,116.06241,106.642515,117.031535,47.99107,,wuhu,2,0,48.35990766,8.577267691,12.47022233,7.669847377,1.810254694,10.22152775,21.89441041,15.86714574,68.63306475,2918.785248,16.61858641,0.578792931
2017,4,52,160,115,45,21,5,16,,32,61,46,387.65,199.94,187.71,23.06149153,93.00091847,116.06241,106.642515,117.031535,47.99107,,wuhu,2,0,45.97625814,9.042189607,10.86025066,7.206665428,1.63565602,9.395424896,29.47479606,23.10765861,68.65722975,3468.29409,16.61858641,0.578792931
2017,5,53,192,138,54,14,2,12,,38,84,56,387.65,199.94,187.71,23.06149153,93.00091847,116.06241,106.642515,117.031535,47.99107,,wuhu,2,0,38.85238983,7.491867058,9.071783492,6.193237506,1.429408189,7.8486732,34.49551915,28.46824854,70.9900498,3544.433034,16.61858641,0.578792931
2017,6,54,171,124,47,18,3,15,,45,54,54,387.65,199.94,187.71,23.06149153,93.00091847,116.06241,106.642515,117.031535,47.99107,,wuhu,2,0,26.85744703,5.228922186,6.266107489,4.205543446,1.040893174,5.414993515,36.37929358,32.1695511,79.09663737,4186.591783,16.61858641,0.578792931
2017,7,55,142,103,39,15,2,13,,41,44,42,387.65,199.94,187.71,23.06149153,93.00091847,116.06241,106.642515,117.031535,47.99107,,wuhu,2,0,22.21924354,3.642038947,3.087961049,2.050152805,1.133916817,5.91608155,42.36806666,37.00265473,75.00960059,4811.306733,16.61858641,0.578792931
2017,8,56,128,90,38,9,3,6,,27,51,41,387.65,199.94,187.71,23.06149153,93.00091847,116.06241,106.642515,117.031535,47.99107,,wuhu,2,0,21.83523327,3.828585152,4.053324399,2.545445502,0.990134415,5.024039124,39.91724351,36.62425,83.67296255,5183.474539,16.61858641,0.578792931
2017,9,57,140,102,38,11,2,9,,29,43,57,387.65,199.94,187.71,23.06149153,93.00091847,116.06241,106.642515,117.031535,47.99107,,wuhu,2,0,29.39509752,5.956135144,6.724072363,4.393918162,1.099035499,5.816089331,34.77797543,32.0821947,85.97793619,5113.35957,16.61858641,0.578792931
2017,10,58,130,88,42,13,5,8,,20,50,47,387.65,199.94,187.71,23.06149153,93.00091847,116.06241,106.642515,117.031535,47.99107,,wuhu,2,0,42.9370933,7.962857532,10.2388995,6.30142803,1.675499682,8.764919721,28.26896033,24.81938446,81.60088685,4111.724956,16.61858641,0.578792931
2017,11,59,228,164,64,17,5,12,,43,80,88,387.65,199.94,187.71,23.06149153,93.00091847,116.06241,106.642515,117.031535,47.99107,,wuhu,2,0,58.79770219,10.01077664,15.23579437,9.125757659,2.26009631,12.42282383,23.40272821,17.99061871,71.65316477,3142.985252,16.61858641,0.578792931
2017,12,60,129,103,26,13,4,9,,27,44,45,387.65,199.94,187.71,23.06149153,93.00091847,116.06241,106.642515,117.031535,47.99107,,wuhu,2,0,73.78038507,11.90585058,20.72327575,12.1929742,2.93006427,14.72855958,16.65385814,10.46764128,66.8638032,2477.337001,16.61858641,0.578792931
2018,1,61,162,125,37,15,7,8,,28,61,58,388.85,200.43,188.42,22.67702177,91.45045323,114.127475,102.96748,121.360085,50.433845,,wuhu,2,0,82.29293862,14.46389333,21.79378973,13.69264593,3.442210188,18.32195031,13.00776472,9.628223912,79.95026647,2257.283231,16.61858641,0.578792931
2018,2,62,166,116,50,11,1,10,,27,65,63,388.85,200.43,188.42,22.67702177,91.45045323,114.127475,102.96748,121.360085,50.433845,,wuhu,2,1,67.08584097,10.89477176,17.89687119,11.06477217,3.009689364,14.841973,15.69896992,10.36052004,70.55476925,2428.108318,16.61858641,0.578792931
2018,3,63,176,125,51,19,6,13,,41,59,57,388.85,200.43,188.42,22.67702177,91.45045323,114.127475,102.96748,121.360085,50.433845,,wuhu,2,0,46.39279163,8.29855992,11.63634469,7.297323439,1.884402996,10.29875284,24.17663566,19.2286975,73.90221093,2862.70416,16.61858641,0.578792931
2018,4,64,200,158,42,20,5,15,,40,78,62,388.85,200.43,188.42,22.67702177,91.45045323,114.127475,102.96748,121.360085,50.433845,,wuhu,2,0,42.65774411,7.596651928,10.14945923,6.501561211,1.623740522,9.332782509,29.74724269,23.74019718,70.2168406,3625.367922,16.61858641,0.578792931
2018,5,65,172,129,43,13,2,11,,36,69,54,388.85,200.43,188.42,22.67702177,91.45045323,114.127475,102.96748,121.360085,50.433845,,wuhu,2,0,38.41869805,7.255641552,8.848919215,5.6664495,1.466054408,8.036248178,34.55499634,30.19296089,78.16491391,3965.114179,16.61858641,0.578792931
2018,6,66,153,107,46,18,3,15,,31,49,55,388.85,200.43,188.42,22.67702177,91.45045323,114.127475,102.96748,121.360085,50.433845,,wuhu,2,0,36.01568614,6.990680743,8.020582792,5.29892556,1.418884342,7.951062799,37.75094254,32.60818085,75.23002503,4127.490107,16.61858641,0.578792931
2018,7,67,159,116,43,15,2,13,,34,54,56,388.85,200.43,188.42,22.67702177,91.45045323,114.127475,102.96748,121.360085,50.433845,,wuhu,2,0,23.54693569,3.856017015,3.221061715,1.934023552,1.229497996,6.465373052,41.64585112,37.03302792,78.05003455,4905.703529,16.61858641,0.578792931
2018,8,68,207,141,66,23,3,20,,38,72,74,388.85,200.43,188.42,22.67702177,91.45045323,114.127475,102.96748,121.360085,50.433845,,wuhu,2,0,26.776548,4.481721091,5.110460533,3.117967005,1.216881701,6.246229891,40.79239417,36.65212904,79.97908927,5241.210485,16.61858641,0.578792931
2018,9,69,167,118,49,25,9,16,,23,66,53,388.85,200.43,188.42,22.67702177,91.45045323,114.127475,102.96748,121.360085,50.433845,,wuhu,2,0,37.94321596,6.527873611,9.08695037,5.390975099,1.440613922,8.021307018,36.13373847,31.66440819,77.90834557,4989.248648,16.61858641,0.578792931
2018,10,70,206,153,53,23,3,20,,51,71,61,388.85,200.43,188.42,22.67702177,91.45045323,114.127475,102.96748,121.360085,50.433845,,wuhu,2,0,45.41146023,7.957372188,10.65986534,6.597907418,1.660887446,9.361778802,28.9246784,22.1085316,66.70458061,3951.228576,16.61858641,0.578792931
2018,11,71,194,150,44,21,4,17,,35,69,69,388.85,200.43,188.42,22.67702177,91.45045323,114.127475,102.96748,121.360085,50.433845,,wuhu,2,0,54.66939078,10.3552454,14.29437542,8.888695231,2.025892285,11.47043661,23.63905323,20.43933446,82.27797429,3109.062268,16.61858641,0.578792931
2018,12,72,143,103,40,19,2,17,,25,41,58,388.85,200.43,188.42,22.67702177,91.45045323,114.127475,102.96748,121.360085,50.433845,,wuhu,2,0,60.9973669,11.95949998,15.87159823,9.965924144,2.396485336,12.66513597,16.54468769,13.20614916,80.65460732,2621.865058,16.61858641,0.578792931
2019,1,73,175,125,50,20,4,16,,32,54,69,389.84,200.87,188.97,22.21576912,89.59034288,111.806112,97.966792,125.684416,54.304712,,wuhu,2,0,86.25350534,14.66366557,23.06107226,14.40401619,3.67309721,19.12821396,14.93415999,11.23164836,78.52250642,2300.669462,16.61858641,0.578792931
2019,2,74,184,138,46,12,3,9,,40,71,61,389.84,200.87,188.97,22.21576912,89.59034288,111.806112,97.966792,125.684416,54.304712,,wuhu,2,1,61.61716724,11.30449808,16.74503686,10.4881224,2.472973194,12.52866285,15.2121904,12.90097561,86.08945237,2521.368366,16.61858641,0.578792931
2019,3,75,221,168,53,18,7,11,,45,88,70,389.84,200.87,188.97,22.21576912,89.59034288,111.806112,97.966792,125.684416,54.304712,,wuhu,2,0,53.57791133,8.906679388,14.67290111,8.824959804,2.063283909,11.24489299,23.30477436,17.31172419,69.05881076,2801.726543,16.61858641,0.578792931
2019,4,76,175,131,44,15,5,10,,36,67,57,389.84,200.87,188.97,22.21576912,89.59034288,111.806112,97.966792,125.684416,54.304712,,wuhu,2,0,42.19561519,8.464864633,10.71714886,6.963639111,1.460671246,8.630279883,28.84984666,23.73195628,73.91540823,3499.407973,16.61858641,0.578792931
2019,5,77,174,122,52,13,1,12,,36,62,63,389.84,200.87,188.97,22.21576912,89.59034288,111.806112,97.966792,125.684416,54.304712,,wuhu,2,0,31.04255994,5.429951347,6.911035957,4.483377761,1.245283044,7.004878695,33.39076265,25.31946569,62.74662093,3719.916737,16.61858641,0.578792931
2019,6,78,137,103,34,16,3,13,,24,42,55,389.84,200.87,188.97,22.21576912,89.59034288,111.806112,97.966792,125.684416,54.304712,,wuhu,2,0,31.26840324,6.003317867,7.337494927,4.993089279,1.207789254,6.747951119,36.9790729,31.87620062,75.28083392,4101.909659,16.61858641,0.578792931
2019,7,79,161,115,46,11,2,9,,31,62,57,389.84,200.87,188.97,22.21576912,89.59034288,111.806112,97.966792,125.684416,54.304712,,wuhu,2,0,20.45116765,3.768621205,4.015323135,2.554280614,0.852956448,4.711575376,39.94075872,35.85302961,80.10211925,4972.480424,16.61858641,0.578792931
2019,8,80,118,86,32,4,1,3,,22,46,46,389.84,200.87,188.97,22.21576912,89.59034288,111.806112,97.966792,125.684416,54.304712,,wuhu,2,0,29.39300064,5.392498723,6.58220308,4.204133714,1.153692854,6.404608285,40.04588755,35.39889613,77.68249342,5132.861954,16.61858641,0.578792931
2019,9,81,132,102,30,12,3,9,,18,41,61,389.84,200.87,188.97,22.21576912,89.59034288,111.806112,97.966792,125.684416,54.304712,,wuhu,2,0,38.87676632,7.387003785,9.71285489,6.18063694,1.405354164,7.755706387,35.55006611,30.35217153,74.6517489,4993.773482,16.61858641,0.578792931
2019,10,82,163,128,35,9,3,6,,30,57,67,389.84,200.87,188.97,22.21576912,89.59034288,111.806112,97.966792,125.684416,54.304712,,wuhu,2,0,41.6300157,7.200202636,9.708031846,6.004026678,1.587683578,8.966872007,29.89513207,24.3580394,72.25340295,3878.57305,16.61858641,0.578792931
2019,11,83,121,90,31,11,7,4,,20,43,47,389.84,200.87,188.97,22.21576912,89.59034288,111.806112,97.966792,125.684416,54.304712,,wuhu,2,0,44.87181241,6.864062958,10.54625237,6.35323719,1.804113813,9.827572585,24.102564,17.63654833,67.18371047,2794.308711,16.61858641,0.578792931
2019,12,84,140,104,36,7,2,5,,27,50,56,389.84,200.87,188.97,22.21576912,89.59034288,111.806112,97.966792,125.684416,54.304712,,wuhu,2,0,56.34369757,10.21013654,14.7298296,9.230179723,2.213669459,11.34262434,17.87725166,13.60573883,76.09065723,2487.036912,16.61858641,0.578792931
2013,1,1,142,100,42,14,4,10,,31,55,42,366.6,190.18,176.42,30.91715242,83.60943648,114.5265889,105.0319489,102.1575748,44.88388743,,bengbu,3,0,194.8227798,32.29682209,51.72939188,33.16876445,8.600593857,44.3824096,-7.685918878,-12.02634412,71.03741202,1711.178268,0.291530112,1.198385367
2013,2,2,193,140,53,32,5,27,,42,58,61,366.6,190.18,176.42,30.91715242,83.60943648,114.5265889,105.0319489,102.1575748,44.88388743,,bengbu,3,1,131.5374187,24.02580914,37.62270742,23.29364593,4.959286788,26.60022157,-4.433568149,-8.684718453,72.2054957,2338.090498,0.291530112,1.198385367
2013,3,3,205,147,58,36,8,28,,44,60,65,366.6,190.18,176.42,30.91715242,83.60943648,114.5265889,105.0319489,102.1575748,44.88388743,,bengbu,3,0,86.15400596,16.0624491,22.88712884,14.59025526,3.370578081,18.29786342,1.22648312,-6.21594871,57.63143073,3583.790107,0.291530112,1.198385367
2013,4,4,194,139,55,22,7,15,,44,45,83,366.6,190.18,176.42,30.91715242,83.60943648,114.5265889,105.0319489,102.1575748,44.88388743,,bengbu,3,0,66.08915701,13.67702752,15.9964969,10.96071665,2.447164103,14.69593801,6.231743907,-3.855546298,48.44560349,4138.423355,0.291530112,1.198385367
2013,5,5,176,122,54,28,11,17,,42,54,52,366.6,190.18,176.42,30.91715242,83.60943648,114.5265889,105.0319489,102.1575748,44.88388743,,bengbu,3,0,59.98684241,14.26891059,14.19012136,10.60851526,2.184411448,12.28354163,12.21323618,5.926467844,65.45795161,4228.325035,0.291530112,1.198385367
2013,6,6,194,135,59,32,13,19,,46,52,64,366.6,190.18,176.42,30.91715242,83.60943648,114.5265889,105.0319489,102.1575748,44.88388743,,bengbu,3,0,54.31376746,13.40599849,11.48488482,9.037023998,2.521295406,12.2384048,15.51880986,9.845122976,68.95628122,3198.25789,0.291530112,1.198385367
2013,7,7,170,115,55,37,12,25,,43,47,43,366.6,190.18,176.42,30.91715242,83.60943648,114.5265889,105.0319489,102.1575748,44.88388743,,bengbu,3,0,48.30943173,9.170704346,8.710688642,5.179976286,2.890927838,13.82475931,19.71093873,14.98721042,74.19620631,4564.286248,0.291530112,1.198385367
2013,8,8,140,96,44,25,9,16,,33,43,39,366.6,190.18,176.42,30.91715242,83.60943648,114.5265889,105.0319489,102.1575748,44.88388743,,bengbu,3,0,69.71433114,14.39519037,15.33234731,9.941521963,3.195892858,16.6121225,19.47911312,14.07169225,70.95147884,4990.638767,0.291530112,1.198385367
2013,9,9,148,92,56,27,7,20,,27,55,39,366.6,190.18,176.42,30.91715242,83.60943648,114.5265889,105.0319489,102.1575748,44.88388743,,bengbu,3,0,40.35535907,9.473815453,9.135624268,7.007835794,1.728649698,8.376911127,12.675602,8.554557641,76.0041643,4509.800557,0.291530112,1.198385367
2013,10,10,140,100,40,21,9,12,,30,37,52,366.6,190.18,176.42,30.91715242,83.60943648,114.5265889,105.0319489,102.1575748,44.88388743,,bengbu,3,0,67.60456207,14.18443839,17.30110714,11.2615766,2.481338068,13.25134576,7.361182466,1.465627975,66.20042934,3092.854975,0.291530112,1.198385367
2013,11,11,124,93,31,24,5,19,,24,32,44,366.6,190.18,176.42,30.91715242,83.60943648,114.5265889,105.0319489,102.1575748,44.88388743,,bengbu,3,0,94.67680959,16.08887947,24.82225878,14.84281754,3.685367599,21.17786372,0.540207303,-4.793193959,67.4570675,2523.063362,0.291530112,1.198385367
2013,12,12,119,90,29,22,7,15,,23,41,33,366.6,190.18,176.42,30.91715242,83.60943648,114.5265889,105.0319489,102.1575748,44.88388743,,bengbu,3,0,141.9993148,22.84108117,37.75954657,23.75318562,5.738184925,31.49495794,-6.3810644,-12.55383087,61.58503602,2516.945069,0.291530112,1.198385367
2014,1,13,193,153,40,33,10,23,,41,59,60,371.1,192.79,178.31,32.49004916,87.86303034,120.3530795,107.8405671,99.43473396,43.47217256,,bengbu,3,1,142.3674637,22.54283066,36.50047639,22.9630872,6.590949904,34.56645819,-4.691691422,-10.87663623,61.95381205,2438.182778,0.291530112,1.198385367
2014,2,14,161,130,31,22,7,15,,32,50,57,371.1,192.79,178.31,32.49004916,87.86303034,120.3530795,107.8405671,99.43473396,43.47217256,,bengbu,3,0,91.43830719,15.73295005,25.72602983,16.16074132,3.786415126,19.7824932,-5.901037611,-9.492229707,75.74799634,3001.905142,0.291530112,1.198385367
2014,3,15,209,151,58,33,13,20,,45,74,57,371.1,192.79,178.31,32.49004916,87.86303034,120.3530795,107.8405671,99.43473396,43.47217256,,bengbu,3,0,90.12047484,16.3152696,24.99205844,15.52227831,3.479089668,19.70493494,2.246470869,-4.183754983,62.49176756,3808.629287,0.291530112,1.198385367
2014,4,16,174,133,41,29,11,18,,42,51,52,371.1,192.79,178.31,32.49004916,87.86303034,120.3530795,107.8405671,99.43473396,43.47217256,,bengbu,3,0,62.37416879,14.59143344,15.5787015,10.91545918,2.245115137,12.25953079,6.463862944,1.698906993,71.5867041,4408.718789,0.291530112,1.198385367
2014,5,17,169,126,43,22,6,16,,40,61,46,371.1,192.79,178.31,32.49004916,87.86303034,120.3530795,107.8405671,99.43473396,43.47217256,,bengbu,3,0,60.47875678,12.09406568,13.7320659,9.545766362,2.327554601,13.08449157,12.68562299,4.870775047,58.97662607,4137.937133,0.291530112,1.198385367
2014,6,18,145,99,46,32,6,26,,32,43,38,371.1,192.79,178.31,32.49004916,87.86303034,120.3530795,107.8405671,99.43473396,43.47217256,,bengbu,3,0,56.54947399,13.78465666,12.63403534,10.25066562,2.473791094,11.85032703,15.15731503,10.11521066,71.86143071,3014.89736,0.291530112,1.198385367
2014,7,19,150,101,49,22,10,12,,38,49,41,371.1,192.79,178.31,32.49004916,87.86303034,120.3530795,107.8405671,99.43473396,43.47217256,,bengbu,3,0,55.39319269,12.80496416,13.04228402,9.361907039,2.240109715,11.73762251,17.17059335,13.50362057,79.03309526,5155.145038,0.291530112,1.198385367
2014,8,20,149,98,51,24,5,19,,34,48,43,371.1,192.79,178.31,32.49004916,87.86303034,120.3530795,107.8405671,99.43473396,43.47217256,,bengbu,3,0,35.56103377,8.625389281,8.341270614,5.961860576,1.406817707,7.29947431,14.91643106,12.21497448,83.88314096,5498.184909,0.291530112,1.198385367
2014,9,21,138,106,32,22,7,15,,25,43,48,371.1,192.79,178.31,32.49004916,87.86303034,120.3530795,107.8405671,99.43473396,43.47217256,,bengbu,3,0,37.85874148,9.496113411,8.537846298,6.52470261,1.54632173,7.82250602,12.12351889,9.466518938,83.80752372,4574.783883,0.291530112,1.198385367
2014,10,22,127,91,36,11,4,7,,30,39,47,371.1,192.79,178.31,32.49004916,87.86303034,120.3530795,107.8405671,99.43473396,43.47217256,,bengbu,3,0,59.12504841,11.94105435,15.31315289,9.929167859,2.170683097,11.69314611,8.13122871,3.447720264,72.32135487,3421.110647,0.291530112,1.198385367
2014,11,23,122,87,35,13,4,9,,32,42,35,371.1,192.79,178.31,32.49004916,87.86303034,120.3530795,107.8405671,99.43473396,43.47217256,,bengbu,3,0,73.72354108,14.04040996,20.36945212,12.55775458,2.787650903,14.99010784,0.970084724,-3.464663729,72.2558372,2764.987467,0.291530112,1.198385367
2014,12,24,133,91,42,19,8,11,,26,51,37,371.1,192.79,178.31,32.49004916,87.86303034,120.3530795,107.8405671,99.43473396,43.47217256,,bengbu,3,0,68.19635787,10.45424311,18.18823137,10.89677693,2.891073932,14.63341857,-6.201521362,-13.90916895,54.42180801,2755.509318,0.291530112,1.198385367
2015,1,25,134,100,34,20,8,12,,29,45,40,376.35,195.27,181.08,31.64777138,85.58525362,117.233025,110.157645,104.85111,44.145855,,bengbu,3,0,92.8023179,14.60116407,24.24548987,14.75707964,4.3997252,21.75192765,-5.475847855,-11.41282199,62.99153362,2461.144813,0.291530112,1.198385367
2015,2,26,151,118,33,17,7,10,,29,47,58,376.35,195.27,181.08,31.64777138,85.58525362,117.233025,110.157645,104.85111,44.145855,,bengbu,3,1,94.75950317,15.32720304,25.80751863,16.20302176,4.317549932,21.8543994,-3.903358229,-9.733120126,63.91642824,2824.104147,0.291530112,1.198385367
2015,3,27,223,159,64,39,14,25,,37,60,87,376.35,195.27,181.08,31.64777138,85.58525362,117.233025,110.157645,104.85111,44.145855,,bengbu,3,0,65.92997831,11.87942612,18.92322923,11.36794131,2.469555812,14.23834214,0.893240603,-4.35642402,67.96148516,3763.801128,0.291530112,1.198385367
2015,4,28,151,104,47,21,7,14,,34,47,49,376.35,195.27,181.08,31.64777138,85.58525362,117.233025,110.157645,104.85111,44.145855,,bengbu,3,0,60.679439,12.74237706,16.08832581,10.30399342,2.140830132,12.80542415,5.322869868,0.238270181,69.73458713,4445.313376,0.291530112,1.198385367
2015,5,29,159,102,57,21,9,12,,43,46,49,376.35,195.27,181.08,31.64777138,85.58525362,117.233025,110.157645,104.85111,44.145855,,bengbu,3,0,55.64223138,12.72878854,13.33684501,9.686729737,2.085683455,11.44933941,11.39830036,6.425136313,71.48949967,4492.704068,0.291530112,1.198385367
2015,6,30,145,109,36,18,5,13,,32,41,54,376.35,195.27,181.08,31.64777138,85.58525362,117.233025,110.157645,104.85111,44.145855,,bengbu,3,0,45.42366674,10.27309854,9.768483879,7.41995138,1.842766897,10.4005163,14.48338888,9.180492935,70.48840286,2928.237661,0.291530112,1.198385367
2015,7,31,188,135,53,29,6,23,,34,65,60,376.35,195.27,181.08,31.64777138,85.58525362,117.233025,110.157645,104.85111,44.145855,,bengbu,3,0,45.18531603,10.15802814,10.5999575,7.438200291,1.859325268,9.873127298,16.62857295,13.07066685,79.51947904,4297.955127,0.291530112,1.198385367
2015,8,32,140,111,29,15,4,11,,29,41,55,376.35,195.27,181.08,31.64777138,85.58525362,117.233025,110.157645,104.85111,44.145855,,bengbu,3,0,42.2874744,9.393896593,9.7180409,6.437506059,1.757960053,9.601215083,16.3904535,13.00703928,80.39781264,4819.426327,0.291530112,1.198385367
2015,9,33,119,93,26,23,12,11,,23,30,43,376.35,195.27,181.08,31.64777138,85.58525362,117.233025,110.157645,104.85111,44.145855,,bengbu,3,0,38.57652518,9.223039283,9.051872777,6.526070508,1.476836872,7.911394218,12.37275511,8.241799994,75.90324286,4548.977409,0.291530112,1.198385367
2015,10,34,148,109,39,21,8,13,,38,45,44,376.35,195.27,181.08,31.64777138,85.58525362,117.233025,110.157645,104.85111,44.145855,,bengbu,3,0,65.26378628,12.06810088,15.71907917,9.935624881,2.845165528,15.51897075,7.533033645,1.737507831,66.71392052,3230.623823,0.291530112,1.198385367
2015,11,35,89,63,26,13,5,8,,20,24,32,376.35,195.27,181.08,31.64777138,85.58525362,117.233025,110.157645,104.85111,44.145855,,bengbu,3,0,68.63191691,14.87313937,18.26870459,11.43014618,2.455653821,14.39594843,-0.109936509,-2.962464069,81.09818481,2542.098632,0.291530112,1.198385367
2015,12,36,131,101,30,19,6,13,,22,44,46,376.35,195.27,181.08,31.64777138,85.58525362,117.233025,110.157645,104.85111,44.145855,,bengbu,3,0,99.3275691,18.34051762,27.42871424,16.92720625,4.075230718,20.266324,-4.783143741,-9.674762873,68.60133568,2387.9479,0.291530112,1.198385367
2016,1,37,133,95,38,13,3,10,,26,44,50,379.52,196.8,182.72,30.59268761,82.73198439,113.324672,109.719232,110.81984,45.5424,,bengbu,3,0,103.9213942,16.85745328,27.37596306,17.20719419,4.928335644,25.29933293,-7.627706764,-12.74511823,66.74189695,2419.695749,0.291530112,1.198385367
2016,2,38,147,107,40,20,7,13,,42,43,42,379.52,196.8,182.72,30.59268761,82.73198439,113.324672,109.719232,110.81984,45.5424,,bengbu,3,1,91.1125034,13.66970538,22.2860115,13.70409687,4.827782408,24.13386392,-3.654214279,-11.02096791,56.65740766,2694.123195,0.291530112,1.198385367
2016,3,39,155,117,38,27,12,15,,24,60,44,379.52,196.8,182.72,30.59268761,82.73198439,113.324672,109.719232,110.81984,45.5424,,bengbu,3,0,72.31183734,12.37656003,20.28544797,12.61827642,2.894620586,16.7048492,1.735579459,-4.937819505,61.23315682,3647.399391,0.291530112,1.198385367
2016,4,40,149,112,37,11,3,8,,35,42,61,379.52,196.8,182.72,30.59268761,82.73198439,113.324672,109.719232,110.81984,45.5424,,bengbu,3,0,57.84908306,12.60976054,15.03661475,9.822499345,1.959091427,11.98306649,7.725336055,3.111809353,72.60316238,4502.662158,0.291530112,1.198385367
2016,5,41,148,103,45,25,7,18,,34,41,48,379.52,196.8,182.72,30.59268761,82.73198439,113.324672,109.719232,110.81984,45.5424,,bengbu,3,0,43.51315739,9.281010723,10.96568177,7.234007657,1.545586704,9.307797863,10.36014423,4.71408031,68.02911945,4567.464932,0.291530112,1.198385367
2016,6,42,147,102,45,19,3,16,,37,46,45,379.52,196.8,182.72,30.59268761,82.73198439,113.324672,109.719232,110.81984,45.5424,,bengbu,3,0,40.83336814,9.509579715,9.869532634,6.85491575,1.541617697,8.385591174,14.78051403,10.45138254,75.29592289,3082.281817,0.291530112,1.198385367
2016,7,43,123,90,33,24,9,15,,24,45,30,379.52,196.8,182.72,30.59268761,82.73198439,113.324672,109.719232,110.81984,45.5424,,bengbu,3,0,33.276883,6.803179781,6.969596906,4.494301759,1.70633973,8.342701726,18.07781892,14.67295213,80.51412137,4691.727469,0.291530112,1.198385367
2016,8,44,130,94,36,26,12,14,,22,45,37,379.52,196.8,182.72,30.59268761,82.73198439,113.324672,109.719232,110.81984,45.5424,,bengbu,3,0,31.53404891,6.965552951,7.148233132,4.920066856,1.341700946,6.8327161,17.89296694,13.69220035,76.44394568,4943.864091,0.291530112,1.198385367
2016,9,45,119,83,36,22,8,14,,24,37,36,379.52,196.8,182.72,30.59268761,82.73198439,113.324672,109.719232,110.81984,45.5424,,bengbu,3,0,39.65561283,8.682327613,9.637564683,6.692504223,1.54070876,8.187751405,13.63027223,7.998490171,68.77011853,4544.469543,0.291530112,1.198385367
2016,10,46,118,90,28,21,3,18,,24,49,24,379.52,196.8,182.72,30.59268761,82.73198439,113.324672,109.719232,110.81984,45.5424,,bengbu,3,0,28.12679308,6.581043437,6.426951541,4.436740609,1.081215942,5.96690516,7.067631,4.399208841,83.13539834,3484.592498,0.291530112,1.198385367
2016,11,47,143,99,44,16,6,10,,32,44,51,379.52,196.8,182.72,30.59268761,82.73198439,113.324672,109.719232,110.81984,45.5424,,bengbu,3,0,69.06269032,13.71001331,18.74951107,11.6660676,2.583175032,14.67294217,0.250079419,-3.341625587,76.81069639,2881.450927,0.291530112,1.198385367
2016,12,48,206,142,64,22,8,14,,39,75,70,379.52,196.8,182.72,30.59268761,82.73198439,113.324672,109.719232,110.81984,45.5424,,bengbu,3,0,87.50292961,16.62138619,24.45970211,15.33152493,3.642659807,17.33887459,-3.766315861,-7.537755054,75.07387443,2582.715816,0.291530112,1.198385367
2017,1,49,207,149,58,24,6,18,,49,62,72,381.25,197.54,183.71,30.81447761,83.33177239,114.14625,104.881875,115.099375,47.19875,,bengbu,3,1,81.4556214,14.40987823,22.72093302,14.0591685,3.60490417,17.55391896,-3.535490107,-8.049222351,70.92546336,2772.999527,0.291530112,1.198385367
2017,2,50,257,196,61,22,9,13,,46,87,102,381.25,197.54,183.71,30.81447761,83.33177239,114.14625,104.881875,115.099375,47.19875,,bengbu,3,0,83.87989241,14.3057092,22.55181567,14.21885903,4.09385496,19.55939548,-1.401490177,-7.702745496,62.21002776,2981.234072,0.291530112,1.198385367
2017,3,51,257,195,62,77,56,21,,50,68,62,381.25,197.54,183.71,30.81447761,83.33177239,114.14625,104.881875,115.099375,47.19875,,bengbu,3,0,57.63738196,10.07413374,16.70676609,10.03610298,2.247175014,12.10318718,2.578439568,-4.380276606,60.13935144,3310.956174,0.291530112,1.198385367
2017,4,52,206,153,53,19,9,10,,57,56,74,381.25,197.54,183.71,30.81447761,83.33177239,114.14625,104.881875,115.099375,47.19875,,bengbu,3,0,52.33572879,10.33688672,13.97775821,8.669355035,1.886775114,11.22514723,10.15424263,2.937121636,60.87246771,4035.75497,0.291530112,1.198385367
2017,5,53,184,137,47,32,11,21,,33,65,54,381.25,197.54,183.71,30.81447761,83.33177239,114.14625,104.881875,115.099375,47.19875,,bengbu,3,0,46.66408615,8.903985914,11.50338498,7.498764964,1.759303838,10.41438691,15.32132075,7.561470156,59.84621242,3913.991853,0.291530112,1.198385367
2017,6,54,165,112,53,19,6,13,,40,49,57,381.25,197.54,183.71,30.81447761,83.33177239,114.14625,104.881875,115.099375,47.19875,,bengbu,3,0,46.50375976,10.39483627,11.95830574,8.255006056,1.712465211,9.341351975,17.85996027,11.65091174,67.01443746,3579.009934,0.291530112,1.198385367
2017,7,55,152,112,40,20,9,11,,28,56,48,381.25,197.54,183.71,30.81447761,83.33177239,114.14625,104.881875,115.099375,47.19875,,bengbu,3,0,35.48942271,6.015109492,7.017223591,4.163282172,1.955220047,10.29210798,22.14572994,17.84928029,76.64257073,4704.934445,0.291530112,1.198385367
2017,8,56,160,112,48,20,7,13,,35,47,58,381.25,197.54,183.71,30.81447761,83.33177239,114.14625,104.881875,115.099375,47.19875,,bengbu,3,0,31.81734291,6.075921445,8.335615678,4.984781356,1.252701599,6.947964402,19.75941436,16.56299467,81.81619195,5238.016819,0.291530112,1.198385367
2017,9,57,159,116,43,19,7,12,,45,45,50,381.25,197.54,183.71,30.81447761,83.33177239,114.14625,104.881875,115.099375,47.19875,,bengbu,3,0,38.61962524,8.200766633,10.14299697,6.459910455,1.385691227,8.020210313,15.07899421,12.08419063,82.29938262,4590.014117,0.291530112,1.198385367
2017,10,58,153,113,40,14,2,12,,31,52,56,381.25,197.54,183.71,30.81447761,83.33177239,114.14625,104.881875,115.099375,47.19875,,bengbu,3,0,43.55832864,8.81760086,12.18409568,7.522388131,1.602901934,8.497884262,8.081279327,4.221962392,76.62537029,3034.181935,0.291530112,1.198385367
2017,11,59,144,115,29,19,5,14,,27,50,48,381.25,197.54,183.71,30.81447761,83.33177239,114.14625,104.881875,115.099375,47.19875,,bengbu,3,0,75.39219728,13.24229443,20.76728393,12.91073514,3.040954359,16.10568666,3.284957209,-3.460442926,61.28611186,2208.115536,0.291530112,1.198385367
2017,12,60,159,120,39,30,21,9,,34,46,49,381.25,197.54,183.71,30.81447761,83.33177239,114.14625,104.881875,115.099375,47.19875,,bengbu,3,0,90.62341443,15.84992744,25.76231415,15.54931429,4.115597476,18.17649932,-2.816193473,-9.815266714,58.55949821,1910.201063,0.291530112,1.198385367
2018,1,61,184,135,49,14,3,11,,35,66,69,383.94,198.89,185.05,30.42037948,82.26601052,112.68639,101.667312,119.827674,49.797018,,bengbu,3,0,96.40024579,18.15785193,26.64543954,16.4676485,4.457364766,21.34465265,-7.568337067,-10.8482873,77.33885112,191.9601093,0.291530112,1.198385367
2018,2,62,150,119,31,18,3,15,,22,45,65,383.94,198.89,185.05,30.42037948,82.26601052,112.68639,101.667312,119.827674,49.797018,,bengbu,3,1,68.95649614,11.58052139,18.52591207,11.61854604,3.33683834,16.34430251,-2.766261926,-9.75940652,58.60005886,2433.220168,0.291530112,1.198385367
2018,3,63,191,148,43,36,21,15,,29,58,68,383.94,198.89,185.05,30.42037948,82.26601052,112.68639,101.667312,119.827674,49.797018,,bengbu,3,0,59.8604266,11.15914338,16.95312405,10.44548986,2.368184081,12.7477802,4.453533031,-0.447263232,70.4935711,3348.718612,0.291530112,1.198385367
2018,4,64,157,116,41,17,5,12,,37,53,50,383.94,198.89,185.05,30.42037948,82.26601052,112.68639,101.667312,119.827674,49.797018,,bengbu,3,0,46.95275902,8.412368584,12.88737285,7.854336534,1.783177379,10.23001262,10.20459139,2.810907867,60.12809518,4231.911862,0.291530112,1.198385367
2018,5,65,130,96,34,18,2,16,,33,47,32,383.94,198.89,185.05,30.42037948,82.26601052,112.68639,101.667312,119.827674,49.797018,,bengbu,3,0,38.8951994,7.547907941,9.622507342,6.051837754,1.513770812,8.725688888,14.21234809,9.698268532,74.27444262,4223.089837,0.291530112,1.198385367
2018,6,66,147,107,40,21,5,16,,32,53,41,383.94,198.89,185.05,30.42037948,82.26601052,112.68639,101.667312,119.827674,49.797018,,bengbu,3,0,39.01613377,8.0429783,9.842567023,6.426324921,1.584719232,8.773955475,18.523433,12.4318105,67.67191539,3105.096936,0.291530112,1.198385367
2018,7,67,116,87,29,15,6,9,,27,36,38,383.94,198.89,185.05,30.42037948,82.26601052,112.68639,101.667312,119.827674,49.797018,,bengbu,3,0,27.0566574,5.009009565,5.629815735,3.398268358,1.411837609,7.189064192,21.06220787,17.44176951,79.81700455,4466.922434,0.291530112,1.198385367
2018,8,68,133,87,46,19,8,11,,30,42,42,383.94,198.89,185.05,30.42037948,82.26601052,112.68639,101.667312,119.827674,49.797018,,bengbu,3,0,26.16363328,5.092952003,6.39231033,3.885119654,1.180465888,5.940603997,20.62000002,17.25282275,81.04481456,4742.403645,0.291530112,1.198385367
2018,9,69,112,83,29,17,6,11,,21,44,30,383.94,198.89,185.05,30.42037948,82.26601052,112.68639,101.667312,119.827674,49.797018,,bengbu,3,0,32.19484223,6.360192563,8.179108996,5.107234307,1.233339446,7.015326911,15.40198171,10.8214903,74.15145401,4174.398488,0.291530112,1.198385367
2018,10,70,131,102,29,9,4,5,,31,39,52,383.94,198.89,185.05,30.42037948,82.26601052,112.68639,101.667312,119.827674,49.797018,,bengbu,3,0,42.83175314,8.033645307,11.04174096,6.897814737,1.634141495,9.625787984,8.887707454,1.966454494,61.85802998,2932.223254,0.291530112,1.198385367
2018,11,71,132,97,35,24,12,12,,27,46,35,383.94,198.89,185.05,30.42037948,82.26601052,112.68639,101.667312,119.827674,49.797018,,bengbu,3,0,74.07362782,14.90279313,20.25422352,12.47462571,2.965449657,16.66903671,3.345683341,0.134481353,79.48644406,2313.315109,0.291530112,1.198385367
2018,12,72,123,91,32,10,0,10,,21,44,48,383.94,198.89,185.05,30.42037948,82.26601052,112.68639,101.667312,119.827674,49.797018,,bengbu,3,0,69.22979814,13.88894279,18.65490742,11.64185692,2.894271652,14.99694288,-3.582813053,-7.924862044,71.86618648,2720.165145,0.291530112,1.198385367
2019,1,73,151,113,38,8,3,5,,33,58,52,386.3,200.09,186.21,29.90866418,80.88217582,110.79084,97.07719,124.54312,53.81159,,bengbu,3,0,104.6374992,18.95171659,28.73038225,17.62978936,4.981804846,24.4958549,-4.730650373,-9.265729152,70.56036594,2770.576113,0.291530112,1.198385367
2019,2,74,167,121,46,15,6,9,,28,61,63,386.3,200.09,186.21,29.90866418,80.88217582,110.79084,97.07719,124.54312,53.81159,,bengbu,3,1,75.07872836,13.74122186,22.04960698,13.19694445,3.274966487,15.99871103,-3.889168494,-7.28394701,77.2657703,3236.918336,0.291530112,1.198385367
2019,3,75,153,117,36,25,13,12,,27,51,50,386.3,200.09,186.21,29.90866418,80.88217582,110.79084,97.07719,124.54312,53.81159,,bengbu,3,0,62.82364094,10.60234633,17.32617143,10.55931648,2.621495482,15.0039496,4.134789897,-2.787520684,60.69383915,3730.302603,0.291530112,1.198385367
2019,4,76,154,113,41,21,4,17,,25,61,47,386.3,200.09,186.21,29.90866418,80.88217582,110.79084,97.07719,124.54312,53.81159,,bengbu,3,0,43.27049577,8.29897148,12.33736733,7.459549656,1.534483008,9.232683585,8.544545849,3.783798129,72.00706247,4581.619169,0.291530112,1.198385367
2019,5,77,152,102,50,16,4,12,,34,49,53,386.3,200.09,186.21,29.90866418,80.88217582,110.79084,97.07719,124.54312,53.81159,,bengbu,3,0,30.77014144,5.603929512,7.257072437,4.526855501,1.386704613,7.590896886,14.17427306,5.550598563,56.11748454,4768.862285,0.291530112,1.198385367
2019,6,78,134,100,34,18,6,12,,17,54,45,386.3,200.09,186.21,29.90866418,80.88217582,110.79084,97.07719,124.54312,53.81159,,bengbu,3,0,31.25148356,6.400897258,7.805024189,5.500701082,1.258511564,6.931221201,18.95126938,11.37512962,61.45385886,3086.991223,0.291530112,1.198385367
2019,7,79,122,87,35,10,0,10,,30,41,41,386.3,200.09,186.21,29.90866418,80.88217582,110.79084,97.07719,124.54312,53.81159,,bengbu,3,0,25.25960747,4.830781244,5.946993672,3.795968174,1.168760679,6.220276418,20.74330591,15.68536035,72.79927595,4367.015085,0.291530112,1.198385367
2019,8,80,122,83,39,13,5,8,,28,42,39,386.3,200.09,186.21,29.90866418,80.88217582,110.79084,97.07719,124.54312,53.81159,,bengbu,3,0,21.46222975,4.663069119,5.507136534,3.585356916,0.840690695,4.303753,19.44171589,14.96631269,75.34592755,5105.377654,0.291530112,1.198385367
2019,9,81,89,62,27,11,2,9,,19,30,29,386.3,200.09,186.21,29.90866418,80.88217582,110.79084,97.07719,124.54312,53.81159,,bengbu,3,0,29.25730546,6.03290566,7.791822628,4.944741497,1.092069116,5.907441561,15.79221518,9.992248643,68.43072128,4832.576678,0.291530112,1.198385367
2019,10,82,129,90,39,7,3,4,,35,45,42,386.3,200.09,186.21,29.90866418,80.88217582,110.79084,97.07719,124.54312,53.81159,,bengbu,3,0,42.54364626,7.876090702,11.13023603,6.827315809,1.552739033,9.189903719,9.640026212,3.938501764,67.61419595,3048.480594,0.291530112,1.198385367
2019,11,83,107,68,39,9,2,7,,26,34,38,386.3,200.09,186.21,29.90866418,80.88217582,110.79084,97.07719,124.54312,53.81159,,bengbu,3,0,53.75598116,8.885003136,13.60764382,8.207503494,2.165639037,12.72379529,4.436118938,-2.735230955,59.65753689,2333.903803,0.291530112,1.198385367
2019,12,84,96,68,28,16,6,10,,24,29,27,386.3,200.09,186.21,29.90866418,80.88217582,110.79084,97.07719,124.54312,53.81159,,bengbu,3,0,72.26598164,13.42237468,20.0574351,12.19989698,3.172534272,15.21432114,-1.766088755,-6.445302856,70.38942384,2580.645104,0.291530112,1.198385367
2013,1,1,135,110,25,16,7,9,,31,51,37,243.29,126.68,116.61,18.09121679,57.9130762,76.00429299,69.70328112,67.79573476,29.78669114,,huainan,4,0,199.8457734,32.00458926,53.3127272,33.74759957,8.902415596,46.07837047,9.917416157,5.120998287,72.08691099,2499.416028,0.080768543,0.524320152
2013,2,2,130,95,35,18,3,15,,31,42,39,243.29,126.68,116.61,18.09121679,57.9130762,76.00429299,69.70328112,67.79573476,29.78669114,,huainan,4,1,142.8281328,25.05025644,41.38217185,25.26891863,5.425808357,28.66724723,13.10899644,8.808040659,75.1571869,3173.602576,0.080768543,0.524320152
2013,3,3,114,91,23,26,9,17,,21,43,24,243.29,126.68,116.61,18.09121679,57.9130762,76.00429299,69.70328112,67.79573476,29.78669114,,huainan,4,0,86.19963402,16.21822957,22.38916688,14.62361494,3.433909972,18.68304361,19.40675093,11.71704297,61.0997569,3842.260288,0.080768543,0.524320152
2013,4,4,96,76,20,15,2,13,,30,30,21,243.29,126.68,116.61,18.09121679,57.9130762,76.00429299,69.70328112,67.79573476,29.78669114,,huainan,4,0,66.44626945,13.69186797,15.74325591,10.82227149,2.635589348,14.99505076,24.90818217,13.88597325,50.36718356,4461.080498,0.080768543,0.524320152
2013,5,5,110,79,31,16,3,13,,26,41,27,243.29,126.68,116.61,18.09121679,57.9130762,76.00429299,69.70328112,67.79573476,29.78669114,,huainan,4,0,59.21492125,13.74347136,13.83231359,10.35547001,2.218406403,12.1393207,30.92658799,24.07493885,66.96118188,4518.969429,0.080768543,0.524320152
2013,6,6,110,85,25,16,5,11,,31,28,35,243.29,126.68,116.61,18.09121679,57.9130762,76.00429299,69.70328112,67.79573476,29.78669114,,huainan,4,0,56.13904533,13.68461254,12.28256909,9.652709495,2.42207858,11.82745645,34.44908509,28.29837599,70.47409592,3924.788177,0.080768543,0.524320152
2013,7,7,110,79,31,23,6,17,,26,32,29,243.29,126.68,116.61,18.09121679,57.9130762,76.00429299,69.70328112,67.79573476,29.78669114,,huainan,4,0,37.6864158,7.392262716,5.733762232,3.481139876,2.489095651,11.76874252,38.68238059,33.55316687,75.43002423,5213.181947,0.080768543,0.524320152
2013,8,8,113,88,25,20,9,11,,32,30,31,243.29,126.68,116.61,18.09121679,57.9130762,76.00429299,69.70328112,67.79573476,29.78669114,,huainan,4,0,58.34803486,10.99064746,12.03240317,7.37799473,3.024730937,15.27899012,38.54870496,32.67303876,72.31172383,5365.918197,0.080768543,0.524320152
2013,9,9,88,63,25,22,6,16,,19,26,21,243.29,126.68,116.61,18.09121679,57.9130762,76.00429299,69.70328112,67.79573476,29.78669114,,huainan,4,0,43.52644035,9.921367464,10.07196798,7.434781407,1.728117752,8.523493155,31.27250592,26.70806355,76.77929356,4925.33604,0.080768543,0.524320152
2013,10,10,82,66,16,17,6,11,,22,24,19,243.29,126.68,116.61,18.09121679,57.9130762,76.00429299,69.70328112,67.79573476,29.78669114,,huainan,4,0,66.11196674,13.49272367,16.56992337,10.62015803,2.443450561,13.15189455,25.83084033,19.46289431,67.94434493,3337.398996,0.080768543,0.524320152
2013,11,11,75,60,15,13,4,9,,14,29,19,243.29,126.68,116.61,18.09121679,57.9130762,76.00429299,69.70328112,67.79573476,29.78669114,,huainan,4,0,94.96438359,16.15501285,25.19520343,15.08964402,3.643524844,20.16342534,18.71267951,12.94881414,69.17881765,2710.158071,0.080768543,0.524320152
2013,12,12,92,74,18,14,2,12,,22,32,24,243.29,126.68,116.61,18.09121679,57.9130762,76.00429299,69.70328112,67.79573476,29.78669114,,huainan,4,0,139.4942284,22.53965169,37.01416816,23.31876112,5.694822677,30.92280739,11.53486724,4.86103456,63.57246789,2796.716426,0.080768543,0.524320152
2014,1,13,117,88,29,15,3,12,,31,41,30,243.35,126.76,116.59,18.7856946,60.13621833,78.92191293,70.71679333,65.20464163,28.5070148,,huainan,4,1,144.1279029,22.21138193,35.96039025,22.42732369,6.630904853,36.91984862,13.21505453,6.387435046,63.28182051,2761.822003,0.080768543,0.524320152
2014,2,14,123,85,38,20,2,18,,28,45,30,243.35,126.76,116.59,18.7856946,60.13621833,78.92191293,70.71679333,65.20464163,28.5070148,,huainan,4,0,92.70943206,15.7606179,25.57607755,15.94191766,3.923200854,20.33462579,11.61778999,8.103404671,79.02670819,3326.963119,0.080768543,0.524320152
2014,3,15,136,98,38,24,8,16,,32,47,33,243.35,126.76,116.59,18.7856946,60.13621833,78.92191293,70.71679333,65.20464163,28.5070148,,huainan,4,0,90.63872155,16.38655246,25.35059134,15.69150066,3.578231677,19.1016026,20.27464793,13.74494819,66.12181825,4163.040123,0.080768543,0.524320152
2014,4,16,89,67,22,11,4,7,,23,39,16,243.35,126.76,116.59,18.7856946,60.13621833,78.92191293,70.71679333,65.20464163,28.5070148,,huainan,4,0,63.92280825,14.68239672,15.94386573,10.90355011,2.29221249,12.63864667,24.68840894,19.91950827,74.81417155,4826.404935,0.080768543,0.524320152
2014,5,17,122,82,40,15,3,12,,25,46,36,243.35,126.76,116.59,18.7856946,60.13621833,78.92191293,70.71679333,65.20464163,28.5070148,,huainan,4,0,53.94133025,10.43496994,11.96181099,8.211978946,2.181840513,11.99763936,31.20924463,23.49586364,63.63461315,4547.168363,0.080768543,0.524320152
2014,6,18,125,89,36,13,6,7,,33,53,26,243.35,126.76,116.59,18.7856946,60.13621833,78.92191293,70.71679333,65.20464163,28.5070148,,huainan,4,0,53.72335243,12.76924953,12.72867697,9.901146127,2.053192524,10.66853845,34.2378159,28.50715582,72.17870101,4098.021346,0.080768543,0.524320152
2014,7,19,115,85,30,17,5,12,,32,34,32,243.35,126.76,116.59,18.7856946,60.13621833,78.92191293,70.71679333,65.20464163,28.5070148,,huainan,4,0,53.60443765,11.69823862,12.30359686,8.817419825,2.317096867,11.80327797,35.90081106,32.20005043,81.34440006,5350.400423,0.080768543,0.524320152
2014,8,20,101,74,27,14,3,11,,31,29,27,243.35,126.76,116.59,18.7856946,60.13621833,78.92191293,70.71679333,65.20464163,28.5070148,,huainan,4,0,33.49607424,7.639462586,7.892580365,5.49989313,1.319358729,6.93966648,33.65160764,30.86303935,85.41792649,5782.633617,0.080768543,0.524320152
2014,9,21,116,85,31,25,7,18,,27,31,33,243.35,126.76,116.59,18.7856946,60.13621833,78.92191293,70.71679333,65.20464163,28.5070148,,huainan,4,0,42.39118307,10.29222147,9.601311708,7.198112001,1.70344363,8.580610302,30.79034611,27.95740389,84.91408784,5051.345711,0.080768543,0.524320152
2014,10,22,79,53,26,13,2,11,,14,30,22,243.35,126.76,116.59,18.7856946,60.13621833,78.92191293,70.71679333,65.20464163,28.5070148,,huainan,4,0,60.77546101,12.21047395,15.55167973,10.07891436,2.213460069,11.99309086,26.65749371,21.67720581,74.1696684,3815.141939,0.080768543,0.524320152
2014,11,23,75,56,19,12,6,6,,16,24,23,243.35,126.76,116.59,18.7856946,60.13621833,78.92191293,70.71679333,65.20464163,28.5070148,,huainan,4,0,73.71273088,13.70412394,19.65852063,12.24249936,2.808434068,15.72198424,19.04557427,14.48616302,74.87362845,2826.544952,0.080768543,0.524320152
2014,12,24,92,74,18,16,5,11,,14,42,20,243.35,126.76,116.59,18.7856946,60.13621833,78.92191293,70.71679333,65.20464163,28.5070148,,huainan,4,0,64.17889287,9.76357589,17.01957568,10.25852676,2.709985487,13.85177113,11.83680871,3.691565658,57.41728257,2778.356361,0.080768543,0.524320152
2015,1,25,103,80,23,14,6,8,,22,42,25,383.39,201.43,181.96,28.42683354,90.99915146,119.425985,112.218253,106.812454,44.971647,,huainan,4,0,88.01506815,13.68193441,22.21962869,13.67081147,4.273835125,21.6269838,12.35005429,6.195813856,66.08959806,2381.765963,0.080768543,0.524320152
2015,2,26,99,66,33,16,4,12,,25,35,23,383.39,201.43,181.96,28.42683354,90.99915146,119.425985,112.218253,106.812454,44.971647,,huainan,4,1,96.39060408,15.48351755,25.43020828,16.21534726,4.535544636,23.17209107,13.91923071,8.082272829,67.87684228,2756.503464,0.080768543,0.524320152
2015,3,27,88,66,22,14,3,11,,24,32,18,383.39,201.43,181.96,28.42683354,90.99915146,119.425985,112.218253,106.812454,44.971647,,huainan,4,0,62.67953531,11.24930362,18.03158176,10.78656017,2.377192594,13.33678848,19.01944553,13.69143284,71.23191434,4040.14412,0.080768543,0.524320152
2015,4,28,124,78,46,11,2,9,,39,44,30,383.39,201.43,181.96,28.42683354,90.99915146,119.425985,112.218253,106.812454,44.971647,,huainan,4,0,59.56794627,12.40816803,15.65008975,10.00720858,2.131419958,12.6429092,23.78922509,18.48915626,72.22831311,4718.288545,0.080768543,0.524320152
2015,5,29,127,85,42,20,6,14,,34,40,33,383.39,201.43,181.96,28.42683354,90.99915146,119.425985,112.218253,106.812454,44.971647,,huainan,4,0,57.3552148,13.05450657,13.87347475,9.947956737,2.08778855,11.70368543,30.40714523,24.88036054,72.38673373,4787.747554,0.080768543,0.524320152
2015,6,30,86,60,26,15,6,9,,23,27,21,383.39,201.43,181.96,28.42683354,90.99915146,119.425985,112.218253,106.812454,44.971647,,huainan,4,0,46.682159,10.70920688,10.38057132,7.738555191,1.856399645,10.15948239,33.26295891,28.05094584,74.22526601,3640.613444,0.080768543,0.524320152
2015,7,31,86,62,24,15,3,12,,16,28,27,383.39,201.43,181.96,28.42683354,90.99915146,119.425985,112.218253,106.812454,44.971647,,huainan,4,0,38.02054296,8.710487072,8.702885303,6.005127925,1.522444988,8.342475496,35.3911815,31.66981115,81.18744192,4864.582769,0.080768543,0.524320152
2015,8,32,120,88,32,18,5,13,,21,44,37,383.39,201.43,181.96,28.42683354,90.99915146,119.425985,112.218253,106.812454,44.971647,,huainan,4,0,38.25900386,8.047849395,9.212849767,5.847628737,1.537970638,8.396164565,35.36033255,31.64331173,81.20371657,5456.245832,0.080768543,0.524320152
2015,9,33,116,87,29,27,12,15,,31,31,27,383.39,201.43,181.96,28.42683354,90.99915146,119.425985,112.218253,106.812454,44.971647,,huainan,4,0,42.44257973,9.702281757,10.11481043,6.947717915,1.581261072,8.592504701,31.23587487,26.45891895,75.81832194,4898.263426,0.080768543,0.524320152
2015,10,34,89,60,29,7,1,6,,17,41,24,383.39,201.43,181.96,28.42683354,90.99915146,119.425985,112.218253,106.812454,44.971647,,huainan,4,0,63.72098279,11.72202177,15.2508033,9.793578313,2.779880951,14.92191702,26.16667951,19.87626883,68.33830453,3658.230772,0.080768543,0.524320152
2015,11,35,115,81,34,14,4,10,,26,46,29,383.39,201.43,181.96,28.42683354,90.99915146,119.425985,112.218253,106.812454,44.971647,,huainan,4,0,67.98436525,14.62823738,17.70338544,11.42756394,2.475830108,14.08492539,17.90533283,14.95584281,82.88893709,2631.325395,0.080768543,0.524320152
2015,12,36,88,65,23,10,4,6,,26,28,24,383.39,201.43,181.96,28.42683354,90.99915146,119.425985,112.218253,106.812454,44.971647,,huainan,4,0,95.93338667,17.43736427,26.38479413,16.1638845,3.886792686,19.91382508,13.07431593,8.032965975,71.4744364,2576.04658,0.080768543,0.524320152
2016,1,37,106,71,35,13,3,10,,24,37,32,389.11,204.3,184.81,27.65615815,88.53208785,116.188246,112.491701,113.62012,46.6932,,huainan,4,0,97.04133271,15.67877841,25.74532314,16.05350195,4.548197634,23.10906324,10.03147415,5.067088064,71.27101941,2564.054404,0.080768543,0.524320152
2016,2,38,121,85,36,15,6,9,,27,38,41,389.11,204.3,184.81,27.65615815,88.53208785,116.188246,112.491701,113.62012,46.6932,,huainan,4,1,85.09636707,12.35610772,19.86275705,12.06518017,4.670636733,23.81275455,14.26038526,6.444244397,59.3585676,2882.239086,0.080768543,0.524320152
2016,3,39,126,87,39,19,10,9,,33,52,22,389.11,204.3,184.81,27.65615815,88.53208785,116.188246,112.491701,113.62012,46.6932,,huainan,4,0,68.61691614,11.91434594,19.07564108,11.9577825,2.819284001,15.49821359,19.91843692,12.94925607,64.17953142,3893.692944,0.080768543,0.524320152
2016,4,40,122,90,32,20,8,12,,36,39,27,389.11,204.3,184.81,27.65615815,88.53208785,116.188246,112.491701,113.62012,46.6932,,huainan,4,0,52.45992912,11.01457047,13.83239552,8.94370973,1.82464283,10.64543162,26.0530251,21.49694099,76.02076697,5046.096094,0.080768543,0.524320152
2016,5,41,114,85,29,22,8,14,,29,36,27,389.11,204.3,184.81,27.65615815,88.53208785,116.188246,112.491701,113.62012,46.6932,,huainan,4,0,38.2592726,8.07579651,9.586345979,6.440393583,1.386492177,8.026116803,28.79153595,23.18095208,71.74133866,4893.224316,0.080768543,0.524320152
2016,6,42,118,83,35,21,9,12,,40,37,20,389.11,204.3,184.81,27.65615815,88.53208785,116.188246,112.491701,113.62012,46.6932,,huainan,4,0,37.44809769,8.445494181,8.867322691,6.089784986,1.495744741,7.917579898,33.37143653,29.04654212,78.16633399,3574.271283,0.080768543,0.524320152
2016,7,43,87,62,25,10,3,7,,29,31,17,389.11,204.3,184.81,27.65615815,88.53208785,116.188246,112.491701,113.62012,46.6932,,huainan,4,0,30.32324141,6.127455579,6.168859861,3.930162919,1.587589602,7.627447933,37.02610598,33.39209923,81.78565773,5246.77422,0.080768543,0.524320152
2016,8,44,109,75,34,17,6,11,,28,41,23,389.11,204.3,184.81,27.65615815,88.53208785,116.188246,112.491701,113.62012,46.6932,,huainan,4,0,35.28169384,7.193950828,8.30781753,5.487740979,1.365282705,7.44085268,36.96428552,32.23065568,76.86856401,5585.115289,0.080768543,0.524320152
2016,9,45,101,66,35,16,5,11,,29,37,19,389.11,204.3,184.81,27.65615815,88.53208785,116.188246,112.491701,113.62012,46.6932,,huainan,4,0,42.54537484,8.856486487,10.30240708,6.943501832,1.665110873,8.903958839,32.38937417,26.28343395,70.28624326,5120.159883,0.080768543,0.524320152
2016,10,46,109,77,32,20,6,14,,28,34,27,389.11,204.3,184.81,27.65615815,88.53208785,116.188246,112.491701,113.62012,46.6932,,huainan,4,0,32.64824321,7.542038019,7.227669781,4.930805839,1.287757299,6.697540163,25.35387775,22.5596558,84.54328266,3670.937535,0.080768543,0.524320152
2016,11,47,90,60,30,9,2,7,,28,25,28,389.11,204.3,184.81,27.65615815,88.53208785,116.188246,112.491701,113.62012,46.6932,,huainan,4,0,68.99940711,13.76532493,18.61024476,11.62149088,2.570139789,14.12913033,18.25838616,14.70888093,79.79119867,2729.441674,0.080768543,0.524320152
2016,12,48,131,100,31,16,3,13,,30,47,38,389.11,204.3,184.81,27.65615815,88.53208785,116.188246,112.491701,113.62012,46.6932,,huainan,4,0,90.72222433,16.97243002,24.6107009,15.69925562,3.774578664,18.20897543,14.20109045,10.17430615,76.7350663,2157.371833,0.080768543,0.524320152
2017,1,49,179,133,46,20,7,13,,27,58,74,389.56,204.35,185.21,27.76232331,88.87194069,116.634264,107.167956,117.608164,48.227528,,huainan,4,1,93.49566778,16.27899405,26.0966768,16.10900885,4.132941618,19.63593395,8.416169913,3.762401143,72.52650549,2174.697344,0.080768543,0.524320152
2017,2,50,157,119,38,16,5,11,,28,56,57,389.56,204.35,185.21,27.76232331,88.87194069,116.634264,107.167956,117.608164,48.227528,,huainan,4,0,87.62581826,14.77217572,23.22416688,14.52918731,4.324182031,20.94320766,10.40216369,4.152678541,65.22654304,2508.588408,0.080768543,0.524320152
2017,3,51,173,124,49,24,8,16,,36,53,60,389.56,204.35,185.21,27.76232331,88.87194069,116.634264,107.167956,117.608164,48.227528,,huainan,4,0,62.89284994,11.13070339,18.09272086,10.76417777,2.454112201,12.91796076,14.58043906,7.72701723,63.48119508,3007.3073,0.080768543,0.524320152
2017,4,52,159,131,28,16,4,12,,32,50,61,389.56,204.35,185.21,27.76232331,88.87194069,116.634264,107.167956,117.608164,48.227528,,huainan,4,0,50.66649201,9.924742077,13.45683541,8.421797304,1.895328951,10.67857726,22.06901397,15.22784595,65.18123557,3982.973502,0.080768543,0.524320152
2017,5,53,179,132,47,19,9,10,,49,52,59,389.56,204.35,185.21,27.76232331,88.87194069,116.634264,107.167956,117.608164,48.227528,,huainan,4,0,47.27954677,8.977207518,11.46299012,7.509855212,1.913630763,10.5578626,27.61852343,20.1124095,63.67153019,3930.701303,0.080768543,0.524320152
2017,6,54,146,111,35,18,8,10,,34,48,46,389.56,204.35,185.21,27.76232331,88.87194069,116.634264,107.167956,117.608164,48.227528,,huainan,4,0,49.32020783,10.42125042,12.63897357,8.300201751,1.876021507,10.44095184,30.34554953,24.06899043,69.19901184,4571.212151,0.080768543,0.524320152
2017,7,55,170,117,53,26,7,19,,42,46,56,389.56,204.35,185.21,27.76232331,88.87194069,116.634264,107.167956,117.608164,48.227528,,huainan,4,0,31.54540142,5.436861541,5.612058937,3.443759881,1.831036035,9.449675593,34.86564285,29.9700857,75.85119226,5269.165831,0.080768543,0.524320152
2017,8,56,152,121,31,17,7,10,,40,39,56,389.56,204.35,185.21,27.76232331,88.87194069,116.634264,107.167956,117.608164,48.227528,,huainan,4,0,30.30194087,5.503412199,7.365552615,4.326205536,1.320775451,7.122700445,32.18594375,28.98180205,83.24962078,5706.629052,0.080768543,0.524320152
2017,9,57,136,83,53,13,6,7,,37,42,44,389.56,204.35,185.21,27.76232331,88.87194069,116.634264,107.167956,117.608164,48.227528,,huainan,4,0,38.39078412,7.920263458,9.968991699,6.201627729,1.415208354,7.955080154,27.21742183,24.24187838,83.82392013,5165.548019,0.080768543,0.524320152
2017,10,58,191,148,43,19,9,10,,24,66,82,389.56,204.35,185.21,27.76232331,88.87194069,116.634264,107.167956,117.608164,48.227528,,huainan,4,0,48.46417464,9.317437951,13.68916664,8.314165491,1.755560558,9.349833968,20.17705719,16.35553338,78.68209316,3521.72087,0.080768543,0.524320152
2017,11,59,140,100,40,14,4,10,,43,44,39,389.56,204.35,185.21,27.76232331,88.87194069,116.634264,107.167956,117.608164,48.227528,,huainan,4,0,77.48293003,13.44578093,20.54275767,13.00891527,3.165803675,17.26327924,15.41689076,8.738641987,64.42909638,2330.098497,0.080768543,0.524320152
2017,12,60,141,97,44,14,5,9,,23,51,53,389.56,204.35,185.21,27.76232331,88.87194069,116.634264,107.167956,117.608164,48.227528,,huainan,4,0,90.15674456,15.29008107,25.13052414,15.28410981,4.13031474,18.51398894,9.192316808,2.046363959,60.94722744,2072.097672,0.080768543,0.524320152
2018,1,61,177,130,47,14,5,9,,41,72,50,389.66,204.27,185.39,27.22222293,87.14298707,114.36521,103.181968,121.612886,50.538902,,huainan,4,0,93.990658,17.519222,25.59679672,15.86283629,4.438797244,20.89108878,3.84803579,0.995040401,81.64080498,197.8065833,0.080768543,0.524320152
2018,2,62,186,140,46,17,3,14,,39,64,66,389.66,204.27,185.39,27.22222293,87.14298707,114.36521,103.181968,121.612886,50.538902,,huainan,4,1,70.20970598,11.6910974,19.03973279,11.78083402,3.363358515,16.57337474,8.595819612,2.227686204,64.27601214,2476.923779,0.080768543,0.524320152
2018,3,63,176,130,46,20,10,10,,39,69,48,389.66,204.27,185.39,27.22222293,87.14298707,114.36521,103.181968,121.612886,50.538902,,huainan,4,0,56.18709667,10.24884732,15.77611287,9.570809128,2.345160214,12.14091102,16.51563576,11.61607634,72.79476942,3373.821185,0.080768543,0.524320152
2018,4,64,193,143,50,21,5,16,,36,60,76,389.66,204.27,185.39,27.22222293,87.14298707,114.36521,103.181968,121.612886,50.538902,,huainan,4,0,43.08318758,7.613568911,11.52532025,7.113178743,1.745625759,9.477519619,22.35548639,15.34396296,64.53348463,4277.021563,0.080768543,0.524320152
2018,5,65,165,122,43,15,8,7,,46,44,60,389.66,204.27,185.39,27.22222293,87.14298707,114.36521,103.181968,121.612886,50.538902,,huainan,4,0,38.34892172,7.423492249,9.22362501,5.837574145,1.531593044,8.516803223,26.67159296,22.14490262,76.25356015,4348.470062,0.080768543,0.524320152
2018,6,66,121,85,36,15,6,9,,26,42,38,389.66,204.27,185.39,27.22222293,87.14298707,114.36521,103.181968,121.612886,50.538902,,huainan,4,0,38.71458952,7.622905421,9.759795683,6.409418943,1.640445279,8.829769162,30.87438728,25.09097921,71.36877487,4399.152248,0.080768543,0.524320152
2018,7,67,140,100,40,26,5,21,,32,46,36,389.66,204.27,185.39,27.22222293,87.14298707,114.36521,103.181968,121.612886,50.538902,,huainan,4,0,25.35224838,4.330122715,4.91695623,2.869065357,1.343896851,7.167246492,33.73426,29.77790396,79.89620995,5237.587665,0.080768543,0.524320152
2018,8,68,141,98,43,21,8,13,,28,43,49,389.66,204.27,185.39,27.22222293,87.14298707,114.36521,103.181968,121.612886,50.538902,,huainan,4,0,27.78858331,4.94764767,6.431566892,3.889339768,1.28522298,6.695111961,33.05577767,29.48686007,81.61338561,5556.652833,0.080768543,0.524320152
2018,9,69,147,114,33,26,14,12,,25,45,51,389.66,204.27,185.39,27.22222293,87.14298707,114.36521,103.181968,121.612886,50.538902,,huainan,4,0,33.66185626,6.364195019,8.208265278,4.88932091,1.354479518,7.768035906,27.74186904,23.11644976,75.96352588,4929.056223,0.080768543,0.524320152
2018,10,70,139,108,31,12,4,8,,28,57,42,389.66,204.27,185.39,27.22222293,87.14298707,114.36521,103.181968,121.612886,50.538902,,huainan,4,0,43.74965441,8.245079665,10.93971654,6.858923094,1.716897108,9.780221171,21.24496517,13.83330589,62.64660336,3615.091239,0.080768543,0.524320152
2018,11,71,130,100,30,9,4,5,,25,52,44,389.66,204.27,185.39,27.22222293,87.14298707,114.36521,103.181968,121.612886,50.538902,,huainan,4,0,72.03925405,13.84367767,19.89626532,12.24308072,2.95166194,15.56864423,15.41582387,11.97946928,79.98516252,2627.851492,0.080768543,0.524320152
2018,12,72,100,72,28,8,3,5,,18,39,35,389.66,204.27,185.39,27.22222293,87.14298707,114.36521,103.181968,121.612886,50.538902,,huainan,4,0,72.3360109,14.63863903,19.29166401,12.10337767,3.003080427,15.85965178,8.319451914,4.094571868,74.72653632,2707.583336,0.080768543,0.524320152
2019,1,73,117,78,39,8,2,6,,27,42,40,390.82,204.89,185.93,26.67998505,85.40719095,112.087176,98.213066,126.000368,54.441226,,huainan,4,0,110.4250639,19.58372865,30.3095156,18.54953924,5.271880594,25.96798406,6.993575574,2.540903831,73.29896227,2680.521538,0.080768543,0.524320152
2019,2,74,175,135,40,16,6,10,,48,64,47,390.82,204.89,185.93,26.67998505,85.40719095,112.087176,98.213066,126.000368,54.441226,,huainan,4,1,74.68809614,13.37964115,21.51052125,12.96586038,3.299114271,16.40643707,7.595049009,4.509860409,80.81543504,3102.44307,0.080768543,0.524320152
2019,3,75,159,118,41,19,7,12,,24,66,50,390.82,204.89,185.93,26.67998505,85.40719095,112.087176,98.213066,126.000368,54.441226,,huainan,4,0,62.30552827,10.38667722,16.85478173,10.37269667,2.640108048,15.08958619,16.05024073,9.20651644,63.85452747,3386.572312,0.080768543,0.524320152
2019,4,76,126,87,39,9,4,5,,21,53,43,390.82,204.89,185.93,26.67998505,85.40719095,112.087176,98.213066,126.000368,54.441226,,huainan,4,0,44.99064666,8.496669757,12.77166518,7.739287293,1.618075395,9.491186008,21.03513794,15.85011338,72.26185258,4313.295069,0.080768543,0.524320152
2019,5,77,180,138,42,16,7,9,,37,65,62,390.82,204.89,185.93,26.67998505,85.40719095,112.087176,98.213066,126.000368,54.441226,,huainan,4,0,30.47107172,5.650660887,6.914567276,4.379141366,1.409698271,7.680102482,26.42203017,17.95904259,59.72264281,4310.050101,0.080768543,0.524320152
2019,6,78,163,128,35,13,6,7,,42,60,48,390.82,204.89,185.93,26.67998505,85.40719095,112.087176,98.213066,126.000368,54.441226,,huainan,4,0,32.38100501,6.46659989,8.154176759,5.575778986,1.326166117,7.23908968,31.02738826,24.06066966,66.52020673,4307.716676,0.080768543,0.524320152
2019,7,79,139,92,47,14,4,10,,25,49,51,390.82,204.89,185.93,26.67998505,85.40719095,112.087176,98.213066,126.000368,54.441226,,huainan,4,0,24.23034723,4.532542831,5.689229337,3.584107689,1.132692565,6.0003946,33.45557408,28.05968739,73.46536829,5269.031568,0.080768543,0.524320152
2019,8,80,135,98,37,11,2,9,,28,62,34,390.82,204.89,185.93,26.67998505,85.40719095,112.087176,98.213066,126.000368,54.441226,,huainan,4,0,22.19349232,4.506062449,5.54707617,3.609817107,0.88465286,4.570027633,32.45655663,27.17089356,73.77504495,5585.543482,0.080768543,0.524320152
2019,9,81,135,106,29,8,2,6,,27,45,55,390.82,204.89,185.93,26.67998505,85.40719095,112.087176,98.213066,126.000368,54.441226,,huainan,4,0,32.02179559,6.542432737,8.43776871,5.26905003,1.199655317,6.407587045,28.21201562,22.0787193,69.39663629,5064.606835,0.080768543,0.524320152
2019,10,82,163,125,38,15,6,9,,36,53,59,390.82,204.89,185.93,26.67998505,85.40719095,112.087176,98.213066,126.000368,54.441226,,huainan,4,0,42.25089966,7.638060432,11.02741847,6.71326612,1.589801177,8.888151541,21.94053877,16.07448852,69.35227307,3540.575058,0.080768543,0.524320152
2019,11,83,190,137,53,12,1,11,,35,76,67,390.82,204.89,185.93,26.67998505,85.40719095,112.087176,98.213066,126.000368,54.441226,,huainan,4,0,56.00415034,9.124525018,14.11429624,8.495472383,2.30146728,13.18470146,16.53235325,9.226773943,62.00800921,2462.772479,0.080768543,0.524320152
2019,12,84,128,88,40,15,5,10,,30,38,45,390.82,204.89,185.93,26.67998505,85.40719095,112.087176,98.213066,126.000368,54.441226,,huainan,4,0,74.27118132,13.58543161,20.38452611,12.47196891,3.33371511,15.65532833,10.07606691,5.297985462,72.20868389,2546.496136,0.080768543,0.524320152
2013,1,1,125,90,35,15,5,10,,26,44,40,228.4,117.81,110.59,14.07334231,57.27928426,71.35262657,65.43725351,63.6464541,27.96366582,,maanshan,5,0,149.5814914,23.75189877,41.03537461,24.72392473,5.88582576,31.39225891,27.44006945,22.48982515,74.43479931,2210.17715,16.55625155,0.347255569
2013,2,2,96,71,25,10,2,8,,17,34,35,228.4,117.81,110.59,14.07334231,57.27928426,71.35262657,65.43725351,63.6464541,27.96366582,,maanshan,5,1,106.8902615,19.87613824,27.27515233,16.63603689,3.973943278,21.97909764,30.35493589,26.55109598,80.16592189,2919.667418,16.55625155,0.347255569
2013,3,3,137,90,47,14,4,10,,19,41,63,228.4,117.81,110.59,14.07334231,57.27928426,71.35262657,65.43725351,63.6464541,27.96366582,,maanshan,5,0,78.4699488,15.14466276,19.20380708,12.87639126,3.07304767,15.86931587,36.44488214,29.34804158,67.07732372,3228.088368,16.55625155,0.347255569
2013,4,4,142,102,40,18,8,10,,22,45,57,228.4,117.81,110.59,14.07334231,57.27928426,71.35262657,65.43725351,63.6464541,27.96366582,,maanshan,5,0,65.70351131,13.82292783,15.51407089,10.56142563,2.476205442,12.9873292,41.96122968,32.07292051,58.26196711,3744.753763,16.55625155,0.347255569
2013,5,5,134,96,38,14,5,9,,28,50,42,228.4,117.81,110.59,14.07334231,57.27928426,71.35262657,65.43725351,63.6464541,27.96366582,,maanshan,5,0,62.15315188,14.41173507,14.07588648,10.34297981,2.349703818,11.48768661,47.97790135,42.58522074,75.73692705,3912.399064,16.55625155,0.347255569
2013,6,6,125,96,29,19,6,13,,24,44,38,228.4,117.81,110.59,14.07334231,57.27928426,71.35262657,65.43725351,63.6464541,27.96366582,,maanshan,5,0,53.58044137,12.98446831,11.14900066,8.799973191,2.242709132,10.61261038,51.01994236,46.62782471,80.1817652,4398.295905,16.55625155,0.347255569
2013,7,7,101,66,35,15,3,12,,28,33,25,228.4,117.81,110.59,14.07334231,57.27928426,71.35262657,65.43725351,63.6464541,27.96366582,,maanshan,5,0,42.24330764,7.382292703,5.416708077,3.376714534,2.50991175,12.30714329,56.92323001,50.79758465,74.25217575,5068.358622,16.55625155,0.347255569
2013,8,8,97,69,28,11,3,8,,21,41,24,228.4,117.81,110.59,14.07334231,57.27928426,71.35262657,65.43725351,63.6464541,27.96366582,,maanshan,5,0,51.80910751,9.463678069,8.961617966,5.642888671,2.726272683,13.27993064,56.98953288,50.53003077,73.04130838,4959.589396,16.55625155,0.347255569
2013,9,9,99,75,24,9,4,5,,26,29,35,228.4,117.81,110.59,14.07334231,57.27928426,71.35262657,65.43725351,63.6464541,27.96366582,,maanshan,5,0,51.67405217,11.46403295,10.27058175,7.365319478,2.333972846,10.48127353,49.52234627,44.68841263,78.19349453,4500.174264,16.55625155,0.347255569
2013,10,10,123,88,35,13,7,6,,17,39,54,228.4,117.81,110.59,14.07334231,57.27928426,71.35262657,65.43725351,63.6464541,27.96366582,,maanshan,5,0,69.33484515,14.24237587,14.2483788,9.159236564,3.055263846,14.33204906,43.7435535,37.84847106,73.08996452,3804.721472,16.55625155,0.347255569
2013,11,11,112,79,33,17,5,12,,21,40,34,228.4,117.81,110.59,14.07334231,57.27928426,71.35262657,65.43725351,63.6464541,27.96366582,,maanshan,5,0,95.64405941,16.52711153,22.38211299,13.42775657,3.803201998,20.99130043,36.78335298,30.36226225,69.80074926,2815.19779,16.55625155,0.347255569
2013,12,12,130,95,35,10,4,6,,16,52,52,228.4,117.81,110.59,14.07334231,57.27928426,71.35262657,65.43725351,63.6464541,27.96366582,,maanshan,5,0,117.3584265,17.59547517,31.67528199,18.64523088,4.796704719,25.0212863,28.78563188,21.8647739,66.25193846,2396.817609,16.55625155,0.347255569
2014,1,13,147,104,43,18,5,13,,31,56,42,227.73,117.48,110.25,14.56712294,59.28899883,73.85612177,66.17766733,61.01932623,26.67722408,,maanshan,5,1,117.19893,17.94040966,29.22787716,18.14733079,5.004693099,27.86264444,30.18780505,23.52339424,67.57302338,2147.322708,16.55625155,0.347255569
2014,2,14,121,97,24,8,0,8,,16,56,41,227.73,117.48,110.25,14.56712294,59.28899883,73.85612177,66.17766733,61.01932623,26.67722408,,maanshan,5,0,65.77294623,11.28430519,17.50246677,10.75729576,2.666794812,13.94972574,28.98438799,25.5038393,81.53852144,2564.903543,16.55625155,0.347255569
2014,3,15,138,104,34,22,5,17,,25,43,48,227.73,117.48,110.25,14.56712294,59.28899883,73.85612177,66.17766733,61.01932623,26.67722408,,maanshan,5,0,67.68605021,12.7179767,17.72700144,11.2518837,2.532128575,13.62742992,37.136823,30.65667032,69.62929133,3233.927517,16.55625155,0.347255569
2014,4,16,125,92,33,12,4,8,,25,51,37,227.73,117.48,110.25,14.56712294,59.28899883,73.85612177,66.17766733,61.01932623,26.67722408,,maanshan,5,0,56.34594948,12.78146082,12.98083489,9.04445687,2.012822634,10.78235784,41.78773754,36.96128536,77.16421504,3997.083521,16.55625155,0.347255569
2014,5,17,144,101,43,13,4,9,,27,54,50,227.73,117.48,110.25,14.56712294,59.28899883,73.85612177,66.17766733,61.01932623,26.67722408,,maanshan,5,0,61.53838123,12.29307563,14.03409867,9.515967148,2.281481725,12.18312514,48.42428786,41.60494349,70.32128439,3828.175885,16.55625155,0.347255569
2014,6,18,119,87,32,8,2,6,,20,58,33,227.73,117.48,110.25,14.56712294,59.28899883,73.85612177,66.17766733,61.01932623,26.67722408,,maanshan,5,0,67.6679619,16.27835989,15.39624863,11.64080126,2.638000529,12.73459316,50.97622356,46.45841324,79.66325528,4089.615949,16.55625155,0.347255569
2014,7,19,106,72,34,15,5,10,,26,35,30,227.73,117.48,110.25,14.56712294,59.28899883,73.85612177,66.17766733,61.01932623,26.67722408,,maanshan,5,0,52.4928351,11.3866696,11.98045893,8.294114814,2.145124752,10.81310307,53.57755897,50.19031929,84.63522778,5485.852885,16.55625155,0.347255569
2014,8,20,123,91,32,18,6,12,,19,44,42,227.73,117.48,110.25,14.56712294,59.28899883,73.85612177,66.17766733,61.01932623,26.67722408,,maanshan,5,0,41.60271227,9.844002631,9.067651168,6.501320344,1.631824879,8.380286854,51.75136588,48.9552206,87.00994829,5670.62265,16.55625155,0.347255569
2014,9,21,93,74,19,6,3,3,,20,34,33,227.73,117.48,110.25,14.56712294,59.28899883,73.85612177,66.17766733,61.01932623,26.67722408,,maanshan,5,0,46.40565281,10.85702057,9.754099398,7.416836995,2.007430926,9.079140074,49.21413863,45.94951145,84.74053491,4608.951846,16.55625155,0.347255569
2014,10,22,97,75,22,11,4,7,,19,36,31,227.73,117.48,110.25,14.56712294,59.28899883,73.85612177,66.17766733,61.01932623,26.67722408,,maanshan,5,0,56.55277357,10.85497811,12.81296685,7.637697339,2.309802415,12.22337464,44.39221753,39.12295634,75.70658049,3696.920824,16.55625155,0.347255569
2014,11,23,100,74,26,11,2,9,,17,35,37,227.73,117.48,110.25,14.56712294,59.28899883,73.85612177,66.17766733,61.01932623,26.67722408,,maanshan,5,0,68.01520955,12.37271234,17.6068945,10.63760418,2.571098856,13.87346215,37.15519781,32.57371543,77.55930323,3119.21761,16.55625155,0.347255569
2014,12,24,89,65,24,7,1,6,,24,28,30,227.73,117.48,110.25,14.56712294,59.28899883,73.85612177,66.17766733,61.01932623,26.67722408,,maanshan,5,0,62.16318952,9.259360683,16.41046444,9.715400389,2.589098064,12.73583363,28.83836681,20.63450648,61.2497632,2596.708168,16.55625155,0.347255569
2015,1,25,107,75,32,12,4,8,,20,35,40,228.5,117.81,110.69,14.03885027,57.13889973,71.17775,66.88195,63.6601,26.80305,,maanshan,5,0,90.75012538,14.08038054,23.13319474,14.05535669,3.751669266,21.16571118,29.36813561,23.59763271,71.15473017,2110.754078,16.55625155,0.347255569
2015,2,26,86,64,22,13,1,12,,21,29,23,228.5,117.81,110.69,14.03885027,57.13889973,71.17775,66.88195,63.6601,26.80305,,maanshan,5,1,80.70351199,12.83407446,21.77012527,13.19071971,3.315680477,18.46277437,30.77246581,25.45726275,73.36709688,2712.150266,16.55625155,0.347255569
2015,3,27,116,92,24,15,6,9,,22,48,31,228.5,117.81,110.69,14.03885027,57.13889973,71.17775,66.88195,63.6601,26.80305,,maanshan,5,0,55.93034664,10.74792992,14.90047785,9.498276738,2.057987313,11.16731535,36.10881686,30.94301522,74.87692081,3052.313987,16.55625155,0.347255569
2015,4,28,116,88,28,10,1,9,,24,35,47,228.5,117.81,110.69,14.03885027,57.13889973,71.17775,66.88195,63.6601,26.80305,,maanshan,5,0,58.73124813,11.83568596,14.61048116,9.464855094,2.085887256,12.10960579,41.32205663,35.19231801,71.75797127,4151.064117,16.55625155,0.347255569
2015,5,29,126,86,40,14,3,11,,17,39,56,228.5,117.81,110.69,14.03885027,57.13889973,71.17775,66.88195,63.6601,26.80305,,maanshan,5,0,55.09534523,12.58573213,12.95453601,9.386707811,1.905843729,10.20679584,47.48464965,42.38633933,76.84622637,4158.657942,16.55625155,0.347255569
2015,6,30,90,67,23,14,3,11,,16,35,25,228.5,117.81,110.69,14.03885027,57.13889973,71.17775,66.88195,63.6601,26.80305,,maanshan,5,0,42.98472084,9.742937661,9.41990678,6.826030978,1.620639918,8.789055393,50.33494506,46.54896417,82.62245234,4058.579866,16.55625155,0.347255569
2015,7,31,119,89,30,7,3,4,,32,35,45,228.5,117.81,110.69,14.03885027,57.13889973,71.17775,66.88195,63.6601,26.80305,,maanshan,5,0,38.07833796,8.669768624,7.80438304,5.546476677,1.639555231,8.237681963,52.72697416,49.12641387,83.65382283,5060.039871,16.55625155,0.347255569
2015,8,32,128,92,36,14,6,8,,26,42,46,228.5,117.81,110.69,14.03885027,57.13889973,71.17775,66.88195,63.6601,26.80305,,maanshan,5,0,43.6523852,9.038746848,9.59286995,6.231118409,1.767171486,9.420915114,53.4524248,49.17258261,80.9285801,5360.947825,16.55625155,0.347255569
2015,9,33,125,96,29,10,2,8,,22,47,46,228.5,117.81,110.69,14.03885027,57.13889973,71.17775,66.88195,63.6601,26.80305,,maanshan,5,0,48.73057835,10.48361556,10.99785286,7.158833894,1.945250305,9.539412665,49.51640065,44.46080859,77.30031674,4841.911706,16.55625155,0.347255569
2015,10,34,98,69,29,14,1,13,,25,30,29,228.5,117.81,110.69,14.03885027,57.13889973,71.17775,66.88195,63.6601,26.80305,,maanshan,5,0,66.79693569,12.07773544,16.00191623,9.971959721,2.666959532,13.98289285,43.80577251,38.26068784,74.49996446,3879.985011,16.55625155,0.347255569
2015,11,35,100,73,27,14,2,12,,22,32,32,228.5,117.81,110.69,14.03885027,57.13889973,71.17775,66.88195,63.6601,26.80305,,maanshan,5,0,52.8334677,11.45817064,12.82875667,8.340420241,1.910351128,10.39133469,36.43565512,33.41510087,84.58059336,3158.801132,16.55625155,0.347255569
2015,12,36,102,72,30,8,2,6,,19,39,36,228.5,117.81,110.69,14.03885027,57.13889973,71.17775,66.88195,63.6601,26.80305,,maanshan,5,0,88.28719015,16.1421172,24.18340343,14.80912421,3.305167707,17.29964746,30.56191478,25.82098274,75.87576536,2723.852251,16.55625155,0.347255569
2016,1,37,92,61,31,13,2,11,,18,32,29,229.35,118.19,111.16,13.5075267,54.9763833,68.48391,66.305085,66.9702,27.522,,maanshan,5,0,79.45198154,13.15518288,21.00123631,13.11289993,3.247655919,17.40164437,27.36118388,22.82116583,76.29818848,2558.119461,16.55625155,0.347255569
2016,2,38,93,76,17,10,2,8,,25,28,30,229.35,118.19,111.16,13.5075267,54.9763833,68.48391,66.305085,66.9702,27.522,,maanshan,5,1,76.82158769,11.37395797,18.30732673,11.13837102,3.574821857,19.72935371,31.4287587,23.60775392,63.2698809,2677.49242,16.55625155,0.347255569
2016,3,39,114,91,23,17,8,9,,19,37,41,229.35,118.19,111.16,13.5075267,54.9763833,68.48391,66.305085,66.9702,27.522,,maanshan,5,0,65.264412,11.06416616,17.905383,10.96769082,2.42548744,14.19914719,36.67394053,29.57787207,67.12474766,3249.635838,16.55625155,0.347255569
2016,4,40,98,72,26,15,5,10,,18,26,39,229.35,118.19,111.16,13.5075267,54.9763833,68.48391,66.305085,66.9702,27.522,,maanshan,5,0,48.23522747,10.63153405,11.92531387,7.955151394,1.664395169,8.981167793,42.90813288,38.38906974,78.61980738,4326.860348,16.55625155,0.347255569
2016,5,41,124,87,37,15,5,10,,27,43,39,229.35,118.19,111.16,13.5075267,54.9763833,68.48391,66.305085,66.9702,27.522,,maanshan,5,0,44.91842231,9.834375293,10.50319582,7.037209998,1.652392531,9.059620063,46.03029394,41.28363622,78.08377854,4222.729355,16.55625155,0.347255569
2016,6,42,97,65,32,7,0,7,,19,33,38,229.35,118.19,111.16,13.5075267,54.9763833,68.48391,66.305085,66.9702,27.522,,maanshan,5,0,39.13855387,8.990176312,8.451868717,6.04726831,1.542098893,8.066893595,50.32927875,46.99234548,84.53590489,4033.227189,16.55625155,0.347255569
2016,7,43,91,63,28,12,2,10,,17,28,34,229.35,118.19,111.16,13.5075267,54.9763833,68.48391,66.305085,66.9702,27.522,,maanshan,5,0,29.96438777,5.690103671,5.539820313,3.607694935,1.637544138,7.34517139,55.3305108,51.2527852,81.96113618,4959.990877,16.55625155,0.347255569
2016,8,44,106,74,32,14,9,5,,24,32,36,229.35,118.19,111.16,13.5075267,54.9763833,68.48391,66.305085,66.9702,27.522,,maanshan,5,0,34.14877852,6.84956705,7.500755864,4.871735498,1.336570621,6.988911442,55.85838456,49.42225976,72.95095989,5007.039413,16.55625155,0.347255569
2016,9,45,114,82,32,7,2,5,,17,44,46,229.35,118.19,111.16,13.5075267,54.9763833,68.48391,66.305085,66.9702,27.522,,maanshan,5,0,39.00746291,8.315842375,9.367654472,6.376451311,1.454932204,7.290610052,49.922671,44.32142745,75.20114314,4868.262212,16.55625155,0.347255569
2016,10,46,102,65,37,16,4,12,,12,45,29,229.35,118.19,111.16,13.5075267,54.9763833,68.48391,66.305085,66.9702,27.522,,maanshan,5,0,35.46298224,7.825104667,7.172007193,4.994299547,1.488373039,6.95606199,43.57991292,40.85785771,86.64971848,3919.943926,16.55625155,0.347255569
2016,11,47,107,88,19,15,2,13,,13,37,42,229.35,118.19,111.16,13.5075267,54.9763833,68.48391,66.305085,66.9702,27.522,,maanshan,5,0,58.1507208,11.87143045,14.36593756,9.18701678,2.106379682,11.49257908,36.10974857,32.73454473,82.87733207,3033.993521,16.55625155,0.347255569
2016,12,48,105,80,25,11,6,5,,12,47,35,229.35,118.19,111.16,13.5075267,54.9763833,68.48391,66.305085,66.9702,27.522,,maanshan,5,0,73.72982409,12.68198832,20.1620304,12.18222925,2.905817561,14.1917855,31.64864624,27.38482344,78.20180264,2420.120479,16.55625155,0.347255569
2017,1,49,111,83,28,14,2,12,,12,43,42,229.35,118.06,111.29,13.54371565,55.12367435,68.66739,63.094185,69.240765,28.39353,,maanshan,5,1,66.79030552,11.12436374,19.01251835,11.1533817,2.596349143,13.11587345,30.38416606,25.58774228,75.59889865,2455.057781,16.55625155,0.347255569
2017,2,50,147,107,40,14,2,12,,27,53,53,229.35,118.06,111.29,13.54371565,55.12367435,68.66739,63.094185,69.240765,28.39353,,maanshan,5,0,70.82549265,12.40707589,19.03575465,12.00812374,3.075833708,15.62986268,31.70181029,25.09414306,68.0982677,2713.933158,16.55625155,0.347255569
2017,3,51,106,83,23,9,4,5,,20,42,35,229.35,118.06,111.29,13.54371565,55.12367435,68.66739,63.094185,69.240765,28.39353,,maanshan,5,0,52.22456354,9.373976715,13.58799702,8.290341737,2.001191194,11.07496739,35.96955252,29.2595234,68.50076624,3154.365038,16.55625155,0.347255569
2017,4,52,126,94,32,11,6,5,,17,52,46,229.35,118.06,111.29,13.54371565,55.12367435,68.66739,63.094185,69.240765,28.39353,,maanshan,5,0,50.32310942,9.574405062,12.86349753,7.921700128,1.851491961,10.26065594,43.96635089,37.04423178,69.15197372,3802.925056,16.55625155,0.347255569
2017,5,53,158,103,55,19,11,8,,29,55,55,229.35,118.06,111.29,13.54371565,55.12367435,68.66739,63.094185,69.240765,28.39353,,maanshan,5,0,44.42664293,8.593034731,11.15059365,7.113872734,1.59807991,8.816118333,49.19079653,42.6790259,71.60018112,3860.12916,16.55625155,0.347255569
2017,6,54,100,79,21,13,5,8,,19,33,35,229.35,118.06,111.29,13.54371565,55.12367435,68.66739,63.094185,69.240765,28.39353,,maanshan,5,0,36.46518495,7.44328601,9.022791956,5.803095787,1.365001531,7.564293379,51.56399798,46.63884444,78.09743569,4431.620817,16.55625155,0.347255569
2017,7,55,107,69,38,8,2,6,,23,35,41,229.35,118.06,111.29,13.54371565,55.12367435,68.66739,63.094185,69.240765,28.39353,,maanshan,5,0,27.4624629,4.371417271,4.539794725,2.800888391,1.432682298,7.456144893,57.67298217,52.33899298,77.31877892,5093.42626,16.55625155,0.347255569
2017,8,56,123,95,28,8,3,5,,22,42,51,229.35,118.06,111.29,13.54371565,55.12367435,68.66739,63.094185,69.240765,28.39353,,maanshan,5,0,25.93889537,4.557863414,5.422596192,3.213586831,1.174226175,6.153857978,54.96053253,51.63179726,85.0118737,5358.648175,16.55625155,0.347255569
2017,9,57,103,69,34,9,3,6,,15,30,49,229.35,118.06,111.29,13.54371565,55.12367435,68.66739,63.094185,69.240765,28.39353,,maanshan,5,0,32.23205561,6.753056988,7.472653834,4.767767575,1.264043999,6.626242812,49.6204867,46.63876606,86.01415532,5070.173591,16.55625155,0.347255569
2017,10,58,84,54,30,8,3,5,,13,28,35,229.35,118.06,111.29,13.54371565,55.12367435,68.66739,63.094185,69.240765,28.39353,,maanshan,5,0,40.13450442,7.58775808,9.429061835,5.747639376,1.638695247,8.359681762,42.71793425,38.96622445,81.92018365,4192.003496,16.55625155,0.347255569
2017,11,59,117,90,27,10,5,5,,21,34,52,229.35,118.06,111.29,13.54371565,55.12367435,68.66739,63.094185,69.240765,28.39353,,maanshan,5,0,62.5890248,10.55275883,16.26611578,9.779490872,2.473763121,13.43963663,37.57184646,31.52746085,71.45873333,2968.901663,16.55625155,0.347255569
2017,12,60,106,79,27,17,7,10,,25,29,35,229.35,118.06,111.29,13.54371565,55.12367435,68.66739,63.094185,69.240765,28.39353,,maanshan,5,0,78.09627306,12.67490838,22.54924318,12.97928608,3.184394443,15.0788397,30.44152079,23.65584379,67.13093368,2462.860818,16.55625155,0.347255569
2018,1,61,114,73,41,6,2,4,,23,42,43,229.11,117.88,111.23,13.26292878,53.98085622,67.243785,60.668328,71.505231,29.715567,,maanshan,5,0,81.45483261,14.69608316,22.17661273,13.83212804,3.454282513,17.61455558,26.22536195,22.79117191,81.42273857,2287.434867,16.55625155,0.347255569
2018,2,62,103,75,28,3,0,3,,13,43,44,229.11,117.88,111.23,13.26292878,53.98085622,67.243785,60.668328,71.505231,29.715567,,maanshan,5,1,63.72770465,10.51966393,17.32958139,10.59754912,2.89821903,14.18864241,29.30374035,23.56820492,71.29325159,2558.128247,16.55625155,0.347255569
2018,3,63,165,107,58,21,16,5,,33,54,57,229.11,117.88,111.23,13.26292878,53.98085622,67.243785,60.668328,71.505231,29.715567,,maanshan,5,0,48.85201535,8.817476093,13.13859108,7.973320119,1.932721469,10.38356619,38.17427631,33.04489273,75.35170301,3052.538267,16.55625155,0.347255569
2018,4,64,133,90,43,13,6,7,,32,43,45,229.11,117.88,111.23,13.26292878,53.98085622,67.243785,60.668328,71.505231,29.715567,,maanshan,5,0,43.41880212,7.613454707,11.38200672,6.87018975,1.671184045,9.157075727,44.17555955,37.5685038,70.38705441,3919.863896,16.55625155,0.347255569
2018,5,65,137,101,36,11,6,5,,26,42,58,229.11,117.88,111.23,13.26292878,53.98085622,67.243785,60.668328,71.505231,29.715567,,maanshan,5,0,38.21660803,7.233036375,9.406089528,5.779949862,1.48586685,8.012324722,48.95418572,44.62794221,80.20184194,4169.304971,16.55625155,0.347255569
2018,6,66,117,83,34,6,1,5,,21,39,51,229.11,117.88,111.23,13.26292878,53.98085622,67.243785,60.668328,71.505231,29.715567,,maanshan,5,0,38.66958745,7.685288511,9.466360284,5.972528643,1.488611865,8.340646901,52.7495871,47.34641099,76.37906318,4561.053963,16.55625155,0.347255569
2018,7,67,76,54,22,5,0,5,,8,35,28,229.11,117.88,111.23,13.26292878,53.98085622,67.243785,60.668328,71.505231,29.715567,,maanshan,5,0,25.99747582,4.294281909,4.407149671,2.641005979,1.429649834,7.062069454,56.64698262,52.27784664,80.93950971,5257.568963,16.55625155,0.347255569
2018,8,68,98,70,28,6,2,4,,20,34,38,229.11,117.88,111.23,13.26292878,53.98085622,67.243785,60.668328,71.505231,29.715567,,maanshan,5,0,24.99512305,4.451157391,5.045714101,3.05661401,1.175319264,5.874476397,55.97842012,51.90611797,82.0541432,5411.047704,16.55625155,0.347255569
2018,9,69,98,64,34,12,0,12,,18,29,39,229.11,117.88,111.23,13.26292878,53.98085622,67.243785,60.668328,71.505231,29.715567,,maanshan,5,0,32.52819284,5.879444739,7.773241395,4.514564996,1.313139387,7.207256768,50.87176915,46.30014208,79.43129375,4951.291679,16.55625155,0.347255569
2018,10,70,90,58,32,10,4,6,,25,24,31,229.11,117.88,111.23,13.26292878,53.98085622,67.243785,60.668328,71.505231,29.715567,,maanshan,5,0,41.71334711,7.771920105,9.59038025,5.931621705,1.648786016,9.053843662,43.22493281,36.28606395,68.95472763,3815.543236,16.55625155,0.347255569
2018,11,71,122,84,38,15,7,8,,19,47,41,229.11,117.88,111.23,13.26292878,53.98085622,67.243785,60.668328,71.505231,29.715567,,maanshan,5,0,57.23399984,11.54148288,15.39720749,9.566455876,2.225048783,11.51625718,37.7387566,34.41589833,83.30103334,3108.701096,16.55625155,0.347255569
2018,12,72,111,75,36,9,2,7,,23,36,43,229.11,117.88,111.23,13.26292878,53.98085622,67.243785,60.668328,71.505231,29.715567,,maanshan,5,0,56.34305364,11.4302213,14.63463026,9.292660125,2.27719186,11.67734145,30.43694708,26.60114967,80.0258275,2709.095356,16.55625155,0.347255569
2019,1,73,143,102,41,8,2,6,,25,50,60,229.14,117.85,111.29,12.96186048,52.75549152,65.717352,57.582882,73.874736,31.919202,,maanshan,5,0,78.24912975,13.2462536,21.08720981,12.96119699,3.468474458,17.89450233,28.6927044,24.6231005,78.68810069,2484.89947,16.55625155,0.347255569
2019,2,74,133,98,35,7,4,3,,23,46,57,229.14,117.85,111.29,12.96186048,52.75549152,65.717352,57.582882,73.874736,31.919202,,maanshan,5,1,55.65572704,10.24147522,15.40958524,9.613603087,2.292545263,11.44808643,29.11332374,26.33447038,85.01276659,2849.576897,16.55625155,0.347255569
2019,3,75,134,91,43,15,4,11,,37,44,38,229.14,117.85,111.29,12.96186048,52.75549152,65.717352,57.582882,73.874736,31.919202,,maanshan,5,0,52.18749412,8.674468442,14.73950037,8.624463648,2.010115057,11.14296644,37.64267564,30.94747102,68.87151538,3101.607949,16.55625155,0.347255569
2019,4,76,98,73,25,7,1,6,,14,45,32,229.14,117.85,111.29,12.96186048,52.75549152,65.717352,57.582882,73.874736,31.919202,,maanshan,5,0,41.41327538,8.445766095,10.97944936,6.887750428,1.445142689,8.363188815,43.18630053,37.74884983,74.84060247,3788.457338,16.55625155,0.347255569
2019,5,77,98,65,33,8,2,6,,16,28,46,229.14,117.85,111.29,12.96186048,52.75549152,65.717352,57.582882,73.874736,31.919202,,maanshan,5,0,32.17035775,5.816300776,7.603770366,4.645333851,1.315913246,7.449308079,48.1110492,39.45726894,63.71868784,3946.555509,16.55625155,0.347255569
2019,6,78,93,64,29,12,5,7,,23,31,27,229.14,117.85,111.29,12.96186048,52.75549152,65.717352,57.582882,73.874736,31.919202,,maanshan,5,0,34.45332127,6.82529362,8.906106335,5.686943011,1.279265586,7.160718082,52.01121742,46.66646575,76.50285821,4375.519504,16.55625155,0.347255569
2019,7,79,88,59,29,5,1,4,,10,39,34,229.14,117.85,111.29,12.96186048,52.75549152,65.717352,57.582882,73.874736,31.919202,,maanshan,5,0,22.96085725,4.213788591,5.084331185,3.108575048,0.99236736,5.3855764,55.33635279,50.78876778,80.07613676,5266.583298,16.55625155,0.347255569
2019,8,80,73,59,14,3,1,2,,14,27,29,229.14,117.85,111.29,12.96186048,52.75549152,65.717352,57.582882,73.874736,31.919202,,maanshan,5,0,25.69137541,4.863048604,5.998334334,3.718766779,1.038720877,5.533718457,55.32124985,50.19757996,77.8133747,5302.164365,16.55625155,0.347255569
2019,9,81,106,81,25,10,3,7,,29,38,29,229.14,117.85,111.29,12.96186048,52.75549152,65.717352,57.582882,73.874736,31.919202,,maanshan,5,0,31.21029025,6.262564008,7.580106271,4.758195761,1.208772788,6.335413306,50.71669495,44.98418956,74.80953285,5034.023461,16.55625155,0.347255569
2019,10,82,70,50,20,2,1,1,,12,29,27,229.14,117.85,111.29,12.96186048,52.75549152,65.717352,57.582882,73.874736,31.919202,,maanshan,5,0,38.1108783,6.874351303,8.829247556,5.362939866,1.524179531,8.373359863,44.52758893,38.39601844,72.28647831,3621.898477,16.55625155,0.347255569
2019,11,83,66,49,17,7,1,6,,14,27,18,229.14,117.85,111.29,12.96186048,52.75549152,65.717352,57.582882,73.874736,31.919202,,maanshan,5,0,40.29272184,6.233894544,9.637541777,5.757098064,1.610114063,8.938952427,38.51121519,31.31576695,67.09781622,2752.872449,16.55625155,0.347255569
2019,12,84,62,45,17,4,1,3,,9,26,23,229.14,117.85,111.29,12.96186048,52.75549152,65.717352,57.582882,73.874736,31.919202,,maanshan,5,0,54.80581842,10.09017444,14.64330571,9.047474502,2.204330896,11.03511248,31.95874657,27.36871447,76.7661852,2598.793082,16.55625155,0.347255569
2013,1,1,94,64,30,12,5,7,,26,27,29,214.5,110.26,104.24,17.22481952,49.78541866,67.01023818,61.45486374,59.77304906,26.26184903,,huaibei,6,0,197.5935534,31.14597233,51.2866882,32.37590315,8.560809823,46.12425403,-5.10568134,-9.556588873,70.9499069,1976.263821,0.545205026,1.183015548
2013,2,2,78,58,20,11,2,9,,13,24,30,214.5,110.26,104.24,17.22481952,49.78541866,67.01023818,61.45486374,59.77304906,26.26184903,,huaibei,6,1,126.1236185,21.49036175,35.55206902,21.96594388,4.948586097,26.42836819,-1.962531144,-6.650027694,70.30409216,2339.514818,0.545205026,1.183015548
2013,3,3,116,89,27,22,11,11,,20,27,47,214.5,110.26,104.24,17.22481952,49.78541866,67.01023818,61.45486374,59.77304906,26.26184903,,huaibei,6,0,87.44794617,15.41213951,23.16995682,14.36286022,3.511807208,18.98723467,4.237958844,-4.417370309,53.34776193,3529.251789,0.545205026,1.183015548
2013,4,4,106,75,31,25,3,22,,16,31,34,214.5,110.26,104.24,17.22481952,49.78541866,67.01023818,61.45486374,59.77304906,26.26184903,,huaibei,6,0,65.93511163,13.25775715,16.00571645,10.64046575,2.469084326,14.47181141,9.036229456,-1.42441639,47.91635999,4076.984167,0.545205026,1.183015548
2013,5,5,96,58,38,11,3,8,,27,30,28,214.5,110.26,104.24,17.22481952,49.78541866,67.01023818,61.45486374,59.77304906,26.26184903,,huaibei,6,0,55.6944998,12.87558336,13.113989,9.903310499,2.058900609,11.26958793,15.39935602,8.69183885,64.29787944,4313.005894,0.545205026,1.183015548
2013,6,6,103,73,30,9,7,2,,31,23,40,214.5,110.26,104.24,17.22481952,49.78541866,67.01023818,61.45486374,59.77304906,26.26184903,,huaibei,6,0,55.14662474,13.38910172,12.09923361,9.716206644,2.372097947,11.57022234,19.38255984,12.41733277,64.07831637,2613.000232,0.545205026,1.183015548
2013,7,7,105,64,41,17,5,12,,31,32,25,214.5,110.26,104.24,17.22481952,49.78541866,67.01023818,61.45486374,59.77304906,26.26184903,,huaibei,6,0,43.32554137,8.854113953,8.980360604,5.425130696,2.194164809,11.01584843,23.01054792,18.20860326,74.3830927,5022.703604,0.545205026,1.183015548
2013,8,8,96,63,33,11,3,8,,29,31,25,214.5,110.26,104.24,17.22481952,49.78541866,67.01023818,61.45486374,59.77304906,26.26184903,,huaibei,6,0,57.46285535,11.76411724,12.80174983,8.151499021,2.64006522,13.34738934,22.53992881,16.7007674,69.58680973,5017.8627,0.545205026,1.183015548
2013,9,9,115,76,39,14,5,9,,20,34,47,214.5,110.26,104.24,17.22481952,49.78541866,67.01023818,61.45486374,59.77304906,26.26184903,,huaibei,6,0,42.6192876,10.01739362,9.768241073,7.295022575,1.722022492,8.446464978,15.69544106,11.15610117,74.40493721,4594.935471,0.545205026,1.183015548
2013,10,10,116,79,37,15,5,10,,22,43,36,214.5,110.26,104.24,17.22481952,49.78541866,67.01023818,61.45486374,59.77304906,26.26184903,,huaibei,6,0,72.14830362,14.29978443,17.99370784,11.2289981,2.685838652,14.55774392,10.37959419,3.186874067,61.03213481,2350.57352,0.545205026,1.183015548
2013,11,11,59,44,15,7,2,5,,17,10,25,214.5,110.26,104.24,17.22481952,49.78541866,67.01023818,61.45486374,59.77304906,26.26184903,,huaibei,6,0,97.38023702,15.39892185,24.51594199,14.63488319,3.875270542,21.99545617,2.889614508,-3.145388831,64.52092933,3238.402636,0.545205026,1.183015548
2013,12,12,85,70,15,11,4,7,,22,29,23,214.5,110.26,104.24,17.22481952,49.78541866,67.01023818,61.45486374,59.77304906,26.26184903,,huaibei,6,0,161.1197738,23.96701307,40.50596441,25.18065428,6.702118569,38.02329521,-3.742431954,-10.53945424,59.25528818,3297.144558,0.545205026,1.183015548
2014,1,13,77,51,26,10,2,8,,20,23,24,215.3,110.54,104.76,17.94831988,51.87657371,69.82489359,62.56554593,57.68875835,25.22112302,,huaibei,6,1,141.9505719,21.769835,34.78459301,22.27258868,6.732594913,35.59900855,-2.0402038,-8.947148718,59.1892275,2983.817708,0.545205026,1.183015548
2014,2,14,99,73,26,23,7,16,,25,15,36,215.3,110.54,104.76,17.94831988,51.87657371,69.82489359,62.56554593,57.68875835,25.22112302,,huaibei,6,0,104.7994359,17.71833265,29.22622538,18.12863794,4.273662719,22.61703795,-3.058015614,-7.326434111,72.38079009,3415.789388,0.545205026,1.183015548
2014,3,15,107,74,33,23,8,15,,23,29,32,215.3,110.54,104.76,17.94831988,51.87657371,69.82489359,62.56554593,57.68875835,25.22112302,,huaibei,6,0,89.91722984,15.92941094,25.02771757,15.47743403,3.631197701,19.46277374,5.704049184,-2.044510739,57.48250931,3972.14829,0.545205026,1.183015548
2014,4,16,110,85,25,15,7,8,,25,32,38,215.3,110.54,104.76,17.94831988,51.87657371,69.82489359,62.56554593,57.68875835,25.22112302,,huaibei,6,0,60.10716154,13.66469344,15.07741157,10.31452164,2.190727538,11.63390755,9.94362397,4.235380095,67.64657928,4342.245285,0.545205026,1.183015548
2014,5,17,81,58,23,14,5,9,,28,21,18,215.3,110.54,104.76,17.94831988,51.87657371,69.82489359,62.56554593,57.68875835,25.22112302,,huaibei,6,0,54.64758646,10.53940009,11.82519319,8.137083362,2.181202153,12.17061312,16.43745254,6.751234713,52.72113595,4056.50408,0.545205026,1.183015548
2014,6,18,127,81,46,23,10,13,,32,40,32,215.3,110.54,104.76,17.94831988,51.87657371,69.82489359,62.56554593,57.68875835,25.22112302,,huaibei,6,0,52.64440039,12.77869519,11.91676146,9.486160027,2.211812098,10.4985758,18.93149229,12.66713423,66.99330327,2853.603203,0.545205026,1.183015548
2014,7,19,106,74,32,13,3,10,,33,31,29,215.3,110.54,104.76,17.94831988,51.87657371,69.82489359,62.56554593,57.68875835,25.22112302,,huaibei,6,0,54.58414678,12.20958577,12.6899378,9.174128073,2.309855615,11.36463449,21.11563703,16.25108003,73.76908257,4239.121438,0.545205026,1.183015548
2014,8,20,105,72,33,16,7,9,,20,36,33,215.3,110.54,104.76,17.94831988,51.87657371,69.82489359,62.56554593,57.68875835,25.22112302,,huaibei,6,0,34.1072381,8.260575405,7.937460422,5.72592796,1.280560888,6.625348593,18.65315699,15.16954553,80.18473323,5068.86008,0.545205026,1.183015548
2014,9,21,99,67,32,19,8,11,,27,27,26,215.3,110.54,104.76,17.94831988,51.87657371,69.82489359,62.56554593,57.68875835,25.22112302,,huaibei,6,0,40.2487266,9.990590241,9.083379993,6.920978749,1.512918161,7.920088382,15.04607729,12.27611949,83.52131787,4748.04725,0.545205026,1.183015548
2014,10,22,108,68,40,18,7,11,,31,25,34,215.3,110.54,104.76,17.94831988,51.87657371,69.82489359,62.56554593,57.68875835,25.22112302,,huaibei,6,0,59.11357581,11.66748899,15.32136748,9.640274022,2.141326789,11.52083822,11.29814537,5.91461569,69.47508498,2448.299914,0.545205026,1.183015548
2014,11,23,73,49,24,7,3,4,,16,27,23,215.3,110.54,104.76,17.94831988,51.87657371,69.82489359,62.56554593,57.68875835,25.22112302,,huaibei,6,0,77.23433944,13.45438772,21.10767166,12.69436397,2.994256755,15.86821275,3.659996186,-1.462451205,69.19935021,3197.685656,0.545205026,1.183015548
2014,12,24,85,53,32,6,2,4,,25,26,28,215.3,110.54,104.76,17.94831988,51.87657371,69.82489359,62.56554593,57.68875835,25.22112302,,huaibei,6,0,72.7304101,10.2011817,17.87848682,10.73194277,3.218098976,17.08476634,-3.58557919,-12.016849,52.05537269,3331.119383,0.545205026,1.183015548
2015,1,25,84,66,18,12,4,8,,19,26,27,216.5,111.13,105.37,17.33522449,50.10452551,67.43975,63.36955,60.3169,25.39545,,huaibei,6,0,94.76749018,14.42614406,24.31881128,14.60923484,4.586979639,22.6051734,-2.717944552,-9.40841228,60.0236024,2913.258845,0.545205026,1.183015548
2015,2,26,99,64,35,14,4,10,,27,36,22,216.5,111.13,105.37,17.33522449,50.10452551,67.43975,63.36955,60.3169,25.39545,,huaibei,6,1,95.34855834,14.95658254,24.63243957,15.37719456,4.411446314,23.15193409,-1.196940025,-8.020866425,59.79276002,3217.325196,0.545205026,1.183015548
2015,3,27,100,61,39,20,7,13,,26,22,32,216.5,111.13,105.37,17.33522449,50.10452551,67.43975,63.36955,60.3169,25.39545,,huaibei,6,0,68.45091853,11.66332716,19.67762182,11.71501078,2.69770842,14.74528841,4.076585696,-2.172232674,63.78186008,3849.010246,0.545205026,1.183015548
2015,4,28,113,78,35,17,7,10,,26,29,41,216.5,111.13,105.37,17.33522449,50.10452551,67.43975,63.36955,60.3169,25.39545,,huaibei,6,0,64.88766996,13.5261251,17.33848035,11.06511295,2.321000375,13.31434871,8.491361087,2.934049422,68.06137904,4513.770664,0.545205026,1.183015548
2015,5,29,133,84,49,13,4,9,,33,47,40,216.5,111.13,105.37,17.33522449,50.10452551,67.43975,63.36955,60.3169,25.39545,,huaibei,6,0,60.28866844,13.48720579,14.53924486,10.50479709,2.296789159,12.15006664,14.87994899,9.216571944,68.87562483,4690.167249,0.545205026,1.183015548
2015,6,30,96,65,31,16,6,10,,29,21,30,216.5,111.13,105.37,17.33522449,50.10452551,67.43975,63.36955,60.3169,25.39545,,huaibei,6,0,51.29954425,11.55617684,10.39302993,8.121112086,2.224888833,11.85907396,18.49859859,11.5927541,64.13403793,2702.4439,0.545205026,1.183015548
2015,7,31,78,50,28,14,3,11,,19,24,21,216.5,111.13,105.37,17.33522449,50.10452551,67.43975,63.36955,60.3169,25.39545,,huaibei,6,0,48.123477,10.65504244,11.47411771,8.014113988,1.947289508,10.10711513,20.31351394,16.26161476,77.55613595,4480.824025,0.545205026,1.183015548
2015,8,32,99,72,27,14,4,10,,28,25,32,216.5,111.13,105.37,17.33522449,50.10452551,67.43975,63.36955,60.3169,25.39545,,huaibei,6,0,46.77102725,10.41558408,10.87431747,7.327261547,1.871076124,9.847359223,19.80868123,15.92935458,78.3391114,5150.266808,0.545205026,1.183015548
2015,9,33,73,49,24,15,3,12,,14,23,21,216.5,111.13,105.37,17.33522449,50.10452551,67.43975,63.36955,60.3169,25.39545,,huaibei,6,0,43.49910524,10.24430353,10.23032378,7.198439475,1.625689345,8.624175316,15.9646991,10.9574516,72.17773706,4686.423903,0.545205026,1.183015548
2015,10,34,117,75,42,25,9,16,,21,41,30,216.5,111.13,105.37,17.33522449,50.10452551,67.43975,63.36955,60.3169,25.39545,,huaibei,6,0,68.04726611,12.48239868,16.21929168,10.30594524,2.991281363,15.77055375,10.81220929,3.790104162,61.87465296,2364.895169,0.545205026,1.183015548
2015,11,35,43,32,11,6,1,5,,8,11,18,216.5,111.13,105.37,17.33522449,50.10452551,67.43975,63.36955,60.3169,25.39545,,huaibei,6,0,73.99080929,16.04220097,19.2977685,12.37930859,2.732455778,15.22192646,1.931175504,-0.704962343,82.67817044,3025.08942,0.545205026,1.183015548
2015,12,36,83,60,23,14,2,12,,28,27,14,216.5,111.13,105.37,17.33522449,50.10452551,67.43975,63.36955,60.3169,25.39545,,huaibei,6,0,102.213021,17.03001849,28.5334664,17.03922999,4.245548064,21.02172104,-2.208335379,-7.754757168,65.75153967,3154.082148,0.545205026,1.183015548
2016,1,37,105,64,41,26,14,12,,29,29,21,216.54,111.16,105.38,16.62039934,48.03844466,64.658844,62.601714,63.22968,25.9848,,huaibei,6,0,119.1965731,18.99400228,30.24912435,19.36590757,5.853391506,28.96361964,-5.152013866,-11.28261207,62.10614256,2946.056296,0.545205026,1.183015548
2016,2,38,137,81,56,19,6,13,,37,46,35,216.54,111.16,105.38,16.62039934,48.03844466,64.658844,62.601714,63.22968,25.9848,,huaibei,6,1,96.33973054,14.04989335,23.23465588,14.14464606,5.194637352,25.58565137,-0.812315304,-9.265105588,52.75990317,3025.402326,0.545205026,1.183015548
2016,3,39,121,85,36,29,21,8,,27,28,37,216.54,111.16,105.38,16.62039934,48.03844466,64.658844,62.601714,63.22968,25.9848,,huaibei,6,0,73.03239688,11.99639927,20.45437384,12.62853989,2.956929136,17.22080266,4.998677323,-3.280451777,55.08222443,3732.371934,0.545205026,1.183015548
2016,4,40,105,78,27,17,4,13,,27,28,33,216.54,111.16,105.38,16.62039934,48.03844466,64.658844,62.601714,63.22968,25.9848,,huaibei,6,0,63.01478334,13.25948738,16.9026967,10.93190427,2.171991702,12.65089701,11.38904278,5.771824775,68.37974602,4553.955455,0.545205026,1.183015548
2016,5,41,105,75,30,17,4,13,,27,27,34,216.54,111.16,105.38,16.62039934,48.03844466,64.658844,62.601714,63.22968,25.9848,,huaibei,6,0,42.74312468,8.979110334,10.79544794,7.088877534,1.54610913,8.888473856,14.29488385,6.906443954,61.13684951,4449.745851,0.545205026,1.183015548
2016,6,42,101,66,35,23,8,15,,24,24,30,216.54,111.16,105.38,16.62039934,48.03844466,64.658844,62.601714,63.22968,25.9848,,huaibei,6,0,38.81647878,8.954317897,9.5142965,6.596073098,1.470898672,7.699701205,18.90839971,13.25532621,69.71945301,2824.868206,0.545205026,1.183015548
2016,7,43,91,57,34,26,10,16,,23,21,21,216.54,111.16,105.38,16.62039934,48.03844466,64.658844,62.601714,63.22968,25.9848,,huaibei,6,0,31.68299936,6.589512565,7.060796786,4.52777447,1.482930017,7.380574011,21.46616647,17.96409589,80.4692985,5045.775981,0.545205026,1.183015548
2016,8,44,102,67,35,17,8,9,,28,30,27,216.54,111.16,105.38,16.62039934,48.03844466,64.658844,62.601714,63.22968,25.9848,,huaibei,6,0,35.11888399,7.347576125,8.061788716,5.312224505,1.464084967,7.545646318,21.40139404,16.84271764,75.26580968,5113.536856,0.545205026,1.183015548
2016,9,45,100,68,32,21,13,8,,23,24,32,216.54,111.16,105.38,16.62039934,48.03844466,64.658844,62.601714,63.22968,25.9848,,huaibei,6,0,41.44432586,8.764807982,10.09226687,6.723381595,1.59904948,8.471298487,17.6240309,10.28917305,62.13824143,4741.675432,0.545205026,1.183015548
2016,10,46,119,85,34,25,6,19,,23,34,37,216.54,111.16,105.38,16.62039934,48.03844466,64.658844,62.601714,63.22968,25.9848,,huaibei,6,0,37.43666764,8.33790812,8.791102999,5.886274352,1.415833922,7.508603919,10.10836816,7.053763299,81.328548,2708.64185,0.545205026,1.183015548
2016,11,47,91,61,30,14,5,9,,16,25,36,216.54,111.16,105.38,16.62039934,48.03844466,64.658844,62.601714,63.22968,25.9848,,huaibei,6,0,76.78717724,14.63251397,21.06410002,12.9333744,2.905380918,15.35481653,3.130435565,-0.947346126,74.59487857,3001.472477,0.545205026,1.183015548
2016,12,48,80,47,33,9,2,7,,15,32,24,216.54,111.16,105.38,16.62039934,48.03844466,64.658844,62.601714,63.22968,25.9848,,huaibei,6,0,102.649418,18.69488459,27.91022802,17.54699768,4.184564573,21.10666965,-1.117113223,-5.018663003,74.80870441,3282.542206,0.545205026,1.183015548
2017,1,49,98,71,27,19,1,18,,20,28,31,216.95,111.33,105.62,16.69648182,48.25834818,64.95483,59.682945,65.497205,26.85841,,huaibei,6,1,96.22755448,16.08272976,25.32041096,16.14784185,4.565617685,21.39967443,-7.520636765,-12.49454926,67.54382506,3439.517591,0.545205026,1.183015548
2017,2,50,102,74,28,18,0,18,,24,35,25,216.95,111.33,105.62,16.69648182,48.25834818,64.95483,59.682945,65.497205,26.85841,,huaibei,6,0,94.53372418,15.37842043,24.60788898,15.40462206,4.890845713,22.93147774,-5.021031261,-11.7807546,59.09359133,3640.583984,0.545205026,1.183015548
2017,3,51,121,82,39,29,11,18,,22,23,47,216.95,111.33,105.62,16.69648182,48.25834818,64.95483,59.682945,65.497205,26.85841,,huaibei,6,0,65.29073939,10.80419241,18.30203813,10.97105503,2.675343556,14.33465396,-1.068958805,-9.024937734,54.77934494,3871.110531,0.545205026,1.183015548
2017,4,52,105,75,30,11,1,10,,30,29,35,216.95,111.33,105.62,16.69648182,48.25834818,64.95483,59.682945,65.497205,26.85841,,huaibei,6,0,54.65178252,10.64124105,14.87228307,8.947134602,2.019525583,11.60790514,6.933276486,-1.219759615,56.11595098,4385.51475,0.545205026,1.183015548
2017,5,53,120,78,42,23,8,15,,23,39,35,216.95,111.33,105.62,16.69648182,48.25834818,64.95483,59.682945,65.497205,26.85841,,huaibei,6,0,45.07846935,8.514395097,11.12617731,7.187648877,1.798847946,9.923127199,12.03920037,3.301445283,55.12018445,4270.623899,0.545205026,1.183015548
2017,6,54,105,76,29,25,10,15,,22,29,29,216.95,111.33,105.62,16.69648182,48.25834818,64.95483,59.682945,65.497205,26.85841,,huaibei,6,0,46.58896428,10.36358059,11.85220587,8.314820753,1.727629244,9.359808085,14.40173943,7.325569834,62.4830648,3465.826099,0.545205026,1.183015548
2017,7,55,83,57,26,16,5,11,,15,27,25,216.95,111.33,105.62,16.69648182,48.25834818,64.95483,59.682945,65.497205,26.85841,,huaibei,6,0,34.25962088,6.139659716,7.448074547,4.496192967,1.821768414,9.230888353,17.94008509,14.06161702,78.06702422,4489.177132,0.545205026,1.183015548
2017,8,56,91,69,22,18,4,14,,18,22,33,216.95,111.33,105.62,16.69648182,48.25834818,64.95483,59.682945,65.497205,26.85841,,huaibei,6,0,34.20137473,6.840662008,9.088690528,5.540018623,1.289779554,7.028897462,15.97640821,12.65670023,80.67745365,5056.834586,0.545205026,1.183015548
2017,9,57,85,65,20,19,8,11,,17,24,25,216.95,111.33,105.62,16.69648182,48.25834818,64.95483,59.682945,65.497205,26.85841,,huaibei,6,0,42.49878979,9.045622757,11.2117174,7.075338788,1.508529676,8.513533822,11.60588471,8.369560359,80.52993826,4514.870183,0.545205026,1.183015548
2017,10,58,61,45,16,10,1,9,,14,15,22,216.95,111.33,105.62,16.69648182,48.25834818,64.95483,59.682945,65.497205,26.85841,,huaibei,6,0,54.03791681,10.77269432,14.50055548,9.109440508,2.028808735,10.82361985,4.435656935,0.005485094,72.94198068,2534.894166,0.545205026,1.183015548
2017,11,59,102,66,36,14,1,13,,18,30,40,216.95,111.33,105.62,16.69648182,48.25834818,64.95483,59.682945,65.497205,26.85841,,huaibei,6,0,79.03208362,13.37860528,21.46614972,13.33422175,3.216215749,16.60310799,-0.697008504,-8.338312743,56.24367264,2043.541703,0.545205026,1.183015548
2017,12,60,79,60,19,15,7,8,,15,33,16,216.95,111.33,105.62,16.69648182,48.25834818,64.95483,59.682945,65.497205,26.85841,,huaibei,6,0,99.26646342,16.20465508,27.64183399,16.62319329,4.553933707,21.06906143,-6.653649271,-14.22579756,54.89864849,2185.46806,0.545205026,1.183015548
2018,1,61,108,73,35,18,10,8,,29,25,36,217.86,111.8,106.06,16.43611319,47.50579681,63.94191,57.689328,67.994106,28.256442,,huaibei,6,0,102.1901069,19.07165168,28.1562393,17.45062919,4.825075654,21.85119681,-10.40902037,-15.32062293,67.22282678,1410.491397,0.545205026,1.183015548
2018,2,62,96,72,24,10,3,7,,20,30,36,217.86,111.8,106.06,16.43611319,47.50579681,63.94191,57.689328,67.994106,28.256442,,huaibei,6,1,75.27843567,12.12799696,19.65364876,12.33004031,3.779634655,18.60145368,-5.998873899,-14.36407209,51.63052665,2677.284305,0.545205026,1.183015548
2018,3,63,136,98,38,25,11,14,,32,40,39,217.86,111.8,106.06,16.43611319,47.50579681,63.94191,57.689328,67.994106,28.256442,,huaibei,6,0,64.71713787,11.81774243,18.2636916,11.48752386,2.702908794,13.60581593,0.808926628,-4.359447706,68.35984258,3393.024717,0.545205026,1.183015548
2018,4,64,90,64,26,18,6,12,,20,30,22,217.86,111.8,106.06,16.43611319,47.50579681,63.94191,57.689328,67.994106,28.256442,,huaibei,6,0,48.89757665,8.817600909,13.21657934,8.12233272,1.925726678,10.72205591,6.542851079,-1.164616319,57.8738038,4225.100168,0.545205026,1.183015548
2018,5,65,114,82,32,21,7,14,,17,32,44,217.86,111.8,106.06,16.43611319,47.50579681,63.94191,57.689328,67.994106,28.256442,,huaibei,6,0,42.17442065,8.225699916,10.3230565,6.467897923,1.626011713,9.497920257,10.57343305,5.426855398,70.47922014,4369.60932,0.545205026,1.183015548
2018,6,66,85,55,30,11,2,9,,21,32,21,217.86,111.8,106.06,16.43611319,47.50579681,63.94191,57.689328,67.994106,28.256442,,huaibei,6,0,37.36485155,7.676314399,9.512203746,6.253656781,1.555866819,8.139457744,15.60232443,7.904743332,60.16838743,2727.329147,0.545205026,1.183015548
2018,7,67,87,48,39,8,2,6,,26,26,27,217.86,111.8,106.06,16.43611319,47.50579681,63.94191,57.689328,67.994106,28.256442,,huaibei,6,0,26.58988086,5.123189793,5.593353477,3.518618426,1.372398093,6.85630593,17.25546667,13.48725128,78.52629538,4739.381784,0.545205026,1.183015548
2018,8,68,113,78,35,12,6,6,,24,37,40,217.86,111.8,106.06,16.43611319,47.50579681,63.94191,57.689328,67.994106,28.256442,,huaibei,6,0,28.54986654,5.33800935,7.036345631,4.272566894,1.24755956,6.374857206,16.96074538,13.43461498,79.73118301,4658.049714,0.545205026,1.183015548
2018,9,69,76,53,23,12,2,10,,17,28,19,217.86,111.8,106.06,16.43611319,47.50579681,63.94191,57.689328,67.994106,28.256442,,huaibei,6,0,32.87848532,6.313724806,8.085415179,4.853270543,1.290795337,7.368368546,11.61071827,6.0953118,68.90817816,4051.031015,0.545205026,1.183015548
2018,10,70,100,73,27,16,8,8,,25,27,32,217.86,111.8,106.06,16.43611319,47.50579681,63.94191,57.689328,67.994106,28.256442,,huaibei,6,0,47.37796971,8.37083658,12.49196173,7.538552735,1.823005508,10.50204083,5.439048631,-2.960842144,54.70772763,2493.67056,0.545205026,1.183015548
2018,11,71,98,65,33,12,6,6,,19,30,37,217.86,111.8,106.06,16.43611319,47.50579681,63.94191,57.689328,67.994106,28.256442,,huaibei,6,0,82.19867685,16.23085383,22.99273857,14.35522242,3.41712832,17.02830947,-0.422630332,-3.836075419,77.72857435,2360.726997,0.545205026,1.183015548
2018,12,72,115,71,44,11,3,8,,20,41,43,217.86,111.8,106.06,16.43611319,47.50579681,63.94191,57.689328,67.994106,28.256442,,huaibei,6,0,78.70465026,14.56650886,21.1062461,12.90644251,3.461515792,17.22924165,-7.616616922,-12.62052147,67.358811,3006.875305,0.545205026,1.183015548
2019,1,73,113,85,28,19,6,13,,20,33,41,218.72,112.25,106.47,16.12431087,46.60458513,62.728896,54.964336,70.515328,30.467696,,huaibei,6,0,107.9572619,18.67970177,29.84591006,17.98627231,5.304718178,24.21387878,-8.504842416,-13.9006056,65.0455252,2859.370999,0.545205026,1.183015548
2019,2,74,79,57,22,12,4,8,,25,17,25,218.72,112.25,106.47,16.12431087,46.60458513,62.728896,54.964336,70.515328,30.467696,,huaibei,6,1,92.26389154,16.7553296,26.58142914,16.14796547,4.150835677,19.40533732,-7.474708591,-11.64240498,72.07116008,3149.468895,0.545205026,1.183015548
2019,3,75,95,70,25,15,7,8,,20,27,33,218.72,112.25,106.47,16.12431087,46.60458513,62.728896,54.964336,70.515328,30.467696,,huaibei,6,0,61.21620795,10.1455329,16.50012207,10.14144824,2.697038589,14.88656965,0.6535057,-7.373454548,54.95203698,3700.234065,0.545205026,1.183015548
2019,4,76,88,65,23,14,5,9,,16,30,28,218.72,112.25,106.47,16.12431087,46.60458513,62.728896,54.964336,70.515328,30.467696,,huaibei,6,0,43.04848295,8.19697484,12.09091413,7.365643561,1.568505307,9.225755462,4.795929009,-0.538900061,68.37023242,4469.808789,0.545205026,1.183015548
2019,5,77,108,63,45,21,8,13,,23,25,39,218.72,112.25,106.47,16.12431087,46.60458513,62.728896,54.964336,70.515328,30.467696,,huaibei,6,0,28.7240302,5.016327106,6.595400673,4.068434731,1.385520277,7.316801403,10.88069419,1.287371414,51.56238636,4275.813214,0.545205026,1.183015548
2019,6,78,76,59,17,5,1,4,,25,17,29,218.72,112.25,106.47,16.12431087,46.60458513,62.728896,54.964336,70.515328,30.467696,,huaibei,6,0,28.11149912,5.744591591,6.786989916,4.903887113,1.196487079,6.257213712,16.05187741,7.10431005,55.35622382,2931.390626,0.545205026,1.183015548
2019,7,79,71,53,18,11,5,6,,19,15,26,218.72,112.25,106.47,16.12431087,46.60458513,62.728896,54.964336,70.515328,30.467696,,huaibei,6,0,24.17522856,4.682169446,5.650017792,3.709737081,1.130239004,5.803168921,17.03555525,11.66006778,70.63721151,4434.647847,0.545205026,1.183015548
2019,8,80,103,80,23,11,5,6,,21,32,39,218.72,112.25,106.47,16.12431087,46.60458513,62.728896,54.964336,70.515328,30.467696,,huaibei,6,0,24.95234071,5.187357819,6.636032551,4.137803282,0.920367016,5.079171023,15.10838936,11.12938174,77.12289451,4895.104963,0.545205026,1.183015548
2019,9,81,81,64,17,12,8,4,,15,32,22,218.72,112.25,106.47,16.12431087,46.60458513,62.728896,54.964336,70.515328,30.467696,,huaibei,6,0,34.43405301,6.558518227,9.186027569,5.587480575,1.291037997,7.241675052,12.13518041,5.772191245,65.09664824,4614.503116,0.545205026,1.183015548
2019,10,82,97,69,28,18,8,10,,29,21,29,218.72,112.25,106.47,16.12431087,46.60458513,62.728896,54.964336,70.515328,30.467696,,huaibei,6,0,46.74103718,8.227761493,12.75425153,7.46344839,1.764274851,9.444406282,5.773072977,-0.120948777,65.85474976,2393.666221,0.545205026,1.183015548
2019,11,83,85,62,23,14,8,6,,15,24,32,218.72,112.25,106.47,16.12431087,46.60458513,62.728896,54.964336,70.515328,30.467696,,huaibei,6,0,60.57192241,9.793250943,15.28166249,9.128037946,2.470881436,14.07030845,0.56784317,-6.846933409,57.57916025,2666.89767,0.545205026,1.183015548
2019,12,84,70,53,17,17,5,12,,13,21,19,218.72,112.25,106.47,16.12431087,46.60458513,62.728896,54.964336,70.515328,30.467696,,huaibei,6,0,76.17828124,13.45534221,21.35138665,12.88453474,3.544394015,15.40831868,-5.876450122,-10.89952946,67.65011016,3062.888433,0.545205026,1.183015548
2013,1,1,53,41,12,8,2,6,,11,16,18,74.23,37.65,36.58,4.556202623,18.63340102,23.18960364,21.26710739,20.68509758,9.088191391,,tongling,7,0,129.8035977,20.44625819,34.99333822,22.00417637,5.377596396,28.00869276,24.9897753,20.39600654,75.67761909,2634.122776,26.57160164,3.736729004
2013,2,2,69,50,19,11,5,6,,13,22,23,74.23,37.65,36.58,4.556202623,18.63340102,23.18960364,21.26710739,20.68509758,9.088191391,,tongling,7,1,99.11180143,18.56326328,26.33322576,16.39688709,3.510765261,18.77838877,27.68434703,24.46403303,82.65629882,2955.331915,26.57160164,3.736729004
2013,3,3,73,53,20,11,5,6,,18,21,23,74.23,37.65,36.58,4.556202623,18.63340102,23.18960364,21.26710739,20.68509758,9.088191391,,tongling,7,0,73.79541007,14.39008083,17.1830721,12.57129357,3.068555236,15.57726314,34.23196075,27.83460239,69.4289723,3242.065287,26.57160164,3.736729004
2013,4,4,59,47,12,7,3,4,,11,25,16,74.23,37.65,36.58,4.556202623,18.63340102,23.18960364,21.26710739,20.68509758,9.088191391,,tongling,7,0,58.6616384,12.41618318,12.6818167,9.763198368,2.381099562,12.35340537,39.2267527,31.00367385,63.42149859,3982.949701,26.57160164,3.736729004
2013,5,5,60,43,17,8,1,7,,21,15,16,74.23,37.65,36.58,4.556202623,18.63340102,23.18960364,21.26710739,20.68509758,9.088191391,,tongling,7,0,49.81023314,10.89743866,10.32834184,8.21658579,2.044717356,10.02413528,45.29226065,40.4094286,77.42013392,4355.819949,26.57160164,3.736729004
2013,6,6,57,37,20,9,2,7,,11,22,15,74.23,37.65,36.58,4.556202623,18.63340102,23.18960364,21.26710739,20.68509758,9.088191391,,tongling,7,0,40.24882855,9.113833483,7.858094463,6.117469746,1.774608383,8.374862294,48.45683231,44.45124193,81.48544425,4632.599754,26.57160164,3.736729004
2013,7,7,56,42,14,7,3,4,,18,19,12,74.23,37.65,36.58,4.556202623,18.63340102,23.18960364,21.26710739,20.68509758,9.088191391,,tongling,7,0,26.77200242,5.188326951,2.908462723,1.95457002,1.457893982,7.273235635,53.97126799,47.32862222,71.89721159,5167.173773,26.57160164,3.736729004
2013,8,8,51,36,15,6,2,4,,14,20,11,74.23,37.65,36.58,4.556202623,18.63340102,23.18960364,21.26710739,20.68509758,9.088191391,,tongling,7,0,32.5208272,6.498155275,4.559096564,3.225599797,1.675019976,8.116422661,54.45636836,46.89392901,68.68993087,5226.415856,26.57160164,3.736729004
2013,9,9,59,38,21,4,2,2,,18,20,17,74.23,37.65,36.58,4.556202623,18.63340102,23.18960364,21.26710739,20.68509758,9.088191391,,tongling,7,0,40.50818939,8.598699512,8.350186585,6.113168019,1.70851891,8.05265508,46.36387501,41.9570396,79.54318691,5298.727507,26.57160164,3.736729004
2013,10,10,54,38,16,7,4,3,,9,18,20,74.23,37.65,36.58,4.556202623,18.63340102,23.18960364,21.26710739,20.68509758,9.088191391,,tongling,7,0,59.02904423,11.91610079,13.08946763,9.088182511,2.227342582,10.91314632,40.82848513,35.47059405,74.80417087,4508.985989,26.57160164,3.736729004
2013,11,11,45,30,15,2,1,1,,16,13,14,74.23,37.65,36.58,4.556202623,18.63340102,23.18960364,21.26710739,20.68509758,9.088191391,,tongling,7,0,87.52823442,15.15083178,21.56214688,13.42243598,3.148999255,18.06977653,34.18732444,28.49146897,72.31614013,3503.892361,26.57160164,3.736729004
2013,12,12,40,31,9,6,1,5,,7,12,15,74.23,37.65,36.58,4.556202623,18.63340102,23.18960364,21.26710739,20.68509758,9.088191391,,tongling,7,0,107.1022109,16.7084039,29.58413486,18.04850219,4.14836516,21.86794631,26.47394515,19.85607945,67.02586182,2935.647875,26.57160164,3.736729004
2014,1,13,61,44,17,4,1,3,,15,20,22,73.78,37.31,36.47,4.701263653,19.2266539,23.92791755,21.44025072,19.76905058,8.642891111,,tongling,7,1,104.1633705,16.01464797,26.2187531,16.57795667,4.523551071,24.36967188,27.81389221,21.22671234,67.4211707,2613.117108,26.57160164,3.736729004
2014,2,14,77,50,27,10,4,6,,15,29,23,73.78,37.31,36.47,4.701263653,19.2266539,23.92791755,21.44025072,19.76905058,8.642891111,,tongling,7,0,64.29600298,10.34101514,17.08643834,10.64881877,2.612674492,13.70411,26.54830865,23.48894234,83.32791308,2922.63834,26.57160164,3.736729004
2014,3,15,62,42,20,5,1,4,,11,31,15,73.78,37.31,36.47,4.701263653,19.2266539,23.92791755,21.44025072,19.76905058,8.642891111,,tongling,7,0,62.4545623,11.52419081,15.29760109,10.31322216,2.462205883,13.77943958,35.01440977,29.09024773,71.50718057,3429.564751,26.57160164,3.736729004
2014,4,16,56,41,15,5,1,4,,12,23,16,73.78,37.31,36.47,4.701263653,19.2266539,23.92791755,21.44025072,19.76905058,8.642891111,,tongling,7,0,47.92255244,10.81323147,10.88103406,8.103957419,1.687106668,8.944612342,39.69256767,35.16405642,78.14399156,4300.80529,26.57160164,3.736729004
2014,5,17,65,49,16,8,3,5,,11,27,19,73.78,37.31,36.47,4.701263653,19.2266539,23.92791755,21.44025072,19.76905058,8.642891111,,tongling,7,0,45.65574319,9.206238645,9.092994952,7.065575002,1.861070833,9.616696876,45.59109048,39.4252676,72.32800509,4338.481923,26.57160164,3.736729004
2014,6,18,59,44,15,5,2,3,,11,17,26,73.78,37.31,36.47,4.701263653,19.2266539,23.92791755,21.44025072,19.76905058,8.642891111,,tongling,7,0,53.60387136,11.93015055,11.58602755,9.420894186,2.129812908,10.94603506,48.48208058,43.96847151,79.36750006,4542.472673,26.57160164,3.736729004
2014,7,19,71,46,25,5,1,4,,21,24,21,73.78,37.31,36.47,4.701263653,19.2266539,23.92791755,21.44025072,19.76905058,8.642891111,,tongling,7,0,39.88278836,8.267133384,7.788926521,5.86040838,1.768991274,8.674692748,50.98735073,47.46761885,83.81897528,5476.210431,26.57160164,3.736729004
2014,8,20,61,42,19,3,0,3,,14,21,23,73.78,37.31,36.47,4.701263653,19.2266539,23.92791755,21.44025072,19.76905058,8.642891111,,tongling,7,0,33.79118545,7.593888304,6.980634177,5.103276293,1.263828514,6.751620453,48.99083533,46.16191401,86.63362637,5779.786491,26.57160164,3.736729004
2014,9,21,71,50,21,12,8,4,,7,28,24,73.78,37.31,36.47,4.701263653,19.2266539,23.92791755,21.44025072,19.76905058,8.642891111,,tongling,7,0,41.63661078,9.297569904,8.665297937,6.95617682,1.842588069,8.094524681,46.88060581,43.71094976,84.9320736,5247.29752,26.57160164,3.736729004
2014,10,22,44,28,16,8,2,6,,10,13,13,73.78,37.31,36.47,4.701263653,19.2266539,23.92791755,21.44025072,19.76905058,8.642891111,,tongling,7,0,53.07072375,10.61953252,11.61079011,8.458361676,2.003615326,10.10063805,41.88769733,36.60852398,75.29107114,4564.175872,26.57160164,3.736729004
2014,11,23,44,29,15,7,0,7,,8,15,14,73.78,37.31,36.47,4.701263653,19.2266539,23.92791755,21.44025072,19.76905058,8.642891111,,tongling,7,0,60.10815769,10.6117696,15.993229,9.730090334,2.102318235,11.66039692,34.39357824,30.3152264,79.42484236,3963.60448,26.57160164,3.736729004
2014,12,24,40,28,12,5,0,5,,7,14,14,73.78,37.31,36.47,4.701263653,19.2266539,23.92791755,21.44025072,19.76905058,8.642891111,,tongling,7,0,60.65965176,9.30816568,16.40896111,9.794093077,2.293483231,12.12228492,26.74662739,18.94608363,62.32848009,3206.328793,26.57160164,3.736729004
2015,1,25,56,45,11,4,2,2,,12,21,19,170.43,87.51,82.92,10.43070827,42.65823673,53.088945,49.884861,47.481798,19.991439,,tongling,7,0,83.64878191,13.16188835,20.68659958,13.23899433,3.402536735,19.83514845,27.29548905,21.90400929,72.43746701,2686.210628,26.57160164,3.736729004
2015,2,26,67,49,18,7,2,5,,17,27,16,170.43,87.51,82.92,10.43070827,42.65823673,53.088945,49.884861,47.481798,19.991439,,tongling,7,1,81.22774741,13.09016488,21.89254034,13.81425796,3.448419051,18.49430184,28.83274971,24.0138911,75.25361112,3050.833297,26.57160164,3.736729004
2015,3,27,52,43,9,6,1,5,,9,26,11,170.43,87.51,82.92,10.43070827,42.65823673,53.088945,49.884861,47.481798,19.991439,,tongling,7,0,48.23988821,8.830076957,12.89389032,8.059341844,1.757643867,9.917567224,33.72995614,28.97240613,76.28480109,3225.974254,26.57160164,3.736729004
2015,4,28,59,46,13,5,1,4,,8,27,19,170.43,87.51,82.92,10.43070827,42.65823673,53.088945,49.884861,47.481798,19.991439,,tongling,7,0,50.33749828,10.52927389,11.8152413,8.18858041,1.803740393,10.61195559,39.33686149,33.38222229,72.12397914,4281.479872,26.57160164,3.736729004
2015,5,29,44,32,12,3,1,2,,8,15,18,170.43,87.51,82.92,10.43070827,42.65823673,53.088945,49.884861,47.481798,19.991439,,tongling,7,0,58.38438001,12.62909132,13.16514155,9.985691638,2.05790215,11.55127541,45.30190426,40.75414145,78.81523456,4479.859975,26.57160164,3.736729004
2015,6,30,55,39,16,6,1,5,,13,18,18,170.43,87.51,82.92,10.43070827,42.65823673,53.088945,49.884861,47.481798,19.991439,,tongling,7,0,37.05720399,7.995900779,7.454478649,5.661936742,1.54237671,7.901597118,48.23083315,44.67785748,83.39280631,4604.021158,26.57160164,3.736729004
2015,7,31,53,39,14,2,0,2,,14,23,14,170.43,87.51,82.92,10.43070827,42.65823673,53.088945,49.884861,47.481798,19.991439,,tongling,7,0,32.44296033,6.888719744,6.365988726,4.671668762,1.342425943,6.743248936,50.02016915,46.33857567,83.03068044,5612.72032,26.57160164,3.736729004
2015,8,32,55,38,17,3,1,2,,10,21,21,170.43,87.51,82.92,10.43070827,42.65823673,53.088945,49.884861,47.481798,19.991439,,tongling,7,0,37.33503146,7.335483601,7.991723641,5.414145098,1.476879708,7.684372761,50.75679213,46.33757384,80.03876687,5750.271604,26.57160164,3.736729004
2015,9,33,35,23,12,12,5,7,,4,10,9,170.43,87.51,82.92,10.43070827,42.65823673,53.088945,49.884861,47.481798,19.991439,,tongling,7,0,44.58514666,9.231142699,10.52057673,7.289648329,1.560181415,7.728117698,46.9506438,41.82839683,76.67405744,5468.646831,26.57160164,3.736729004
2015,10,34,45,35,10,1,0,1,,10,16,18,170.43,87.51,82.92,10.43070827,42.65823673,53.088945,49.884861,47.481798,19.991439,,tongling,7,0,54.24782218,9.709685692,12.80410362,8.426518832,1.916557388,10.68876686,41.50380906,36.06564903,74.5783743,4565.021136,26.57160164,3.736729004
2015,11,35,41,26,15,5,2,3,,11,12,13,170.43,87.51,82.92,10.43070827,42.65823673,53.088945,49.884861,47.481798,19.991439,,tongling,7,0,42.96254729,9.113410364,10.09181354,6.616165452,1.49309061,8.554642396,33.74986172,31.16746363,86.43760728,4004.288021,26.57160164,3.736729004
2015,12,36,44,29,15,6,2,4,,7,16,15,170.43,87.51,82.92,10.43070827,42.65823673,53.088945,49.884861,47.481798,19.991439,,tongling,7,0,75.95076602,13.76715131,20.44552748,12.4493409,2.707979939,15.77324059,28.41192185,23.92042466,76.68254038,3212.488364,26.57160164,3.736729004
2016,1,37,52,37,15,2,0,2,,13,21,16,170.85,87.72,83.13,10.02338681,40.99242319,51.01581,49.392735,49.8882,20.502,,tongling,7,0,77.17011473,12.95688468,20.42825461,12.97342414,3.099888809,16.16007697,25.48720463,21.66145437,79.40909312,2796.326424,26.57160164,3.736729004
2016,2,38,31,27,4,1,0,1,,7,17,6,170.85,87.72,83.13,10.02338681,40.99242319,51.01581,49.392735,49.8882,20.502,,tongling,7,1,68.03489779,10.26420437,16.42562763,10.42831937,3.093082853,16.67009936,29.56524469,21.75132597,62.89517322,2899.643419,26.57160164,3.736729004
2016,3,39,47,36,11,0,0,0,,14,15,18,170.85,87.72,83.13,10.02338681,40.99242319,51.01581,49.392735,49.8882,20.502,,tongling,7,0,64.74088391,11.10299933,16.41249327,10.72538667,2.474847746,14.54552387,34.3336854,27.8649495,69.15911965,3186.951493,26.57160164,3.736729004
2016,4,40,54,44,10,2,0,2,,9,23,20,170.85,87.72,83.13,10.02338681,40.99242319,51.01581,49.392735,49.8882,20.502,,tongling,7,0,44.74802581,9.48974673,10.16620287,7.273276022,1.610235997,8.549721803,40.85366017,36.79713958,80.3542219,4358.33219,26.57160164,3.736729004
2016,5,41,36,30,6,3,2,1,,7,13,13,170.85,87.72,83.13,10.02338681,40.99242319,51.01581,49.392735,49.8882,20.502,,tongling,7,0,39.62840733,8.346929623,8.656741166,6.170624104,1.411745476,7.785234758,43.6409673,39.43715721,80.06225324,4281.594462,26.57160164,3.736729004
2016,6,42,47,32,15,7,2,5,,4,17,19,170.85,87.72,83.13,10.02338681,40.99242319,51.01581,49.392735,49.8882,20.502,,tongling,7,0,34.62365002,7.508806606,7.325888025,5.214603971,1.330482629,6.845069207,47.90850913,44.66480633,84.70538113,4597.026297,26.57160164,3.736729004
2016,7,43,52,42,10,4,2,2,,11,19,18,170.85,87.72,83.13,10.02338681,40.99242319,51.01581,49.392735,49.8882,20.502,,tongling,7,0,25.2160894,5.073219566,3.930996942,2.81945549,1.247779996,5.836459909,52.70391378,48.57233081,81.44750498,5357.565692,26.57160164,3.736729004
2016,8,44,49,35,14,4,3,1,,10,20,15,170.85,87.72,83.13,10.02338681,40.99242319,51.01581,49.392735,49.8882,20.502,,tongling,7,0,35.84775312,6.501086348,7.673152124,5.005146145,1.410869729,7.390405528,53.07759041,47.11055115,74.26770597,5321.882587,26.57160164,3.736729004
2016,9,45,38,27,11,5,2,3,,9,11,13,170.85,87.72,83.13,10.02338681,40.99242319,51.01581,49.392735,49.8882,20.502,,tongling,7,0,37.62670227,7.344870446,8.686955022,6.219852707,1.410391142,7.150097401,47.01546797,42.05843162,77.35420753,5072.524929,26.57160164,3.736729004
2016,10,46,36,24,12,2,0,2,,6,17,11,170.85,87.72,83.13,10.02338681,40.99242319,51.01581,49.392735,49.8882,20.502,,tongling,7,0,39.09671548,8.623545138,8.166990291,5.817904699,1.359430534,7.250663414,40.97358231,38.63356187,88.22346706,4497.844401,26.57160164,3.736729004
2016,11,47,32,25,7,4,2,2,,5,10,13,170.85,87.72,83.13,10.02338681,40.99242319,51.01581,49.392735,49.8882,20.502,,tongling,7,0,58.17101384,12.08882278,14.01239349,9.151776174,1.986139902,11.25724155,33.92206654,30.91488795,84.38569654,3876.04555,26.57160164,3.736729004
2016,12,48,54,37,17,7,1,6,,15,21,11,170.85,87.72,83.13,10.02338681,40.99242319,51.01581,49.392735,49.8882,20.502,,tongling,7,0,71.93283883,12.69426701,19.04881791,11.77075152,2.655706626,14.24793728,29.53933972,25.4930173,78.91512351,3198.461513,26.57160164,3.736729004
2017,1,49,91,68,23,5,2,3,,22,36,28,171.1,87.82,83.28,10.0649474,41.1623926,51.22734,47.06961,51.65509,21.18218,,tongling,7,1,82.45313378,13.38712853,22.62921221,13.7105211,3.185093592,16.86620802,19.1660616,14.67712097,75.23497026,3051.205525,26.57160164,3.736729004
2017,2,50,75,54,21,5,2,3,,15,31,24,171.1,87.82,83.28,10.0649474,41.1623926,51.22734,47.06961,51.65509,21.18218,,tongling,7,0,70.76612605,11.76348458,19.00321756,11.95283381,3.024624464,15.85068617,20.55516035,14.58736167,68.63027553,3206.089114,26.57160164,3.736729004
2017,3,51,75,55,20,8,4,4,,17,19,31,171.1,87.82,83.28,10.0649474,41.1623926,51.22734,47.06961,51.65509,21.18218,,tongling,7,0,51.64744736,9.013064587,13.23087966,8.305933818,1.894751344,11.04010497,24.50860905,18.75861507,70.35299542,3570.944092,26.57160164,3.736729004
2017,4,52,80,60,20,15,9,6,,14,25,26,171.1,87.82,83.28,10.0649474,41.1623926,51.22734,47.06961,51.65509,21.18218,,tongling,7,0,47.38002897,9.484089554,10.75149492,7.56354626,1.63478705,9.513005883,32.15694509,25.8849379,69.55677591,4172.78645,26.57160164,3.736729004
2017,5,53,88,65,23,10,8,2,,14,29,35,171.1,87.82,83.28,10.0649474,41.1623926,51.22734,47.06961,51.65509,21.18218,,tongling,7,0,43.70788872,8.386262729,9.626658178,7.031618595,1.683469537,9.071165192,37.21935892,31.36691358,72.18206424,4234.195369,26.57160164,3.736729004
2017,6,54,64,42,22,3,2,1,,13,26,22,171.1,87.82,83.28,10.0649474,41.1623926,51.22734,47.06961,51.65509,21.18218,,tongling,7,0,30.4931949,5.936907682,6.6882747,4.674460188,1.208102851,6.204591353,38.85238146,35.22189447,82.01567386,4797.032474,26.57160164,3.736729004
2017,7,55,68,36,32,4,2,2,,13,27,24,171.1,87.82,83.28,10.0649474,41.1623926,51.22734,47.06961,51.65509,21.18218,,tongling,7,0,27.59019841,4.675328255,3.445901352,2.363361138,1.453482731,7.407344584,44.67744807,39.3814359,75.63999955,5575.07636,26.57160164,3.736729004
2017,8,56,90,55,35,7,2,5,,14,34,35,171.1,87.82,83.28,10.0649474,41.1623926,51.22734,47.06961,51.65509,21.18218,,tongling,7,0,25.94498852,4.549527435,4.414713554,2.799838148,1.210075861,6.094957733,42.42095819,39.28669394,84.654828,5805.007779,26.57160164,3.736729004
2017,9,57,87,62,25,8,3,5,,21,37,21,171.1,87.82,83.28,10.0649474,41.1623926,51.22734,47.06961,51.65509,21.18218,,tongling,7,0,38.8932305,7.623946765,8.883351178,5.90329286,1.341457589,7.375872148,37.31573971,34.80717676,87.1143703,5609.195846,26.57160164,3.736729004
2017,10,58,77,59,18,9,4,5,,17,23,28,171.1,87.82,83.28,10.0649474,41.1623926,51.22734,47.06961,51.65509,21.18218,,tongling,7,0,50.21863666,9.261912951,12.03854806,7.644905876,1.843479183,9.879863295,30.68660358,27.31912869,82.29016698,4794.492103,26.57160164,3.736729004
2017,11,59,68,50,18,7,3,4,,16,24,21,171.1,87.82,83.28,10.0649474,41.1623926,51.22734,47.06961,51.65509,21.18218,,tongling,7,0,64.678952,10.83343685,16.82582143,10.13031442,2.399401921,13.82469444,25.86564927,20.61776439,72.82821464,3717.644094,26.57160164,3.736729004
2017,12,60,77,57,20,3,0,3,,14,36,24,171.1,87.82,83.28,10.0649474,41.1623926,51.22734,47.06961,51.65509,21.18218,,tongling,7,0,73.83564058,11.93616408,20.4513857,12.16603693,2.806992853,15.13739289,19.28616294,13.0577772,67.22452311,3144.570729,26.57160164,3.736729004
2018,1,61,85,63,22,6,4,2,,11,29,39,170.78,87.62,83.16,9.84815372,40.27577628,50.12393,45.222544,53.300438,22.150166,,tongling,7,0,78.44538021,13.6109385,20.28971336,12.98628762,3.2236052,17.89285255,15.60763489,11.91681731,78.68264076,3026.469626,26.57160164,3.736729004
2018,2,62,83,60,23,5,1,4,,11,31,36,170.78,87.62,83.16,9.84815372,40.27577628,50.12393,45.222544,53.300438,22.150166,,tongling,7,1,70.00741663,11.45816619,18.85969485,11.74649492,3.103788016,14.97021599,18.22215531,12.9062102,71.13894008,3082.123203,26.57160164,3.736729004
2018,3,63,103,75,28,12,7,5,,13,43,35,170.78,87.62,83.16,9.84815372,40.27577628,50.12393,45.222544,53.300438,22.150166,,tongling,7,0,47.76519179,8.347917045,11.77208036,7.663591496,1.937541878,10.67485955,26.85850362,21.91712122,74.37937333,3465.991188,26.57160164,3.736729004
2018,4,64,97,65,32,11,7,4,,21,36,29,170.78,87.62,83.16,9.84815372,40.27577628,50.12393,45.222544,53.300438,22.150166,,tongling,7,0,40.72079165,7.276947893,9.246090065,6.299056274,1.531881713,8.99257902,32.44103669,26.50062257,70.98547402,4241.135569,26.57160164,3.736729004
2018,5,65,73,54,19,6,1,5,,16,28,23,170.78,87.62,83.16,9.84815372,40.27577628,50.12393,45.222544,53.300438,22.150166,,tongling,7,0,38.10986228,7.157929998,8.235237973,5.49594739,1.476017272,8.102949881,37.32528093,32.99691627,78.69631914,4671.362617,26.57160164,3.736729004
2018,6,66,70,50,20,6,3,3,,17,29,18,170.78,87.62,83.16,9.84815372,40.27577628,50.12393,45.222544,53.300438,22.150166,,tongling,7,0,36.28924209,7.017574932,7.708738975,5.338253574,1.435129571,7.837936233,40.30572791,35.43611055,76.76964823,4829.208812,26.57160164,3.736729004
2018,7,67,73,58,15,11,3,8,,9,25,28,170.78,87.62,83.16,9.84815372,40.27577628,50.12393,45.222544,53.300438,22.150166,,tongling,7,0,22.33256497,3.512346271,2.84980854,1.719964764,1.102429085,5.798296786,44.30909728,39.57572079,77.90554037,5493.075374,26.57160164,3.736729004
2018,8,68,81,63,18,10,4,6,,16,27,28,170.78,87.62,83.16,9.84815372,40.27577628,50.12393,45.222544,53.300438,22.150166,,tongling,7,0,27.32806986,4.528170024,5.031032383,3.177359468,1.204243783,6.291444269,43.24520871,38.93371898,79.54999044,5848.530475,26.57160164,3.736729004
2018,9,69,64,50,14,2,2,0,,13,21,28,170.78,87.62,83.16,9.84815372,40.27577628,50.12393,45.222544,53.300438,22.150166,,tongling,7,0,37.70883925,6.380058202,8.733482191,5.499442091,1.38449468,7.741863744,38.66671118,33.98138655,77.32295305,5474.950689,26.57160164,3.736729004
2018,10,70,48,34,14,4,2,2,,5,21,18,170.78,87.62,83.16,9.84815372,40.27577628,50.12393,45.222544,53.300438,22.150166,,tongling,7,0,45.65108282,7.910154021,10.83826818,6.89330825,1.588689563,8.665716788,31.4705471,24.11582711,65.0778964,4457.42674,26.57160164,3.736729004
2018,11,71,44,33,11,3,3,0,,9,17,15,170.78,87.62,83.16,9.84815372,40.27577628,50.12393,45.222544,53.300438,22.150166,,tongling,7,0,52.29639062,9.39603254,13.21219433,8.335117383,1.928911524,11.34060989,26.17936876,22.77969431,81.58754249,3691.093501,26.57160164,3.736729004
2018,12,72,52,40,12,2,2,0,,9,27,14,170.78,87.62,83.16,9.84815372,40.27577628,50.12393,45.222544,53.300438,22.150166,,tongling,7,0,61.34839436,11.49647957,16.28061503,9.962985689,2.340445388,13.00440074,18.78383333,15.56737908,81.58817657,3244.932151,26.57160164,3.736729004
2019,1,73,47,36,11,5,3,2,,8,16,18,170.58,87.54,83.04,9.612070803,39.3102732,48.922344,42.866754,54.994992,23.761794,,tongling,7,0,83.35860314,14.12847264,21.85420051,13.94804885,3.484006841,18.79200095,17.52629077,13.87416988,79.16047866,3045.466548,26.57160164,3.736729004
2019,2,74,60,41,19,4,2,2,,10,19,27,170.58,87.54,83.04,9.612070803,39.3102732,48.922344,42.866754,54.994992,23.761794,,tongling,7,1,63.0485161,11.45311944,16.85194019,10.67275963,2.484590913,13.18454363,17.74215344,15.66573073,87.64834714,3297.70686,26.57160164,3.736729004
2019,3,75,81,57,24,15,9,6,,13,23,30,170.58,87.54,83.04,9.612070803,39.3102732,48.922344,42.866754,54.994992,23.761794,,tongling,7,0,54.51322093,9.09221746,14.41163377,8.833547326,2.085059074,11.68031035,26.04095978,20.25745381,70.49149601,3667.184418,26.57160164,3.736729004
2019,4,76,65,43,22,5,3,2,,13,24,23,170.58,87.54,83.04,9.612070803,39.3102732,48.922344,42.866754,54.994992,23.761794,,tongling,7,0,43.0204576,8.650080963,10.22992031,7.017619636,1.51929443,9.233581036,31.66174207,26.86776897,75.80806499,4190.420213,26.57160164,3.736729004
2019,5,77,63,40,23,4,1,3,,5,24,30,170.58,87.54,83.04,9.612070803,39.3102732,48.922344,42.866754,54.994992,23.761794,,tongling,7,0,32.24371452,5.491012944,7.132971158,4.767487841,1.24274164,6.923755662,36.16466108,28.72763428,65.71506742,4415.943696,26.57160164,3.736729004
2019,6,78,65,47,18,2,1,1,,8,30,25,170.58,87.54,83.04,9.612070803,39.3102732,48.922344,42.866754,54.994992,23.761794,,tongling,7,0,29.96091061,5.689368168,6.732415921,4.780666302,1.135814791,6.311602501,39.88032386,35.05636472,76.90232636,4779.347525,26.57160164,3.736729004
2019,7,79,64,55,9,5,0,5,,8,21,30,170.58,87.54,83.04,9.612070803,39.3102732,48.922344,42.866754,54.994992,23.761794,,tongling,7,0,22.38216211,3.962191607,4.301499678,2.796859031,0.914027158,5.104653873,42.78338022,38.73534668,80.62970315,5767.877156,26.57160164,3.736729004
2019,8,80,74,49,25,6,2,4,,14,27,27,170.58,87.54,83.04,9.612070803,39.3102732,48.922344,42.866754,54.994992,23.761794,,tongling,7,0,30.62394552,5.244802815,6.793804113,4.308730953,1.155135848,6.781984231,42.97440197,38.32306936,78.0681655,5894.503562,26.57160164,3.736729004
2019,9,81,57,39,18,5,3,2,,7,28,17,170.58,87.54,83.04,9.612070803,39.3102732,48.922344,42.866754,54.994992,23.761794,,tongling,7,0,40.63426706,7.539505229,9.742910086,6.494174156,1.461917325,8.522462326,38.30544415,32.73657699,73.53186022,5527.844457,26.57160164,3.736729004
2019,10,82,51,35,16,3,3,0,,4,19,25,170.58,87.54,83.04,9.612070803,39.3102732,48.922344,42.866754,54.994992,23.761794,,tongling,7,0,41.11635859,6.921832349,9.466828568,6.174616111,1.496402109,8.90168359,32.69927261,27.03628599,72.19949133,4326.268235,26.57160164,3.736729004
2019,11,83,47,37,10,2,2,0,,4,19,22,170.58,87.54,83.04,9.612070803,39.3102732,48.922344,42.866754,54.994992,23.761794,,tongling,7,0,45.58977531,7.083954523,10.51854268,6.543319743,1.792770536,9.79468985,26.71929555,20.20831572,67.52005677,3328.151485,26.57160164,3.736729004
2019,12,84,58,40,18,1,1,0,,17,24,16,170.58,87.54,83.04,9.612070803,39.3102732,48.922344,42.866754,54.994992,23.761794,,tongling,7,0,55.23696265,9.906814775,14.37116078,9.077923659,2.140673835,11.24445478,20.42200338,15.9965094,75.74689227,3023.386135,26.57160164,3.736729004
2013,1,1,258,194,64,25,7,18,,54,120,59,621.66,321.38,300.28,45.20408021,149.0037737,194.2078539,178.1073687,173.233164,76.11161336,,anqing,8,0,125.2610879,20.79146076,33.72964292,22.12342017,5.762837172,29.61746103,-5.364960715,-9.58104144,72.21820448,2771.46416,41.97564014,6.457234811
2013,2,2,289,218,71,35,16,19,,58,116,80,621.66,321.38,300.28,45.20408021,149.0037737,194.2078539,178.1073687,173.233164,76.11161336,,anqing,8,1,86.08169722,15.91541591,24.30635409,15.17362761,3.308771729,17.62772454,-3.268773112,-6.032580924,81.19375329,3008.633191,41.97564014,6.457234811
2013,3,3,337,247,90,66,33,33,,55,130,86,621.66,321.38,300.28,45.20408021,149.0037737,194.2078539,178.1073687,173.233164,76.11161336,,anqing,8,0,70.39075104,13.89680003,17.29674613,12.5414849,2.957103213,15.7213918,2.542236662,-2.782113537,67.94008579,3237.111211,41.97564014,6.457234811
2013,4,4,292,212,80,45,25,20,,52,123,72,621.66,321.38,300.28,45.20408021,149.0037737,194.2078539,178.1073687,173.233164,76.11161336,,anqing,8,0,57.08468171,12.48387499,13.21121006,10.08724635,2.371208818,12.57083487,6.735444077,0.124919531,62.73684102,3784.437875,41.97564014,6.457234811
2013,5,5,285,205,80,40,13,27,,68,110,67,621.66,321.38,300.28,45.20408021,149.0037737,194.2078539,178.1073687,173.233164,76.11161336,,anqing,8,0,42.42651218,9.696450344,9.44617584,7.477906288,1.890615344,9.355151623,12.33751971,7.953304129,74.60290045,4006.21497,41.97564014,6.457234811
2013,6,6,286,195,91,34,16,18,,63,102,87,621.66,321.38,300.28,45.20408021,149.0037737,194.2078539,178.1073687,173.233164,76.11161336,,anqing,8,0,36.34755507,8.548326349,7.768932202,5.871076641,1.713868656,8.153183862,15.29850092,11.78988869,79.58867788,4419.548036,41.97564014,6.457234811
2013,7,7,256,165,91,43,20,23,,49,94,70,621.66,321.38,300.28,45.20408021,149.0037737,194.2078539,178.1073687,173.233164,76.11161336,,anqing,8,0,26.53595431,5.570580859,3.526259094,2.389286876,1.771519606,8.280738097,19.61033563,14.56349387,72.64983065,5211.378853,41.97564014,6.457234811
2013,8,8,262,191,71,22,10,12,,52,112,76,621.66,321.38,300.28,45.20408021,149.0037737,194.2078539,178.1073687,173.233164,76.11161336,,anqing,8,0,28.68237103,6.024925172,4.592976723,3.334685642,1.720019497,8.230106085,20.13223375,13.9479733,67.59140392,5271.616845,41.97564014,6.457234811
2013,9,9,238,168,70,31,12,19,,51,103,53,621.66,321.38,300.28,45.20408021,149.0037737,194.2078539,178.1073687,173.233164,76.11161336,,anqing,8,0,35.22955603,7.785942522,7.867391121,5.984361104,1.546240541,7.567431079,13.31634617,9.066905042,75.45376631,5062.326831,41.97564014,6.457234811
2013,10,10,249,187,62,23,9,14,,56,97,73,621.66,321.38,300.28,45.20408021,149.0037737,194.2078539,178.1073687,173.233164,76.11161336,,anqing,8,0,47.98939559,9.909331382,11.50664318,8.200918108,1.898904655,10.07807028,8.680180079,2.689043861,66.04075061,4075.927258,41.97564014,6.457234811
2013,11,11,228,187,41,26,8,18,,58,80,64,621.66,321.38,300.28,45.20408021,149.0037737,194.2078539,178.1073687,173.233164,76.11161336,,anqing,8,0,74.81580622,13.34396229,19.88803954,12.4018449,2.763770279,16.38137473,2.588441035,-2.714910799,68.05599077,3157.628406,41.97564014,6.457234811
2013,12,12,245,190,55,34,15,19,,44,100,67,621.66,321.38,300.28,45.20408021,149.0037737,194.2078539,178.1073687,173.233164,76.11161336,,anqing,8,0,99.66730027,16.46563062,27.83064522,17.30058354,3.94932886,22.95930764,-4.157058325,-10.78090283,59.96565922,2692.172129,41.97564014,6.457234811
2014,1,13,299,236,63,31,15,16,,59,114,95,620.88,321.25,299.63,46.86890108,154.491433,201.3603341,180.4258995,166.3622679,72.73242387,,anqing,8,1,93.02832773,15.12824126,24.09335408,15.93157919,4.33972279,22.77326355,-3.017023644,-9.402909175,61.39814425,2539.145495,41.97564014,6.457234811
2014,2,14,320,235,85,22,6,16,,71,138,89,620.88,321.25,299.63,46.86890108,154.491433,201.3603341,180.4258995,166.3622679,72.73242387,,anqing,8,0,49.38109677,8.44890616,13.45727243,8.633552782,2.154082346,11.41503825,-4.416562936,-7.208318414,80.85563283,2841.807861,41.97564014,6.457234811
2014,3,15,355,262,93,55,34,21,,72,121,107,620.88,321.25,299.63,46.86890108,154.491433,201.3603341,180.4258995,166.3622679,72.73242387,,anqing,8,0,55.89574145,10.8103536,14.25806068,9.789303187,2.32837526,12.93317791,2.894864143,-1.943456206,70.50159885,3296.092283,41.97564014,6.457234811
2014,4,16,249,173,76,17,9,8,,58,97,77,620.88,321.25,299.63,46.86890108,154.491433,201.3603341,180.4258995,166.3622679,72.73242387,,anqing,8,0,41.96951818,9.68491386,9.957127765,7.341930806,1.571610763,8.957867628,7.255922922,3.542052411,77.27793572,4089.952405,41.97564014,6.457234811
2014,5,17,292,229,63,29,13,16,,60,113,90,620.88,321.25,299.63,46.86890108,154.491433,201.3603341,180.4258995,166.3622679,72.73242387,,anqing,8,0,43.25997631,9.0317162,8.776161163,7.136603668,1.939021922,10.04106104,12.27819783,7.083414392,70.5782482,4060.970765,41.97564014,6.457234811
2014,6,18,303,230,73,31,17,14,,49,131,92,620.88,321.25,299.63,46.86890108,154.491433,201.3603341,180.4258995,166.3622679,72.73242387,,anqing,8,0,42.82145039,9.848857461,9.711893807,7.932850794,1.741371027,9.447242749,15.12068221,11.16302131,77.23404048,4329.642173,41.97564014,6.457234811
2014,7,19,243,173,70,38,15,23,,49,88,68,620.88,321.25,299.63,46.86890108,154.491433,201.3603341,180.4258995,166.3622679,72.73242387,,anqing,8,0,34.14821017,7.42400032,7.043578835,5.522214732,1.829838795,8.456640072,17.31258348,14.13286036,81.59295489,5330.880772,41.97564014,6.457234811
2014,8,20,197,145,52,16,4,12,,49,71,61,620.88,321.25,299.63,46.86890108,154.491433,201.3603341,180.4258995,166.3622679,72.73242387,,anqing,8,0,25.6224321,6.010570542,5.760996478,4.190130417,1.04091436,5.660295588,15.67175335,12.9392114,83.79914924,5630.435923,41.97564014,6.457234811
2014,9,21,215,159,56,32,16,16,,53,81,49,620.88,321.25,299.63,46.86890108,154.491433,201.3603341,180.4258995,166.3622679,72.73242387,,anqing,8,0,30.96529665,7.091411489,6.868193149,5.478969519,1.398971113,6.519921862,13.96767142,11.11782157,82.95373966,5247.819871,41.97564014,6.457234811
2014,10,22,219,160,59,31,7,24,,39,92,57,620.88,321.25,299.63,46.86890108,154.491433,201.3603341,180.4258995,166.3622679,72.73242387,,anqing,8,0,44.8127941,9.30640295,10.49668552,7.907699988,1.776444179,9.261184793,9.294138906,4.473169308,71.84574461,4230.576784,41.97564014,6.457234811
2014,11,23,151,117,34,15,2,13,,35,71,30,620.88,321.25,299.63,46.86890108,154.491433,201.3603341,180.4258995,166.3622679,72.73242387,,anqing,8,0,49.60060786,9.03047613,13.52664604,8.269184341,1.778581875,11.24595856,2.421587622,-1.379984607,75.99330582,3484.284562,41.97564014,6.457234811
2014,12,24,197,146,51,29,12,17,,41,75,52,620.88,321.25,299.63,46.86890108,154.491433,201.3603341,180.4258995,166.3622679,72.73242387,,anqing,8,0,60.86812434,10.35768324,16.72690925,10.45391226,2.3874133,13.11909935,-4.062667089,-11.1070066,58.01826641,3058.608189,41.97564014,6.457234811
2015,1,25,347,244,103,56,32,24,,70,142,79,525.48,271.79,253.69,38.10001003,125.58701,163.68702,153.807996,146.398728,61.638804,,anqing,8,0,77.42750608,12.71918262,19.89378538,13.08736656,3.475408936,19.62106403,-3.684349902,-8.611599819,68.65014318,2752.284014,41.97564014,6.457234811
2015,2,26,256,190,66,31,17,14,,51,101,73,525.48,271.79,253.69,38.10001003,125.58701,163.68702,153.807996,146.398728,61.638804,,anqing,8,1,72.7680941,12.02233992,19.59171375,12.73967706,3.301808711,18.30281618,-2.437421242,-6.496757877,73.67342187,3008.650497,41.97564014,6.457234811
2015,3,27,326,245,81,47,34,13,,64,125,90,525.48,271.79,253.69,38.10001003,125.58701,163.68702,153.807996,146.398728,61.638804,,anqing,8,0,47.06295696,8.735625273,12.64658164,8.039634652,1.812780416,11.17494503,1.99309689,-1.893122295,75.44799667,3266.696465,41.97564014,6.457234811
2015,4,28,273,197,76,38,22,16,,48,104,83,525.48,271.79,253.69,38.10001003,125.58701,163.68702,153.807996,146.398728,61.638804,,anqing,8,0,46.02887402,9.768612264,11.20628873,7.894497627,1.75043182,10.58622464,6.849827956,1.838230572,70.41105078,4010.495674,41.97564014,6.457234811
2015,5,29,234,169,65,19,8,11,,47,90,78,525.48,271.79,253.69,38.10001003,125.58701,163.68702,153.807996,146.398728,61.638804,,anqing,8,0,48.98509241,11.03084758,11.36511593,8.751020784,1.902613585,10.56457942,12.31393207,8.591821282,78.02545838,4134.082482,41.97564014,6.457234811
2015,6,30,238,185,53,22,7,15,,55,99,62,525.48,271.79,253.69,38.10001003,125.58701,163.68702,153.807996,146.398728,61.638804,,anqing,8,0,35.94754554,7.919861564,7.895402579,5.909708585,1.514718858,8.232727047,15.05906965,12.03613516,82.14463318,4124.181177,41.97564014,6.457234811
2015,7,31,226,171,55,19,6,13,,37,100,70,525.48,271.79,253.69,38.10001003,125.58701,163.68702,153.807996,146.398728,61.638804,,anqing,8,0,32.04389274,7.031327711,6.880983611,4.869851085,1.472672865,7.64384486,16.4469601,13.24551582,81.36608345,5535.231858,41.97564014,6.457234811
2015,8,32,236,164,72,27,12,15,,45,90,74,525.48,271.79,253.69,38.10001003,125.58701,163.68702,153.807996,146.398728,61.638804,,anqing,8,0,30.0738947,6.153864938,6.562248964,4.642469598,1.387179265,7.307905798,17.11613053,13.14561313,77.47685802,5562.363183,41.97564014,6.457234811
2015,9,33,200,149,51,23,12,11,,38,74,65,525.48,271.79,253.69,38.10001003,125.58701,163.68702,153.807996,146.398728,61.638804,,anqing,8,0,35.94098731,7.85135747,8.736746661,6.370914477,1.347833704,7.101554731,13.63932649,9.018984227,73.64558626,4978.548731,41.97564014,6.457234811
2015,10,34,217,167,50,19,11,8,,44,81,73,525.48,271.79,253.69,38.10001003,125.58701,163.68702,153.807996,146.398728,61.638804,,anqing,8,0,43.1674529,8.195996138,10.41931152,7.220420218,1.668316587,9.314057866,8.821338665,3.882184509,71.16260117,4097.859205,41.97564014,6.457234811
2015,11,35,172,134,38,19,13,6,,26,77,50,525.48,271.79,253.69,38.10001003,125.58701,163.68702,153.807996,146.398728,61.638804,,anqing,8,0,38.70941634,8.502171963,9.829241905,6.321743082,1.385347419,8.463268719,2.041717651,-0.078261893,85.85528921,3679.541692,41.97564014,6.457234811
2015,12,36,206,151,55,19,11,8,,38,74,75,525.48,271.79,253.69,38.10001003,125.58701,163.68702,153.807996,146.398728,61.638804,,anqing,8,0,64.05273858,11.8718643,17.51595663,10.66653755,2.300817728,15.24139858,-2.633429874,-6.659294176,73.82562189,3133.828006,41.97564014,6.457234811
2016,1,37,320,240,80,34,25,9,,57,145,84,529.1,273.66,255.44,36.77379178,121.2154682,157.98926,152.96281,154.4972,63.492,,anqing,8,0,65.1502323,11.30243592,17.53310621,11.33388164,2.865876739,15.34617978,-5.348494107,-8.888994564,76.14756551,2893.414233,41.97564014,6.457234811
2016,2,38,320,227,93,39,24,15,,67,125,89,529.1,273.66,255.44,36.77379178,121.2154682,157.98926,152.96281,154.4972,63.492,,anqing,8,1,61.01588176,9.809590753,15.29387327,9.880213334,2.912551053,16.21110796,-1.756221573,-8.526444618,59.89821389,2945.105099,41.97564014,6.457234811
2016,3,39,284,210,74,49,34,15,,45,116,74,529.1,273.66,255.44,36.77379178,121.2154682,157.98926,152.96281,154.4972,63.492,,anqing,8,0,62.11778607,11.26155578,15.93037416,10.8400717,2.584043992,15.41179024,2.349852101,-3.007672624,67.73120848,3192.716358,41.97564014,6.457234811
2016,4,40,246,176,70,28,18,10,,47,97,74,529.1,273.66,255.44,36.77379178,121.2154682,157.98926,152.96281,154.4972,63.492,,anqing,8,0,40.07790384,8.815697826,9.604696097,6.895661123,1.507332648,8.790480831,8.462552056,5.029815286,79.00298706,4030.261997,41.97564014,6.457234811
2016,5,41,262,193,69,31,14,17,,54,108,69,529.1,273.66,255.44,36.77379178,121.2154682,157.98926,152.96281,154.4972,63.492,,anqing,8,0,35.43859695,7.66059672,8.347710264,6.066319611,1.380199807,7.691168767,10.86141977,7.367180023,79.02370292,3988.509758,41.97564014,6.457234811
2016,6,42,247,169,78,35,9,26,,40,95,77,529.1,273.66,255.44,36.77379178,121.2154682,157.98926,152.96281,154.4972,63.492,,anqing,8,0,32.85063562,7.459051818,7.315370167,5.286671866,1.408512285,7.386014375,14.50149852,11.72958163,83.44653616,4102.710659,41.97564014,6.457234811
2016,7,43,247,161,86,21,8,13,,44,95,87,529.1,273.66,255.44,36.77379178,121.2154682,157.98926,152.96281,154.4972,63.492,,anqing,8,0,26.77741976,5.501454934,4.798268559,3.492377946,1.53815934,7.254557606,18.66929715,15.3130037,80.84514096,5271.622218,41.97564014,6.457234811
2016,8,44,260,180,80,21,11,10,,60,100,79,529.1,273.66,255.44,36.77379178,121.2154682,157.98926,152.96281,154.4972,63.492,,anqing,8,0,30.55863357,5.87122503,6.824677031,4.546296785,1.332813424,7.210210195,18.84698408,13.95437618,73.24254955,5222.367085,41.97564014,6.457234811
2016,9,45,231,162,69,27,12,15,,25,95,84,529.1,273.66,255.44,36.77379178,121.2154682,157.98926,152.96281,154.4972,63.492,,anqing,8,0,31.19482611,6.448622067,7.16041283,5.405020125,1.315358308,6.854183334,13.98399437,9.109885591,72.45833019,4832.818133,41.97564014,6.457234811
2016,10,46,210,149,61,21,13,8,,41,85,63,529.1,273.66,255.44,36.77379178,121.2154682,157.98926,152.96281,154.4972,63.492,,anqing,8,0,34.20124272,8.017009575,7.70176963,5.630979856,1.252153755,6.637606703,8.476288739,6.247213207,85.87409684,4241.951908,41.97564014,6.457234811
2016,11,47,190,136,54,15,5,10,,27,89,59,529.1,273.66,255.44,36.77379178,121.2154682,157.98926,152.96281,154.4972,63.492,,anqing,8,0,55.00724299,11.78629622,14.14619194,9.025793776,1.92618078,12.11455337,2.021909441,-0.646380476,82.49629842,3534.777266,41.97564014,6.457234811
2016,12,48,210,157,53,23,8,15,,39,90,58,529.1,273.66,255.44,36.77379178,121.2154682,157.98926,152.96281,154.4972,63.492,,anqing,8,0,70.81205235,12.96782657,18.90266748,11.89095135,2.693351923,16.63008243,-1.617945625,-5.360793162,75.62302998,3080.349477,41.97564014,6.457234811
2017,1,49,253,193,60,29,16,13,,56,85,83,530.5,274.35,256.15,36.96987924,121.8618208,158.8317,145.94055,160.15795,65.6759,,anqing,8,1,79.05229557,13.35444162,21.65003901,13.64751112,3.235708502,18.49950494,-0.525519411,-4.917483812,72.19623037,2992.369929,41.97564014,6.457234811
2017,2,50,264,201,63,24,7,17,,48,103,89,530.5,274.35,256.15,36.96987924,121.8618208,158.8317,145.94055,160.15795,65.6759,,anqing,8,0,68.00137259,11.44795483,18.38783457,11.72356287,3.041473031,17.29647798,0.445209752,-4.910481993,67.32266699,3301.407644,41.97564014,6.457234811
2017,3,51,225,161,64,33,18,15,,41,90,61,530.5,274.35,256.15,36.96987924,121.8618208,158.8317,145.94055,160.15795,65.6759,,anqing,8,0,46.96458496,8.472758717,12.59145358,7.974665915,1.858198367,11.06574501,3.874008773,-1.028034433,70.3702393,3518.905152,41.97564014,6.457234811
2017,4,52,179,128,51,25,12,13,,36,71,47,530.5,274.35,256.15,36.96987924,121.8618208,158.8317,145.94055,160.15795,65.6759,,anqing,8,0,40.96710368,8.312659169,9.781929433,6.951804222,1.587706387,9.194230039,10.80487247,5.440732887,69.46905282,3985.750814,41.97564014,6.457234811
2017,5,53,227,183,44,23,12,11,,36,89,79,530.5,274.35,256.15,36.96987924,121.8618208,158.8317,145.94055,160.15795,65.6759,,anqing,8,0,38.25010074,7.65240575,8.554959156,6.576394132,1.672126224,8.966586411,15.48969465,10.13342978,70.43060768,4003.017117,41.97564014,6.457234811
2017,6,54,217,159,58,23,8,15,,41,90,63,530.5,274.35,256.15,36.96987924,121.8618208,158.8317,145.94055,160.15795,65.6759,,anqing,8,0,29.67227857,6.412953587,7.046063212,5.042441698,1.249466261,6.557042565,17.07018293,14.05859617,82.45596748,4412.117169,41.97564014,6.457234811
2017,7,55,193,140,53,20,15,5,,34,74,65,530.5,274.35,256.15,36.96987924,121.8618208,158.8317,145.94055,160.15795,65.6759,,anqing,8,0,25.03775393,4.730180071,3.6794648,2.570884641,1.568167714,7.894058978,22.16585209,17.77068334,76.17086677,5581.642439,41.97564014,6.457234811
2017,8,56,219,161,58,16,3,13,,35,86,82,530.5,274.35,256.15,36.96987924,121.8618208,158.8317,145.94055,160.15795,65.6759,,anqing,8,0,23.70287153,4.501875734,4.599561917,3.071287745,1.305852758,6.422060082,20.3543259,17.66445323,84.55256066,5644.850831,41.97564014,6.457234811
2017,9,57,181,125,56,9,4,5,,48,64,60,530.5,274.35,256.15,36.96987924,121.8618208,158.8317,145.94055,160.15795,65.6759,,anqing,8,0,32.60433581,6.746675113,7.90688274,5.424341796,1.242843609,6.811410113,16.02381246,13.52772174,85.14079764,5349.683083,41.97564014,6.457234811
2017,10,58,211,150,61,15,7,8,,52,79,65,530.5,274.35,256.15,36.96987924,121.8618208,158.8317,145.94055,160.15795,65.6759,,anqing,8,0,40.50817901,7.77225228,10.25943581,6.584968604,1.541007312,8.947367667,9.672858961,6.448348903,80.32613952,4481.615648,41.97564014,6.457234811
2017,11,59,151,105,46,17,7,10,,37,57,40,530.5,274.35,256.15,36.96987924,121.8618208,158.8317,145.94055,160.15795,65.6759,,anqing,8,0,63.95072014,11.06786004,16.96054077,10.47491579,2.479100292,15.62333648,5.263314038,0.156321262,69.60942591,3492.843991,41.97564014,6.457234811
2017,12,60,155,115,40,16,8,8,,33,60,46,530.5,274.35,256.15,36.96987924,121.8618208,158.8317,145.94055,160.15795,65.6759,,anqing,8,0,67.78078204,11.85701587,18.72415888,11.5436418,2.762829861,15.62593653,-0.693889213,-6.584538432,64.38197695,3009.646941,41.97564014,6.457234811
2018,1,61,252,182,70,24,11,13,,42,107,79,528.44,273.28,255.16,36.10061805,118.9965219,155.09714,139.930912,164.926124,68.538668,,anqing,8,0,66.20743428,11.62156119,17.1334963,11.16339174,2.900203309,16.93269575,-3.936301942,-7.644516637,75.41079848,2832.937987,41.97564014,6.457234811
2018,2,62,246,189,57,14,4,10,,57,77,98,528.44,273.28,255.16,36.10061805,118.9965219,155.09714,139.930912,164.926124,68.538668,,anqing,8,1,61.51610466,10.57901875,17.0863463,10.62826715,2.747880641,14.44971978,-1.37948181,-6.623216215,67.4924274,2926.776625,41.97564014,6.457234811
2018,3,63,226,163,63,27,12,15,,50,72,77,528.44,273.28,255.16,36.10061805,118.9965219,155.09714,139.930912,164.926124,68.538668,,anqing,8,0,42.09893215,7.461715205,10.59651392,7.25549908,1.977480465,10.50041959,6.030616089,1.565088074,73.05390608,3324.707078,41.97564014,6.457234811
2018,4,64,202,158,44,19,7,12,,31,73,79,528.44,273.28,255.16,36.10061805,118.9965219,155.09714,139.930912,164.926124,68.538668,,anqing,8,0,35.12801202,6.684446018,8.207578346,5.909043887,1.53399206,8.576952311,11.16563619,5.958771288,70.30188808,3942.454683,41.97564014,6.457234811
2018,5,65,183,145,38,17,3,14,,33,71,62,528.44,273.28,255.16,36.10061805,118.9965219,155.09714,139.930912,164.926124,68.538668,,anqing,8,0,32.689184,6.375032258,7.26701463,5.08211088,1.426812565,7.725056181,15.71694561,12.06094951,78.87930765,4217.090465,41.97564014,6.457234811
2018,6,66,198,136,62,20,5,15,,39,71,68,528.44,273.28,255.16,36.10061805,118.9965219,155.09714,139.930912,164.926124,68.538668,,anqing,8,0,32.41744528,6.481427591,7.464913473,5.212713894,1.439195362,7.952533793,18.58601715,14.23015716,75.78945679,4410.311781,41.97564014,6.457234811
2018,7,67,178,130,48,21,5,16,,35,65,57,528.44,273.28,255.16,36.10061805,118.9965219,155.09714,139.930912,164.926124,68.538668,,anqing,8,0,19.38757621,3.390448336,3.135902445,1.914729333,1.174793778,6.05706349,22.0364122,17.90728757,77.43695616,5201.388503,41.97564014,6.457234811
2018,8,68,185,140,45,12,7,5,,40,72,61,528.44,273.28,255.16,36.10061805,118.9965219,155.09714,139.930912,164.926124,68.538668,,anqing,8,0,22.6877455,4.307597011,4.49170733,3.110066123,1.160861972,5.859642579,21.06300422,17.01210309,77.67372027,5540.589077,41.97564014,6.457234811
2018,9,69,176,127,49,21,10,11,,24,65,66,528.44,273.28,255.16,36.10061805,118.9965219,155.09714,139.930912,164.926124,68.538668,,anqing,8,0,26.30657972,4.944577473,5.825745787,4.144624253,1.177483801,6.135912287,17.07177852,12.25537056,73.29410972,5103.349604,41.97564014,6.457234811
2018,10,70,179,135,44,15,5,10,,25,66,73,528.44,273.28,255.16,36.10061805,118.9965219,155.09714,139.930912,164.926124,68.538668,,anqing,8,0,35.71283075,6.726612757,8.8099788,5.927112996,1.427749482,7.785634856,10.17071309,3.476060915,63.16514285,4050.014284,41.97564014,6.457234811
2018,11,71,153,102,51,12,6,6,,30,59,52,528.44,273.28,255.16,36.10061805,118.9965219,155.09714,139.930912,164.926124,68.538668,,anqing,8,0,43.6183645,7.972186417,11.63076649,7.212065766,1.653777844,10.638025,5.494146808,2.16697481,79.14695015,3344.619302,41.97564014,6.457234811
2018,12,72,167,125,42,19,10,9,,23,70,55,528.44,273.28,255.16,36.10061805,118.9965219,155.09714,139.930912,164.926124,68.538668,,anqing,8,0,53.71988072,10.55540639,14.48354008,8.886663959,2.153660521,12.54363815,-1.411426313,-4.612456841,78.81962001,3102.934734,41.97564014,6.457234811
2019,1,73,227,170,57,10,4,6,,36,92,89,528.58,273.36,255.22,35.28586119,116.3108828,151.596744,132.832154,170.414192,73.631194,,anqing,8,0,72.10815386,12.53779966,19.41615402,12.47226635,3.292667791,17.74553433,-2.472554894,-5.902990945,77.29161791,2853.028936,41.97564014,6.457234811
2019,2,74,227,165,62,28,16,12,,27,85,87,528.58,273.36,255.22,35.28586119,116.3108828,151.596744,132.832154,170.414192,73.631194,,anqing,8,1,50.34265794,9.336567302,13.52344607,8.626254778,2.07626213,12.20811818,-2.513370997,-4.430452418,86.66797267,3008.92612,41.97564014,6.457234811
2019,3,75,241,175,66,34,23,11,,24,88,95,528.58,273.36,255.22,35.28586119,116.3108828,151.596744,132.832154,170.414192,73.631194,,anqing,8,0,45.57600422,8.153396044,11.89561546,7.693522333,1.961245243,11.24580996,5.127242239,-6.26E-05,69.4790693,3554.63825,41.97564014,6.457234811
2019,4,76,249,184,65,14,8,6,,57,83,95,528.58,273.36,255.22,35.28586119,116.3108828,151.596744,132.832154,170.414192,73.631194,,anqing,8,0,39.61799789,8.129656021,9.952343733,6.757548012,1.502497354,9.427609022,10.48435168,6.409417642,75.88051146,3948.79147,41.97564014,6.457234811
2019,5,77,190,152,38,15,4,11,,41,60,74,528.58,273.36,255.22,35.28586119,116.3108828,151.596744,132.832154,170.414192,73.631194,,anqing,8,0,28.05331399,5.166511008,6.424611737,4.589834208,1.328760647,6.934826694,14.49010788,8.215581999,66.00903547,3998.26503,41.97564014,6.457234811
2019,6,78,187,124,63,13,6,7,,32,68,74,528.58,273.36,255.22,35.28586119,116.3108828,151.596744,132.832154,170.414192,73.631194,,anqing,8,0,27.49923614,5.476889657,6.527897549,4.68060944,1.180901147,6.528146011,18.00080247,13.92882563,77.10285055,4306.212089,41.97564014,6.457234811
2019,7,79,169,129,40,13,5,8,,30,68,58,528.58,273.36,255.22,35.28586119,116.3108828,151.596744,132.832154,170.414192,73.631194,,anqing,8,0,20.35561475,3.720887881,4.432475706,2.945722466,0.986713228,5.422450734,20.74511409,17.09445546,79.62098851,5398.324287,41.97564014,6.457234811
2019,8,80,195,153,42,16,6,10,,30,76,73,528.58,273.36,255.22,35.28586119,116.3108828,151.596744,132.832154,170.414192,73.631194,,anqing,8,0,24.31914575,4.598185644,5.39711654,3.64696725,1.092770331,6.158029679,21.08761098,16.54964136,75.31361204,5522.951986,41.97564014,6.457234811
2019,9,81,168,118,50,12,6,6,,16,63,77,528.58,273.36,255.22,35.28586119,116.3108828,151.596744,132.832154,170.414192,73.631194,,anqing,8,0,28.78177721,5.644843028,7.044829065,4.918817975,1.140513551,6.583575451,16.92252897,10.86993878,67.51721824,5064.60123,41.97564014,6.457234811
2019,10,82,153,97,56,20,16,4,,26,60,47,528.58,273.36,255.22,35.28586119,116.3108828,151.596744,132.832154,170.414192,73.631194,,anqing,8,0,33.03078543,5.754434263,7.958177428,5.343430809,1.316843034,7.864700448,11.56561585,6.136564656,69.31083621,3848.665748,41.97564014,6.457234811
2019,11,83,133,98,35,9,5,4,,29,49,46,528.58,273.36,255.22,35.28586119,116.3108828,151.596744,132.832154,170.414192,73.631194,,anqing,8,0,38.96109022,6.297354285,9.749238718,6.089452057,1.573029493,9.379229488,5.966671365,-0.311786905,64.08448661,2940.783055,41.97564014,6.457234811
2019,12,84,149,106,43,6,2,4,,29,62,52,528.58,273.36,255.22,35.28586119,116.3108828,151.596744,132.832154,170.414192,73.631194,,anqing,8,0,52.88188991,9.848278708,13.97656342,8.856081248,2.172418846,12.6303767,0.257729145,-4.002589205,73.06693361,2677.057235,41.97564014,6.457234811
2013,1,1,75,50,25,8,2,6,,13,33,21,147.42,75.54,71.88,8.844509684,37.20979947,46.05430915,42.23625181,41.08038644,18.0490526,,huangshan,9,0,66.66747059,11.02388326,17.92170419,11.56197425,2.898403926,15.72517055,-7.568607952,-11.78955595,71.74554687,3397.339214,74.2631383,0.878493194
2013,2,2,58,45,13,5,1,4,,15,22,16,147.42,75.54,71.88,8.844509684,37.20979947,46.05430915,42.23625181,41.08038644,18.0490526,,huangshan,9,1,47.74526823,10.35031911,11.52876952,8.657027421,1.890910896,9.615646999,-5.03630883,-7.574540266,82.36485334,3868.62379,74.2631383,0.878493194
2013,3,3,60,44,16,6,1,5,,12,23,19,147.42,75.54,71.88,8.844509684,37.20979947,46.05430915,42.23625181,41.08038644,18.0490526,,huangshan,9,0,47.77853734,10.08977848,9.7910009,8.096859185,2.497639622,11.94737226,0.166709633,-5.259868377,66.90081371,3708.747939,74.2631383,0.878493194
2013,4,4,60,38,22,8,1,7,,9,24,19,147.42,75.54,71.88,8.844509684,37.20979947,46.05430915,42.23625181,41.08038644,18.0490526,,huangshan,9,0,45.64874939,10.02986659,9.653067542,7.942625109,2.190336518,10.72234958,3.637774244,-3.217595111,60.87277113,4270.374257,74.2631383,0.878493194
2013,5,5,58,39,19,11,4,7,,9,20,18,147.42,75.54,71.88,8.844509684,37.20979947,46.05430915,42.23625181,41.08038644,18.0490526,,huangshan,9,0,35.92374446,8.246661978,6.880016295,6.059004928,2.165959052,8.769673166,9.774986434,4.680720175,70.57908835,4744.878813,74.2631383,0.878493194
2013,6,6,63,48,15,4,2,2,,10,31,18,147.42,75.54,71.88,8.844509684,37.20979947,46.05430915,42.23625181,41.08038644,18.0490526,,huangshan,9,0,23.19423737,5.560644831,3.961659147,3.463585492,1.631012421,5.936185534,11.82094173,8.607089154,80.6821089,5150.254184,74.2631383,0.878493194
2013,7,7,70,52,18,5,2,3,,23,25,17,147.42,75.54,71.88,8.844509684,37.20979947,46.05430915,42.23625181,41.08038644,18.0490526,,huangshan,9,0,21.48773902,4.76854586,2.68403598,1.936725619,1.437216817,6.459312932,17.13114239,9.510558364,60.84704247,5254.702735,74.2631383,0.878493194
2013,8,8,63,49,14,6,2,4,,11,30,16,147.42,75.54,71.88,8.844509684,37.20979947,46.05430915,42.23625181,41.08038644,18.0490526,,huangshan,9,0,21.78356,4.765223189,2.852843475,2.235971883,1.433287566,6.165000054,17.41633278,9.408745467,59.3525273,5174.055503,74.2631383,0.878493194
2013,9,9,63,44,19,8,2,6,,9,25,21,147.42,75.54,71.88,8.844509684,37.20979947,46.05430915,42.23625181,41.08038644,18.0490526,,huangshan,9,0,23.47696168,5.337853402,3.994554688,3.610821347,1.593295283,5.953906998,11.0850172,5.604698439,68.96829233,5044.158089,74.2631383,0.878493194
2013,10,10,61,42,19,8,1,7,,10,18,25,147.42,75.54,71.88,8.844509684,37.20979947,46.05430915,42.23625181,41.08038644,18.0490526,,huangshan,9,0,33.86944371,7.346619934,6.626622645,5.782712157,1.759346695,7.755436194,5.563331644,-0.119464619,66.82545775,4570.13214,74.2631383,0.878493194
2013,11,11,74,51,23,11,3,8,,20,22,21,147.42,75.54,71.88,8.844509684,37.20979947,46.05430915,42.23625181,41.08038644,18.0490526,,huangshan,9,0,42.81673082,8.234181329,10.73136223,7.343457035,1.673706646,9.313747275,0.033579272,-5.96229523,64.03835371,4021.100883,74.2631383,0.878493194
2013,12,12,73,59,14,5,2,3,,15,28,25,147.42,75.54,71.88,8.844509684,37.20979947,46.05430915,42.23625181,41.08038644,18.0490526,,huangshan,9,0,73.04952213,11.72733987,20.24794466,12.34749973,2.752759706,18.13307227,-6.970348416,-13.56147347,59.38219355,3589.936708,74.2631383,0.878493194
2014,1,13,76,48,28,9,3,6,,23,24,20,147.69,75.66,72.03,9.198580917,38.69941506,47.89799598,42.91827905,39.57293414,17.30101095,,huangshan,9,1,74.24812241,12.28632253,19.05395028,12.74054492,3.49016667,18.55959656,-5.73806619,-12.13874246,60.62965711,3404.593119,74.2631383,0.878493194
2014,2,14,65,48,17,7,1,6,,13,25,20,147.69,75.66,72.03,9.198580917,38.69941506,47.89799598,42.91827905,39.57293414,17.30101095,,huangshan,9,0,38.27489201,6.990349946,9.904568977,6.590380039,1.617689913,8.85909464,-6.487942279,-9.35678827,80.06667605,3528.917835,74.2631383,0.878493194
2014,3,15,77,56,21,7,2,5,,20,29,21,147.69,75.66,72.03,9.198580917,38.69941506,47.89799598,42.91827905,39.57293414,17.30101095,,huangshan,9,0,40.44080314,8.40231585,9.197973414,7.005731826,1.849559844,9.694133292,-0.053775341,-4.954860891,69.56570096,3867.80129,74.2631383,0.878493194
2014,4,16,63,45,18,5,0,5,,11,23,24,147.69,75.66,72.03,9.198580917,38.69941506,47.89799598,42.91827905,39.57293414,17.30101095,,huangshan,9,0,33.2053169,7.622729687,7.026984804,5.863382768,1.677404658,7.525593539,4.467162267,0.53038295,75.59894583,4413.716585,74.2631383,0.878493194
2014,5,17,66,45,21,4,0,4,,19,24,19,147.69,75.66,72.03,9.198580917,38.69941506,47.89799598,42.91827905,39.57293414,17.30101095,,huangshan,9,0,32.84427563,7.019846142,6.261880308,5.388081547,1.671832941,7.769906147,9.040847184,3.831927922,69.86925997,4811.188999,74.2631383,0.878493194
2014,6,18,62,44,18,10,2,8,,14,19,19,147.69,75.66,72.03,9.198580917,38.69941506,47.89799598,42.91827905,39.57293414,17.30101095,,huangshan,9,0,36.32785824,8.59061402,6.708521769,5.92461962,2.401851045,9.359181889,11.76681682,7.568482343,75.45537014,5124.507505,74.2631383,0.878493194
2014,7,19,56,39,17,4,1,3,,14,21,17,147.69,75.66,72.03,9.198580917,38.69941506,47.89799598,42.91827905,39.57293414,17.30101095,,huangshan,9,0,23.05140707,5.204044835,3.536069865,3.060680271,1.697870794,6.413667484,14.56270294,10.98046634,79.09665852,5657.344316,74.2631383,0.878493194
2014,8,20,55,36,19,2,0,2,,14,21,18,147.69,75.66,72.03,9.198580917,38.69941506,47.89799598,42.91827905,39.57293414,17.30101095,,huangshan,9,0,20.07818635,4.709096604,3.561470219,2.935418183,1.31136618,5.057029656,12.83193024,10.20067338,84.03424175,5831.157285,74.2631383,0.878493194
2014,9,21,52,38,14,6,0,6,,9,16,21,147.69,75.66,72.03,9.198580917,38.69941506,47.89799598,42.91827905,39.57293414,17.30101095,,huangshan,9,0,23.98905974,5.473903,3.888365156,3.673956009,1.817580094,6.399209723,11.26618222,8.413671442,82.60650302,5414.021778,74.2631383,0.878493194
2014,10,22,55,39,16,6,2,4,,9,22,18,147.69,75.66,72.03,9.198580917,38.69941506,47.89799598,42.91827905,39.57293414,17.30101095,,huangshan,9,0,34.50751754,7.218268038,6.653670077,5.695902064,1.973195555,8.300128045,6.385767166,0.829318251,67.61797829,4644.659021,74.2631383,0.878493194
2014,11,23,50,28,22,4,0,4,,11,21,14,147.69,75.66,72.03,9.198580917,38.69941506,47.89799598,42.91827905,39.57293414,17.30101095,,huangshan,9,0,35.37416104,6.995041815,9.145461386,5.936715932,1.239733962,7.936614984,0.260672556,-3.21559552,77.47602608,4306.894286,74.2631383,0.878493194
2014,12,24,41,30,11,3,1,2,,7,16,15,147.69,75.66,72.03,9.198580917,38.69941506,47.89799598,42.91827905,39.57293414,17.30101095,,huangshan,9,0,54.4525791,9.465942007,15.46738103,9.302722945,2.028492469,11.98416189,-7.204784447,-13.94292216,58.6127432,3892.593863,74.2631383,0.878493194
2015,1,25,66,50,16,2,1,1,,12,24,28,147.69,75.65,72.04,8.835123637,37.17031136,46.005435,43.228863,41.146434,17.324037,,huangshan,9,0,58.8827715,9.705566189,14.86014372,10.01417051,2.634185763,15.32308708,-6.20218261,-11.23611754,67.5181326,3503.953011,74.2631383,0.878493194
2015,2,26,48,36,12,2,0,2,,13,19,14,147.69,75.65,72.04,8.835123637,37.17031136,46.005435,43.228863,41.146434,17.324037,,huangshan,9,1,50.64832036,8.398319229,12.84052797,8.647104295,2.347326757,13.77337202,-4.74974946,-9.118064028,71.48418224,3686.802048,74.2631383,0.878493194
2015,3,27,59,46,13,8,2,6,,12,17,22,147.69,75.65,72.04,8.835123637,37.17031136,46.005435,43.228863,41.146434,17.324037,,huangshan,9,0,36.43865316,7.40432445,9.0164732,6.554578176,1.457167821,8.348537489,-0.552775829,-4.582599048,74.19053581,3753.925961,74.2631383,0.878493194
2015,4,28,67,45,22,9,1,8,,18,21,19,147.69,75.65,72.04,8.835123637,37.17031136,46.005435,43.228863,41.146434,17.324037,,huangshan,9,0,34.08877679,7.562425919,7.495268394,5.951918583,1.502334898,7.90037625,4.327025513,-0.960306878,68.50804596,4396.166272,74.2631383,0.878493194
2015,5,29,60,47,13,6,1,5,,8,27,19,147.69,75.65,72.04,8.835123637,37.17031136,46.005435,43.228863,41.146434,17.324037,,huangshan,9,0,35.44319413,7.956448351,7.140432166,5.984354442,1.90930694,8.600677921,9.194197514,5.176630874,75.96671308,4911.134913,74.2631383,0.878493194
2015,6,30,65,55,10,5,4,1,,18,19,23,147.69,75.65,72.04,8.835123637,37.17031136,46.005435,43.228863,41.146434,17.324037,,huangshan,9,0,25.33179529,5.824850382,4.540471402,3.754945017,1.52584628,6.461871974,11.96916137,9.048203177,82.31339489,5564.039178,74.2631383,0.878493194
2015,7,31,73,60,13,6,1,5,,12,27,28,147.69,75.65,72.04,8.835123637,37.17031136,46.005435,43.228863,41.146434,17.324037,,huangshan,9,0,22.04904485,4.936416197,3.900104606,3.081994637,1.281117575,5.70592194,12.89945288,9.782332042,81.35469791,5943.438944,74.2631383,0.878493194
2015,8,32,72,51,21,9,1,8,,20,23,20,147.69,75.65,72.04,8.835123637,37.17031136,46.005435,43.228863,41.146434,17.324037,,huangshan,9,0,22.02455777,4.751847346,4.332297101,3.367538923,1.150889294,5.468298731,13.82406292,9.602014187,75.67745564,5731.18303,74.2631383,0.878493194
2015,9,33,66,47,19,6,0,6,,11,25,24,147.69,75.65,72.04,8.835123637,37.17031136,46.005435,43.228863,41.146434,17.324037,,huangshan,9,0,30.49886988,6.822302747,6.385737332,5.314404478,1.483081961,7.00545918,10.16700064,6.248602637,76.65068774,5349.825516,74.2631383,0.878493194
2015,10,34,49,33,16,3,0,3,,7,16,23,147.69,75.65,72.04,8.835123637,37.17031136,46.005435,43.228863,41.146434,17.324037,,huangshan,9,0,35.19911942,7.073545823,7.543865053,5.825488039,1.848059939,8.342102388,6.038499327,1.531682459,72.8397138,4879.415914,74.2631383,0.878493194
2015,11,35,47,31,16,8,4,4,,11,15,13,147.69,75.65,72.04,8.835123637,37.17031136,46.005435,43.228863,41.146434,17.324037,,huangshan,9,0,25.03278184,5.673353345,5.997281097,4.116154567,0.915582496,5.573142558,0.129667433,-1.685272291,87.59328609,4540.601177,74.2631383,0.878493194
2015,12,36,57,37,20,3,0,3,,19,21,14,147.69,75.65,72.04,8.835123637,37.17031136,46.005435,43.228863,41.146434,17.324037,,huangshan,9,0,45.94264333,8.575971699,12.45437967,7.660622783,1.660847018,11.01521651,-5.152065406,-8.524238628,77.18816847,4082.410792,74.2631383,0.878493194
2016,1,37,49,36,13,4,2,2,,11,22,12,148.41,75.98,72.43,8.510527087,35.80469891,44.315226,42.905331,43.33572,17.8092,,huangshan,9,0,45.12822798,7.659807204,11.97792044,7.683741692,1.883580086,11.27432381,-7.518539525,-10.66664554,78.16100885,3707.774474,74.2631383,0.878493194
2016,2,38,61,43,18,3,1,2,,13,22,23,148.41,75.98,72.43,8.510527087,35.80469891,44.315226,42.905331,43.33572,17.8092,,huangshan,9,1,56.68554305,9.073028427,14.37356469,9.390501748,2.670945037,15.12748624,-4.567883946,-11.2516351,59.57334036,3757.194312,74.2631383,0.878493194
2016,3,39,62,42,20,11,5,6,,14,18,19,148.41,75.98,72.43,8.510527087,35.80469891,44.315226,42.905331,43.33572,17.8092,,huangshan,9,0,48.58839836,9.214404614,11.71874357,8.499584179,2.214925997,12.15068753,-0.535282456,-6.126830969,65.90882864,3709.274374,74.2631383,0.878493194
2016,4,40,65,46,19,9,2,7,,12,24,20,148.41,75.98,72.43,8.510527087,35.80469891,44.315226,42.905331,43.33572,17.8092,,huangshan,9,0,28.10345329,6.430873938,6.067270803,4.934282056,1.243300268,6.322339819,5.253055583,1.87501995,78.82397673,4536.568918,74.2631383,0.878493194
2016,5,41,79,52,27,10,2,8,,20,22,27,148.41,75.98,72.43,8.510527087,35.80469891,44.315226,42.905331,43.33572,17.8092,,huangshan,9,0,24.13098449,5.459755373,5.161972319,3.955769522,1.086191817,5.39905443,8.146883891,4.826423994,79.57663777,4812.109823,74.2631383,0.878493194
2016,6,42,58,46,12,3,1,2,,12,29,14,148.41,75.98,72.43,8.510527087,35.80469891,44.315226,42.905331,43.33572,17.8092,,huangshan,9,0,21.39074775,4.859058613,4.318995448,3.244330287,1.050412185,5.031324904,11.71793272,9.010147244,83.47383994,5202.326105,74.2631383,0.878493194
2016,7,43,57,38,19,9,1,8,,11,21,16,148.41,75.98,72.43,8.510527087,35.80469891,44.315226,42.905331,43.33572,17.8092,,huangshan,9,0,18.76881691,3.987451149,2.628846387,1.869433003,1.277745413,5.583627484,15.87815926,11.51425482,75.3051575,5617.027865,74.2631383,0.878493194
2016,8,44,64,51,13,7,1,6,,14,22,21,148.41,75.98,72.43,8.510527087,35.80469891,44.315226,42.905331,43.33572,17.8092,,huangshan,9,0,22.94308819,4.863563917,4.123957181,3.233568473,1.181367647,5.795927745,15.91298792,10.15255839,68.63632739,5429.978317,74.2631383,0.878493194
2016,9,45,40,31,9,8,4,4,,8,15,9,148.41,75.98,72.43,8.510527087,35.80469891,44.315226,42.905331,43.33572,17.8092,,huangshan,9,0,26.59618966,6.028862019,4.714875422,4.344456836,1.676747018,6.974002701,10.98719764,6.264099787,72.6537148,5056.145735,74.2631383,0.878493194
2016,10,46,53,38,15,12,6,6,,5,18,18,148.41,75.98,72.43,8.510527087,35.80469891,44.315226,42.905331,43.33572,17.8092,,huangshan,9,0,19.6574898,4.47295382,3.496172138,3.050834152,1.236583339,4.606089681,6.723035386,4.587777639,86.25286734,5082.422216,74.2631383,0.878493194
2016,11,47,44,36,8,5,0,5,,5,18,16,148.41,75.98,72.43,8.510527087,35.80469891,44.315226,42.905331,43.33572,17.8092,,huangshan,9,0,29.59605807,6.500337758,7.237456672,5.162192736,1.088018052,6.098520272,-0.015366319,-2.488131857,83.42780265,4544.254084,74.2631383,0.878493194
2016,12,48,51,46,5,4,0,4,,9,24,14,148.41,75.98,72.43,8.510527087,35.80469891,44.315226,42.905331,43.33572,17.8092,,huangshan,9,0,47.10853815,8.4069822,12.48849232,7.839617396,1.715506646,11.72129811,-3.897605552,-7.798035801,74.30482917,4149.947643,74.2631383,0.878493194
2017,1,49,48,33,15,5,2,3,,9,21,13,148.46,75.98,72.48,8.536203148,35.91272085,44.448924,40.841346,44.820074,18.379348,,huangshan,9,1,53.22611806,8.981246877,14.63631085,9.137536043,2.146718352,12.7749851,-4.285776092,-8.306242592,73.54329802,3772.062023,74.2631383,0.878493194
2017,2,50,64,47,17,3,1,2,,13,26,22,148.46,75.98,72.48,8.536203148,35.91272085,44.448924,40.841346,44.820074,18.379348,,huangshan,9,0,46.79070729,7.950909313,12.09832062,8.080846696,2.139971151,12.37598907,-3.398294945,-9.37545708,63.30267384,3954.304708,74.2631383,0.878493194
2017,3,51,56,36,20,4,1,3,,20,13,19,148.46,75.98,72.48,8.536203148,35.91272085,44.448924,40.841346,44.820074,18.379348,,huangshan,9,0,30.21380048,5.618581824,7.784101458,5.20147926,1.184457984,7.195781999,-0.486134834,-5.348624888,69.67838339,4011.245652,74.2631383,0.878493194
2017,4,52,50,33,17,5,0,5,,10,19,16,148.46,75.98,72.48,8.536203148,35.91272085,44.448924,40.841346,44.820074,18.379348,,huangshan,9,0,31.9033169,6.649791626,7.268478285,5.60385613,1.281322306,7.201052964,6.46103486,0.676995063,66.53411807,4413.235083,74.2631383,0.878493194
2017,5,53,66,39,27,7,1,6,,18,20,21,148.46,75.98,72.48,8.536203148,35.91272085,44.448924,40.841346,44.820074,18.379348,,huangshan,9,0,28.02974963,6.029736879,5.995229742,4.957416671,1.31551811,6.560594208,10.72914079,5.067954196,68.03455881,4870.86628,74.2631383,0.878493194
2017,6,54,75,54,21,5,2,3,,20,37,13,148.46,75.98,72.48,8.536203148,35.91272085,44.448924,40.841346,44.820074,18.379348,,huangshan,9,0,17.91902882,4.061066376,3.936606318,2.992938627,0.853939932,4.034363676,11.59550707,9.011280237,84.15781617,5293.046138,74.2631383,0.878493194
2017,7,55,49,30,19,4,1,3,,10,17,18,148.46,75.98,72.48,8.536203148,35.91272085,44.448924,40.841346,44.820074,18.379348,,huangshan,9,0,17.01413618,3.199122856,2.168570697,1.545232221,1.119632062,5.431605316,17.74199997,11.97594438,68.97686508,5842.487795,74.2631383,0.878493194
2017,8,56,91,66,25,6,1,5,,20,28,37,148.46,75.98,72.48,8.536203148,35.91272085,44.448924,40.841346,44.820074,18.379348,,huangshan,9,0,15.5898,3.119822498,2.378575636,1.638068231,1.010401711,4.649311539,15.83614498,12.58615726,81.02814529,5725.527201,74.2631383,0.878493194
2017,9,57,58,45,13,4,3,1,,9,21,24,148.46,75.98,72.48,8.536203148,35.91272085,44.448924,40.841346,44.820074,18.379348,,huangshan,9,0,19.7387128,4.183287604,3.843181539,3.03235985,1.046963967,4.789421682,12.1252132,9.118457031,81.85873931,5475.225689,74.2631383,0.878493194
2017,10,58,63,47,16,5,2,3,,12,20,26,148.46,75.98,72.48,8.536203148,35.91272085,44.448924,40.841346,44.820074,18.379348,,huangshan,9,0,25.15321505,5.125759942,5.624209715,3.970243828,1.115983902,5.877520464,6.036815404,2.52206891,78.18020827,5079.100371,74.2631383,0.878493194
2017,11,59,62,46,16,10,3,7,,11,22,19,148.46,75.98,72.48,8.536203148,35.91272085,44.448924,40.841346,44.820074,18.379348,,huangshan,9,0,36.77429668,6.766799616,9.66813177,6.048606615,1.374646622,8.97906229,1.26327208,-3.237052242,71.960431,4466.924006,74.2631383,0.878493194
2017,12,60,53,42,11,10,7,3,,10,18,15,148.46,75.98,72.48,8.536203148,35.91272085,44.448924,40.841346,44.820074,18.379348,,huangshan,9,0,50.04050513,9.009558932,13.62804604,8.434886757,1.935099957,12.25524419,-4.846296937,-10.42277086,64.97833623,4123.351112,74.2631383,0.878493194
2018,1,61,71,53,18,12,5,7,,12,20,27,148.58,76.01,72.57,8.374751888,35.23347811,43.60823,39.343984,46.371818,19.270826,,huangshan,9,0,35.78680499,6.100465372,9.462798386,6.100206412,1.516142926,9.112253923,-7.148066309,-10.833423,74.96092539,3733.840912,74.2631383,0.878493194
2018,2,62,51,46,5,7,1,6,,9,21,14,148.58,76.01,72.57,8.374751888,35.23347811,43.60823,39.343984,46.371818,19.270826,,huangshan,9,1,41.64327813,7.011503231,11.00918847,7.093902811,1.834878805,10.92117491,-5.03329518,-10.25858997,66.76448494,3840.751582,74.2631383,0.878493194
2018,3,63,73,55,18,5,1,4,,14,26,28,148.58,76.01,72.57,8.374751888,35.23347811,43.60823,39.343984,46.371818,19.270826,,huangshan,9,0,26.72063074,5.078952035,6.377426102,4.589973998,1.23954506,6.5630592,2.006668334,-2.890020289,70.01693191,4013.957954,74.2631383,0.878493194
2018,4,64,47,39,8,5,1,4,,7,17,18,148.58,76.01,72.57,8.374751888,35.23347811,43.60823,39.343984,46.371818,19.270826,,huangshan,9,0,29.37475794,6.070419718,6.537501352,4.786332705,1.266853036,7.089929328,6.685228033,1.32467883,68.64076235,4352.587195,74.2631383,0.878493194
2018,5,65,59,39,20,6,2,4,,12,18,23,148.58,76.01,72.57,8.374751888,35.23347811,43.60823,39.343984,46.371818,19.270826,,huangshan,9,0,22.78897515,4.9075612,4.727026666,3.549323629,1.062505531,5.557313089,11.32313741,7.572313968,77.72102871,5189.899551,74.2631383,0.878493194
2018,6,66,83,71,12,4,0,4,,20,23,36,148.58,76.01,72.57,8.374751888,35.23347811,43.60823,39.343984,46.371818,19.270826,,huangshan,9,0,21.51740427,4.589696872,4.523087975,3.35112193,0.985938268,5.32607826,13.59668347,9.108150207,74.29523501,5494.391757,74.2631383,0.878493194
2018,7,67,63,49,14,9,2,7,,12,23,19,148.58,76.01,72.57,8.374751888,35.23347811,43.60823,39.343984,46.371818,19.270826,,huangshan,9,0,14.57230233,2.854273498,1.861076186,1.220817445,0.943009082,4.536688065,17.06264803,11.99051684,72.06965877,5643.89145,74.2631383,0.878493194
2018,8,68,68,44,24,5,2,3,,14,28,21,148.58,76.01,72.57,8.374751888,35.23347811,43.60823,39.343984,46.371818,19.270826,,huangshan,9,0,18.20862448,3.711843662,3.224813083,2.329766327,0.983277086,4.843309897,16.43683902,11.94467697,74.76375535,5462.113252,74.2631383,0.878493194
2018,9,69,43,33,10,3,3,0,,10,15,15,148.58,76.01,72.57,8.374751888,35.23347811,43.60823,39.343984,46.371818,19.270826,,huangshan,9,0,22.08315667,4.321149659,4.553535941,3.382617528,1.103657126,5.606650657,12.77935286,8.148609454,73.44075136,5274.813086,74.2631383,0.878493194
2018,10,70,46,34,12,4,0,4,,6,19,17,148.58,76.01,72.57,8.374751888,35.23347811,43.60823,39.343984,46.371818,19.270826,,huangshan,9,0,28.16616585,5.585115429,6.46418718,4.831253972,1.231025653,6.41738994,5.689878665,-0.91773167,62.50085207,4701.936412,74.2631383,0.878493194
2018,11,71,56,47,9,7,4,3,,13,20,16,148.58,76.01,72.57,8.374751888,35.23347811,43.60823,39.343984,46.371818,19.270826,,huangshan,9,0,25.72307312,5.091557942,6.630623218,4.247057022,1.008906009,6.012156415,1.65993151,-1.443750553,79.86082254,4329.65582,74.2631383,0.878493194
2018,12,72,51,43,8,5,0,5,,9,21,16,148.58,76.01,72.57,8.374751888,35.23347811,43.60823,39.343984,46.371818,19.270826,,huangshan,9,0,34.46360446,6.470778358,9.205004888,5.679806649,1.346536925,8.597823399,-5.201280072,-7.624435571,83.07858441,4235.683961,74.2631383,0.878493194
2019,1,73,63,51,12,7,3,4,,7,21,28,148.92,76.16,72.76,8.202300279,34.50795572,42.710256,37.423596,48.011808,20.744556,,huangshan,9,0,41.54362485,6.775214948,10.99801877,7.120497318,1.851404693,11.13729055,-6.081615695,-9.024284889,79.66684878,4004.783027,74.2631383,0.878493194
2019,2,74,57,41,16,3,0,3,,12,20,22,148.92,76.16,72.76,8.202300279,34.50795572,42.710256,37.423596,48.011808,20.744556,,huangshan,9,1,22.37172824,3.856567698,6.295575411,3.902311629,0.881971754,5.40869931,-5.692011266,-7.050293309,90.1336408,4007.085707,74.2631383,0.878493194
2019,3,75,68,52,16,2,0,2,,18,22,26,148.92,76.16,72.76,8.202300279,34.50795572,42.710256,37.423596,48.011808,20.744556,,huangshan,9,0,31.27563557,5.731629423,7.795961726,5.249382393,1.36116344,7.94645256,0.721649422,-3.96025154,70.88376718,4093.721331,74.2631383,0.878493194
2019,4,76,53,34,19,6,3,3,,16,13,18,148.92,76.16,72.76,8.202300279,34.50795572,42.710256,37.423596,48.011808,20.744556,,huangshan,9,0,26.09357074,5.56997233,6.210095217,4.675107405,1.033329872,5.974188804,6.234893794,2.32274328,76.03394069,4466.483698,74.2631383,0.878493194
2019,5,77,53,42,11,2,1,1,,3,22,26,148.92,76.16,72.76,8.202300279,34.50795572,42.710256,37.423596,48.011808,20.744556,,huangshan,9,0,23.75118414,4.725837469,5.294005886,4.037791321,1.076078314,5.60959303,9.884150042,3.483694496,64.42216153,4990.190422,74.2631383,0.878493194
2019,6,78,62,48,14,6,4,2,,11,24,21,148.92,76.16,72.76,8.202300279,34.50795572,42.710256,37.423596,48.011808,20.744556,,huangshan,9,0,21.89194478,4.783491054,4.78487963,3.721789448,0.987906673,5.271746709,12.87929312,9.049291505,77.54581968,5363.159956,74.2631383,0.878493194
2019,7,79,64,43,21,4,2,2,,12,28,20,148.92,76.16,72.76,8.202300279,34.50795572,42.710256,37.423596,48.011808,20.744556,,huangshan,9,0,12.05808044,2.418340212,2.03097696,1.41314357,0.701023742,3.389350944,15.57081503,12.06324308,79.63264803,5693.980797,74.2631383,0.878493194
2019,8,80,50,35,15,6,3,3,,7,15,22,148.92,76.16,72.76,8.202300279,34.50795572,42.710256,37.423596,48.011808,20.744556,,huangshan,9,0,18.39119426,3.786421807,3.363091421,2.627574915,0.953629814,4.84458345,16.78815577,10.86914776,68.09145451,5509.9614,74.2631383,0.878493194
2019,9,81,55,42,13,5,1,4,,9,20,21,148.92,76.16,72.76,8.202300279,34.50795572,42.710256,37.423596,48.011808,20.744556,,huangshan,9,0,25.5033326,5.121376479,5.442466074,4.406154717,1.295879993,6.421598187,12.6219957,6.165831089,64.78686315,5142.832395,74.2631383,0.878493194
2019,10,82,62,43,19,6,5,1,,13,19,24,148.92,76.16,72.76,8.202300279,34.50795572,42.710256,37.423596,48.011808,20.744556,,huangshan,9,0,28.32566084,5.649987142,6.187462138,4.713139055,1.231850039,6.751652386,7.846220649,1.961591308,66.35898342,4544.902758,74.2631383,0.878493194
2019,11,83,33,23,10,2,1,1,,7,12,12,148.92,76.16,72.76,8.202300279,34.50795572,42.710256,37.423596,48.011808,20.744556,,huangshan,9,0,28.1161214,4.956966749,6.816358579,4.47310734,1.140249345,6.696681973,1.972951978,-4.191711729,63.68396332,3985.40369,74.2631383,0.878493194
2019,12,84,43,32,11,7,3,4,,6,18,12,148.92,76.16,72.76,8.202300279,34.50795572,42.710256,37.423596,48.011808,20.744556,,huangshan,9,0,32.01935041,5.691168757,8.533086203,5.371351885,1.313979434,7.794580062,-3.479184974,-8.207556294,69.76519914,3764.4005,74.2631383,0.878493194
2013,1,1,211,156,55,22,5,17,,42,70,77,449.45,233.02,216.43,32.53640949,107.8726886,140.4090981,128.768711,125.2447408,55.02745009,,chuzhou,10,0,152.0506259,25.83520197,41.74058295,26.30297076,6.16149989,32.58511492,-1.80732805,-6.289799882,71.44800516,2403.202736,7.058426911,5.484204843
2013,2,2,250,176,74,28,10,18,,37,102,83,449.45,233.02,216.43,32.53640949,107.8726886,140.4090981,128.768711,125.2447408,55.02745009,,chuzhou,10,1,101.9544393,19.49163803,28.41230812,17.62299527,3.678004676,19.91208951,1.22651846,-2.742769528,74.85089053,3068.731496,7.058426911,5.484204843
2013,3,3,225,174,51,25,7,18,,43,86,71,449.45,233.02,216.43,32.53640949,107.8726886,140.4090981,128.768711,125.2447408,55.02745009,,chuzhou,10,0,74.07927657,14.26880495,19.04002704,12.60210181,2.746651586,15.29006768,6.758319397,-0.33175077,60.59624283,3889.969614,7.058426911,5.484204843
2013,4,4,280,217,63,34,16,18,,45,90,111,449.45,233.02,216.43,32.53640949,107.8726886,140.4090981,128.768711,125.2447408,55.02745009,,chuzhou,10,0,62.34738084,13.17976003,15.16097911,10.5487797,2.234440308,13.0477795,11.9851877,1.916484424,50.13694009,4444.244898,7.058426911,5.484204843
2013,5,5,201,145,56,29,8,21,,35,65,72,449.45,233.02,216.43,32.53640949,107.8726886,140.4090981,128.768711,125.2447408,55.02745009,,chuzhou,10,0,60.06808198,14.29341119,13.82257231,10.33615313,2.234216401,11.84075742,17.61046837,11.95662801,69.46254698,4558.036782,7.058426911,5.484204843
2013,6,6,195,134,61,25,13,12,,41,69,60,449.45,233.02,216.43,32.53640949,107.8726886,140.4090981,128.768711,125.2447408,55.02745009,,chuzhou,10,0,53.47089614,13.06919302,11.13819082,8.834864526,2.356467436,11.51360298,20.69507717,15.86857756,73.87628222,4437.525964,7.058426911,5.484204843
2013,7,7,167,120,47,20,5,15,,34,48,65,449.45,233.02,216.43,32.53640949,107.8726886,140.4090981,128.768711,125.2447408,55.02745009,,chuzhou,10,0,44.05023398,8.248312573,8.214741147,5.049230063,2.330176079,11.48426331,25.69064499,20.60228612,73.51749619,5382.208195,7.058426911,5.484204843
2013,8,8,171,121,50,25,8,17,,34,56,56,449.45,233.02,216.43,32.53640949,107.8726886,140.4090981,128.768711,125.2447408,55.02745009,,chuzhou,10,0,63.93110455,12.78674147,14.01620248,9.191708452,2.760319635,14.33736555,25.82528282,19.98687095,70.21246101,5749.42839,7.058426911,5.484204843
2013,9,9,145,106,39,13,1,12,,22,56,54,449.45,233.02,216.43,32.53640949,107.8726886,140.4090981,128.768711,125.2447408,55.02745009,,chuzhou,10,0,36.00001555,8.133562389,7.672409206,5.834651332,1.598141331,7.346152264,18.87153702,14.42133015,75.37485097,5256.904039,7.058426911,5.484204843
2013,10,10,208,158,50,24,2,22,,38,63,83,449.45,233.02,216.43,32.53640949,107.8726886,140.4090981,128.768711,125.2447408,55.02745009,,chuzhou,10,0,59.05964176,12.67912064,13.92033948,9.617743908,2.282314338,11.3857065,13.4092012,7.840896892,69.02284118,3603.182851,7.058426911,5.484204843
2013,11,11,173,138,35,19,6,13,,25,63,66,449.45,233.02,216.43,32.53640949,107.8726886,140.4090981,128.768711,125.2447408,55.02745009,,chuzhou,10,0,88.44455298,15.78961172,23.25464535,14.19952641,3.235552314,18.58181653,6.802565168,1.144150463,67.21328541,2729.385397,7.058426911,5.484204843
2013,12,12,181,132,49,15,6,9,,35,69,62,449.45,233.02,216.43,32.53640949,107.8726886,140.4090981,128.768711,125.2447408,55.02745009,,chuzhou,10,0,124.1744616,19.90987367,35.2309418,21.08979066,4.80805193,26.18757486,-0.275375933,-6.752495574,61.65073537,2712.951191,7.058426911,5.484204843
2014,1,13,190,138,52,20,5,15,,39,67,64,449.61,233.62,215.99,33.78909737,112.0259068,145.8150042,130.6553419,120.4711688,52.66915523,,chuzhou,10,1,113.6274337,18.09443021,29.99664823,18.76181355,4.777964082,26.04064489,1.699643306,-4.715003124,62.4320167,2574.124959,7.058426911,5.484204843
2014,2,14,190,138,52,9,2,7,,31,79,71,449.61,233.62,215.99,33.78909737,112.0259068,145.8150042,130.6553419,120.4711688,52.66915523,,chuzhou,10,0,69.14481636,12.06722734,19.16254456,12.03414,2.759258038,15.10860073,0.453328828,-2.995410902,77.66633112,3145.958934,7.058426911,5.484204843
2014,3,15,211,169,42,32,14,18,,37,66,76,449.61,233.62,215.99,33.78909737,112.0259068,145.8150042,130.6553419,120.4711688,52.66915523,,chuzhou,10,0,70.47695547,13.04738632,19.30489839,12.11463627,2.542025047,14.80553838,8.239581346,1.762158979,63.6951076,3864.415768,7.058426911,5.484204843
2014,4,16,223,164,59,27,6,21,,40,88,68,449.61,233.62,215.99,33.78909737,112.0259068,145.8150042,130.6553419,120.4711688,52.66915523,,chuzhou,10,0,51.90938267,12.23332957,12.2250296,8.747271779,1.859609719,10.31187222,12.63064317,7.851844139,72.67860768,4824.761245,7.058426911,5.484204843
2014,5,17,196,143,53,26,5,21,,44,62,64,449.61,233.62,215.99,33.78909737,112.0259068,145.8150042,130.6553419,120.4711688,52.66915523,,chuzhou,10,0,57.62675684,11.88026681,13.22297314,9.420725915,2.129503765,11.74190252,18.92111253,11.43749296,61.82420692,4741.377133,7.058426911,5.484204843
2014,6,18,179,138,41,26,12,14,,37,60,56,449.61,233.62,215.99,33.78909737,112.0259068,145.8150042,130.6553419,120.4711688,52.66915523,,chuzhou,10,0,55.33140966,13.47539965,12.14510457,9.690452179,2.338966296,11.5748765,21.37057466,16.46286337,73.61045077,3900.081423,7.058426911,5.484204843
2014,7,19,207,149,58,23,8,15,,50,81,53,449.61,233.62,215.99,33.78909737,112.0259068,145.8150042,130.6553419,120.4711688,52.66915523,,chuzhou,10,0,49.12764672,11.43220212,11.42800919,8.226427846,1.945789071,10.1886577,23.46300013,20.17061511,81.78685385,5759.370194,7.058426911,5.484204843
2014,8,20,211,148,63,20,4,16,,40,87,64,449.61,233.62,215.99,33.78909737,112.0259068,145.8150042,130.6553419,120.4711688,52.66915523,,chuzhou,10,0,32.6266046,8.051161224,7.36463492,5.400565591,1.301823157,6.783278399,21.51312272,18.91840235,85.18194039,6163.952081,7.058426911,5.484204843
2014,9,21,169,132,37,19,8,11,,37,60,53,449.61,233.62,215.99,33.78909737,112.0259068,145.8150042,130.6553419,120.4711688,52.66915523,,chuzhou,10,0,35.54183081,8.676349682,7.494824347,5.944739465,1.620686376,7.440072303,18.87779328,16.07315613,83.77607204,5482.761612,7.058426911,5.484204843
2014,10,22,175,127,48,14,6,8,,31,65,65,449.61,233.62,215.99,33.78909737,112.0259068,145.8150042,130.6553419,120.4711688,52.66915523,,chuzhou,10,0,53.95419991,10.70745098,13.29884884,8.707542147,2.029889086,10.73025497,14.60832879,9.943207718,73.59560247,3780.000093,7.058426911,5.484204843
2014,11,23,130,91,39,15,6,9,,14,55,46,449.61,233.62,215.99,33.78909737,112.0259068,145.8150042,130.6553419,120.4711688,52.66915523,,chuzhou,10,0,67.84998654,13.03565209,18.52919703,11.3007477,2.418681289,13.81666161,7.745508322,3.368603535,73.8303664,2874.587861,7.058426911,5.484204843
2014,12,24,163,116,47,20,10,10,,28,60,55,449.61,233.62,215.99,33.78909737,112.0259068,145.8150042,130.6553419,120.4711688,52.66915523,,chuzhou,10,0,63.26380178,10.18838653,17.41018371,10.49478161,2.535289285,12.58847186,0.214405046,-7.49671125,56.1866385,2671.92486,7.058426911,5.484204843
2015,1,25,204,141,63,13,2,11,,41,77,73,449.06,233.24,215.82,32.4143113,107.4678787,139.88219,131.439862,125.108116,52.674738,,chuzhou,10,0,86.55172596,14.13865026,22.93484581,14.33936704,3.682205955,19.6129402,0.941910612,-4.758693628,65.70271958,2354.312732,7.058426911,5.484204843
2015,2,26,201,147,54,23,6,17,,37,71,70,449.06,233.24,215.82,32.4143113,107.4678787,139.88219,131.439862,125.108116,52.674738,,chuzhou,10,1,76.19286951,12.61270593,21.03039086,13.19383919,3.176553587,17.37060595,2.433183657,-3.056607324,67.08645854,2722.483816,7.058426911,5.484204843
2015,3,27,259,179,80,35,14,21,,52,86,86,449.06,233.24,215.82,32.4143113,107.4678787,139.88219,131.439862,125.108116,52.674738,,chuzhou,10,0,54.2027256,10.2706057,14.79003924,9.279132014,1.956340459,11.72164153,7.291986741,2.062996995,69.41576522,3876.660054,7.058426911,5.484204843
2015,4,28,193,126,67,23,14,9,,46,51,73,449.06,233.24,215.82,32.4143113,107.4678787,139.88219,131.439862,125.108116,52.674738,,chuzhou,10,0,56.29720198,11.92671261,14.39860113,9.414424656,1.945059476,11.79782829,11.84102519,6.390537693,69.26403901,4721.550145,7.058426911,5.484204843
2015,5,29,203,135,68,28,8,20,,33,71,71,449.06,233.24,215.82,32.4143113,107.4678787,139.88219,131.439862,125.108116,52.674738,,chuzhou,10,0,51.95504475,11.94058642,12.17292482,8.95264761,1.85774023,10.4946642,17.76677649,12.83631554,72.87100233,4762.602164,7.058426911,5.484204843
2015,6,30,192,131,61,28,6,22,,44,59,61,449.06,233.24,215.82,32.4143113,107.4678787,139.88219,131.439862,125.108116,52.674738,,chuzhou,10,0,43.5355899,10.14564417,9.665875515,7.233842522,1.650276912,9.396501071,20.59397224,16.29415096,76.38383178,3799.131392,7.058426911,5.484204843
2015,7,31,198,146,52,29,8,21,,45,68,56,449.06,233.24,215.82,32.4143113,107.4678787,139.88219,131.439862,125.108116,52.674738,,chuzhou,10,0,38.15143131,8.857749394,8.44742328,6.023964082,1.613912588,8.509835502,23.02965353,19.58235691,80.95079317,5494.075354,7.058426911,5.484204843
2015,8,32,172,122,50,21,7,14,,39,59,53,449.06,233.24,215.82,32.4143113,107.4678787,139.88219,131.439862,125.108116,52.674738,,chuzhou,10,0,36.00705747,7.854634013,8.202005088,5.536861572,1.450084896,8.00950346,23.27220548,19.58909096,79.80583492,5929.404399,7.058426911,5.484204843
2015,9,33,171,120,51,16,8,8,,30,62,63,449.06,233.24,215.82,32.4143113,107.4678787,139.88219,131.439862,125.108116,52.674738,,chuzhou,10,0,31.888552,7.575614853,7.442761675,5.405649377,1.188063244,6.305746064,19.19915932,14.98812782,76.59932108,5320.671816,7.058426911,5.484204843
2015,10,34,175,117,58,22,7,15,,36,49,68,449.06,233.24,215.82,32.4143113,107.4678787,139.88219,131.439862,125.108116,52.674738,,chuzhou,10,0,58.36789884,10.93660694,14.47404373,9.340112482,2.331823616,12.79028331,14.26960124,8.601942964,68.73247361,3875.861976,7.058426911,5.484204843
2015,11,35,157,115,42,13,6,7,,34,60,50,449.06,233.24,215.82,32.4143113,107.4678787,139.88219,131.439862,125.108116,52.674738,,chuzhou,10,0,54.51311014,12.12311223,13.90709099,8.99999462,1.91027026,11.55330842,7.047002063,4.114501616,81.60914712,2864.818751,7.058426911,5.484204843
2015,12,36,159,123,36,14,4,10,,28,51,66,449.06,233.24,215.82,32.4143113,107.4678787,139.88219,131.439862,125.108116,52.674738,,chuzhou,10,0,88.21081744,16.82399687,24.77232691,15.01113047,3.386960204,17.93827329,1.86427714,-2.914179707,70.60535672,2701.971313,7.058426911,5.484204843
2016,1,37,202,141,61,25,11,14,,30,63,84,454.09,235.72,218.37,31.41999539,104.1712786,135.591274,131.277419,132.59428,54.4908,,chuzhou,10,0,80.83212066,13.42203128,21.81123373,13.73203197,3.493708845,19.05410922,-1.080779198,-5.933713718,69.60399879,2671.6769,7.058426911,5.484204843
2016,2,38,200,158,42,16,5,11,,38,78,68,454.09,235.72,218.37,31.41999539,104.1712786,135.591274,131.277419,132.59428,54.4908,,chuzhou,10,1,73.65488509,11.79076403,18.93369985,11.76382521,3.453914184,17.98940748,2.766984735,-4.615739554,58.29763805,2959.693949,7.058426911,5.484204843
2016,3,39,233,177,56,33,17,16,,40,87,73,454.09,235.72,218.37,31.41999539,104.1712786,135.591274,131.277419,132.59428,54.4908,,chuzhou,10,0,64.25455461,11.18803937,17.82115854,10.95933876,2.391153537,14.97575733,8.031176268,1.238816249,62.22581399,3874.923313,7.058426911,5.484204843
2016,4,40,179,127,52,20,10,10,,30,49,80,454.09,235.72,218.37,31.41999539,104.1712786,135.591274,131.277419,132.59428,54.4908,,chuzhou,10,0,50.61169399,11.32517331,12.61734564,8.370627914,1.688938129,10.46244031,13.88788959,9.316530709,73.93280605,4981.388888,7.058426911,5.484204843
2016,5,41,184,136,48,30,8,22,,45,58,51,454.09,235.72,218.37,31.41999539,104.1712786,135.591274,131.277419,132.59428,54.4908,,chuzhou,10,0,42.12900201,9.350737692,10.39852068,7.024193718,1.483681776,8.89356142,16.64820955,11.68130013,72.4956136,4896.391464,7.058426911,5.484204843
2016,6,42,213,145,68,31,12,19,,37,80,65,454.09,235.72,218.37,31.41999539,104.1712786,135.591274,131.277419,132.59428,54.4908,,chuzhou,10,0,37.64557669,8.948771731,8.683124514,6.144538723,1.38849509,7.952617835,20.88209874,17.22909841,79.62816168,4024.731565,7.058426911,5.484204843
2016,7,43,149,101,48,24,14,10,,26,46,53,454.09,235.72,218.37,31.41999539,104.1712786,135.591274,131.277419,132.59428,54.4908,,chuzhou,10,0,31.38164808,6.504590022,6.692943847,4.410677591,1.510191141,7.38347373,24.78720141,21.26392559,80.79913377,5582.665718,7.058426911,5.484204843
2016,8,44,185,128,57,21,6,15,,34,60,70,454.09,235.72,218.37,31.41999539,104.1712786,135.591274,131.277419,132.59428,54.4908,,chuzhou,10,0,27.90612005,6.343171221,6.235215947,4.442533332,1.136675901,5.698196346,24.77608437,20.15249542,75.50431757,5872.024651,7.058426911,5.484204843
2016,9,45,135,93,42,12,4,8,,26,46,51,454.09,235.72,218.37,31.41999539,104.1712786,135.591274,131.277419,132.59428,54.4908,,chuzhou,10,0,35.52913477,8.039014925,8.543160345,6.069584321,1.325566921,7.04709972,20.03960653,14.92985235,72.43246189,5189.813148,7.058426911,5.484204843
2016,10,46,160,108,52,23,9,14,,34,55,48,454.09,235.72,218.37,31.41999539,104.1712786,135.591274,131.277419,132.59428,54.4908,,chuzhou,10,0,23.45532698,5.467278236,5.127823155,3.705016268,0.959956291,4.863813929,13.90525192,11.36710975,84.67724631,4137.765404,7.058426911,5.484204843
2016,11,47,160,119,41,13,5,8,,24,66,57,454.09,235.72,218.37,31.41999539,104.1712786,135.591274,131.277419,132.59428,54.4908,,chuzhou,10,0,56.61482037,11.78973594,14.96454814,9.384555621,2.034951134,12.24512157,6.936151683,3.576794299,79.18193217,3129.174348,7.058426911,5.484204843
2016,12,48,141,106,35,18,8,10,,29,47,47,454.09,235.72,218.37,31.41999539,104.1712786,135.591274,131.277419,132.59428,54.4908,,chuzhou,10,0,75.95564329,14.54355851,21.28430725,13.04712944,3.002181378,15.31898933,2.809330528,-1.081101292,75.5668708,2309.898204,7.058426911,5.484204843
2017,1,49,209,151,58,23,8,15,,42,84,60,454.25,235.76,218.49,31.51527547,104.4871745,136.00245,124.964175,137.138075,56.23615,,chuzhou,10,1,70.03501252,12.48349419,20.16246209,12.05513159,2.853883254,14.6109198,2.149785809,-2.289261178,72.46064318,2435.10298,7.058426911,5.484204843
2017,2,50,179,122,57,19,4,15,,25,71,64,454.25,235.76,218.49,31.51527547,104.4871745,136.00245,124.964175,137.138075,56.23615,,chuzhou,10,0,71.5675392,12.65375903,19.28628216,12.27086696,3.144028667,16.65563374,3.875654774,-2.513833994,63.07456445,2614.969104,7.058426911,5.484204843
2017,3,51,195,146,49,26,10,16,,44,69,56,454.25,235.76,218.49,31.51527547,104.4871745,136.00245,124.964175,137.138075,56.23615,,chuzhou,10,0,47.41482678,8.685764201,13.12339794,8.105958862,1.736929191,9.962726438,7.833976227,1.044232172,62.19045513,2926.998742,7.058426911,5.484204843
2017,4,52,153,114,39,14,6,8,,29,54,56,454.25,235.76,218.49,31.51527547,104.4871745,136.00245,124.964175,137.138075,56.23615,,chuzhou,10,0,45.62492876,9.176722031,11.99961242,7.584467791,1.600128294,9.640633927,15.50582247,8.250514564,61.98029529,3806.796898,7.058426911,5.484204843
2017,5,53,194,144,50,24,8,16,,34,76,60,454.25,235.76,218.49,31.51527547,104.4871745,136.00245,124.964175,137.138075,56.23615,,chuzhou,10,0,42.73079571,8.499764758,10.61818484,7.105849795,1.551266847,8.98112643,20.55067501,13.13484852,62.47302576,3855.717504,7.058426911,5.484204843
2017,6,54,159,112,47,26,7,19,,27,55,51,454.25,235.76,218.49,31.51527547,104.4871745,136.00245,124.964175,137.138075,56.23615,,chuzhou,10,0,42.8238065,9.608474129,10.7001347,7.276472412,1.533583178,8.888365757,22.93234233,17.291098,70.53966237,4998.329675,7.058426911,5.484204843
2017,7,55,170,134,36,17,4,13,,26,73,54,454.25,235.76,218.49,31.51527547,104.4871745,136.00245,124.964175,137.138075,56.23615,,chuzhou,10,0,31.05628955,5.19110586,6.258622105,3.795897897,1.551040502,8.369680512,27.90256421,23.23008436,75.77279818,5738.670126,7.058426911,5.484204843
2017,8,56,192,142,50,18,11,7,,36,70,68,454.25,235.76,218.49,31.51527547,104.4871745,136.00245,124.964175,137.138075,56.23615,,chuzhou,10,0,26.28183507,5.200111128,6.555597368,4.051048403,1.043116069,5.592522217,25.37587736,22.18549795,82.53344094,5999.779195,7.058426911,5.484204843
2017,9,57,168,117,51,23,4,19,,19,69,57,454.25,235.76,218.49,31.51527547,104.4871745,136.00245,124.964175,137.138075,56.23615,,chuzhou,10,0,31.73642884,6.97712613,7.921686405,5.196434938,1.135356945,6.682341069,20.54848463,17.57961614,83.10006726,5393.139035,7.058426911,5.484204843
2017,10,58,169,129,40,24,9,15,,25,70,50,454.25,235.76,218.49,31.51527547,104.4871745,136.00245,124.964175,137.138075,56.23615,,chuzhou,10,0,33.39390188,6.970618472,8.721343025,5.540403858,1.239127335,6.798048434,13.86877305,10.22206294,78.65636003,3920.610731,7.058426911,5.484204843
2017,11,59,164,125,39,17,7,10,,28,57,62,454.25,235.76,218.49,31.51527547,104.4871745,136.00245,124.964175,137.138075,56.23615,,chuzhou,10,0,63.99496136,11.47656107,17.66510886,10.79363179,2.474028221,13.59476488,8.962966678,2.868219563,65.61980424,2742.277172,7.058426911,5.484204843
2017,12,60,166,120,46,24,9,15,,24,60,58,454.25,235.76,218.49,31.51527547,104.4871745,136.00245,124.964175,137.138075,56.23615,,chuzhou,10,0,77.79758684,13.73028309,22.56180416,13.23016865,3.233541508,15.58172521,2.617147988,-4.025783398,61.59228371,2208.665684,7.058426911,5.484204843
2018,1,61,218,154,64,20,10,10,,34,70,94,453.75,235.46,218.29,30.86022721,102.3153978,133.175625,120.153,141.615375,58.851375,,chuzhou,10,0,81.47477409,14.94848221,22.13896315,13.81326174,3.509602002,19.18773832,-1.920761966,-5.040976543,79.22264975,507.1131486,7.058426911,5.484204843
2018,2,62,208,156,52,24,9,15,,30,74,80,453.75,235.46,218.29,30.86022721,102.3153978,133.175625,120.153,141.615375,58.851375,,chuzhou,10,1,61.25519284,10.4306165,17.03113977,10.50333582,2.729677498,14.04410912,2.085480687,-4.132666824,63.45552608,2482.171524,7.058426911,5.484204843
2018,3,63,217,176,41,31,11,20,,34,73,79,453.75,235.46,218.29,30.86022721,102.3153978,133.175625,120.153,141.615375,58.851375,,chuzhou,10,0,53.55293678,9.890678571,15.22711172,9.209760916,2.016489195,11.17576378,9.842295813,4.842183555,71.05736854,3248.397961,7.058426911,5.484204843
2018,4,64,167,124,43,26,7,19,,35,51,55,453.75,235.46,218.29,30.86022721,102.3153978,133.175625,120.153,141.615375,58.851375,,chuzhou,10,0,43.77235557,7.922845796,11.96735474,7.279109283,1.589772944,9.31366802,15.53744532,8.432767679,62.62374587,4310.120159,7.058426911,5.484204843
2018,5,65,177,130,47,23,6,17,,42,53,59,453.75,235.46,218.29,30.86022721,102.3153978,133.175625,120.153,141.615375,58.851375,,chuzhou,10,0,36.37653471,7.108379641,9.032089917,5.758299764,1.349438227,7.949746105,19.60370369,15.38488969,76.62445771,4404.938024,7.058426911,5.484204843
2018,6,66,165,116,49,24,12,12,,30,53,58,453.75,235.46,218.29,30.86022721,102.3153978,133.175625,120.153,141.615375,58.851375,,chuzhou,10,0,37.53639684,7.796094467,9.180363383,6.035486977,1.468545852,8.552960642,23.4642375,18.17762143,72.23138734,4232.432745,7.058426911,5.484204843
2018,7,67,175,140,35,25,12,13,,27,65,58,453.75,235.46,218.29,30.86022721,102.3153978,133.175625,120.153,141.615375,58.851375,,chuzhou,10,0,25.6246065,4.649738012,5.415890313,3.305259589,1.227372582,6.32195257,26.68367389,23.09886332,80.74152267,5644.481577,7.058426911,5.484204843
2018,8,68,155,117,38,20,4,16,,20,59,56,453.75,235.46,218.29,30.86022721,102.3153978,133.175625,120.153,141.615375,58.851375,,chuzhou,10,0,22.62569147,4.59398792,5.168567225,3.267628449,0.993845365,5.013568588,26.33394554,22.88355156,81.35642459,5876.246175,7.058426911,5.484204843
2018,9,69,144,106,38,15,8,7,,30,44,55,453.75,235.46,218.29,30.86022721,102.3153978,133.175625,120.153,141.615375,58.851375,,chuzhou,10,0,25.86187307,5.113248759,6.57336943,4.147519901,1.000690638,5.604224994,21.21400032,16.9661565,76.73349634,5173.51211,7.058426911,5.484204843
2018,10,70,168,122,46,15,5,10,,39,59,55,453.75,235.46,218.29,30.86022721,102.3153978,133.175625,120.153,141.615375,58.851375,,chuzhou,10,0,36.6145221,7.265013613,9.001415048,5.804972758,1.404652097,8.008335062,14.31506546,7.905847195,65.36992253,3675.110313,7.058426911,5.484204843
2018,11,71,148,107,41,13,8,5,,33,50,52,453.75,235.46,218.29,30.86022721,102.3153978,133.175625,120.153,141.615375,58.851375,,chuzhou,10,0,66.05199699,13.78423225,17.4540246,10.77070367,2.52552549,15.31824847,9.140187799,6.04710926,80.98318304,2693.770674,7.058426911,5.484204843
2018,12,72,148,104,44,18,3,15,,20,54,56,453.75,235.46,218.29,30.86022721,102.3153978,133.175625,120.153,141.615375,58.851375,,chuzhou,10,0,59.78742469,12.33017279,16.01962938,9.990978068,2.409220677,12.93924063,2.374302475,-1.712841886,74.40767157,2669.422527,7.058426911,5.484204843
2019,1,73,174,117,57,24,12,12,,25,56,69,455.35,236.31,219.04,30.26208617,100.3322938,130.59438,114.429455,146.80484,63.430255,,chuzhou,10,0,82.62506177,14.9188341,22.67384815,13.94954913,3.664177712,19.83031366,0.748535157,-3.3183653,74.22332572,2661.432786,7.058426911,5.484204843
2019,2,74,211,165,46,11,4,7,,35,78,87,455.35,236.31,219.04,30.26208617,100.3322938,130.59438,114.429455,146.80484,63.430255,,chuzhou,10,1,58.20368959,10.98114452,16.72002405,10.07514375,2.379331937,12.8512585,1.510711885,-1.612140298,79.72637026,2984.660883,7.058426911,5.484204843
2019,3,75,180,128,52,20,8,12,,29,57,74,455.35,236.31,219.04,30.26208617,100.3322938,130.59438,114.429455,146.80484,63.430255,,chuzhou,10,0,55.28007546,9.221773147,15.50269245,9.347973704,2.105538852,13.02917825,9.415819148,2.629911631,62.58271122,3328.286946,7.058426911,5.484204843
2019,4,76,184,125,59,17,5,12,,28,58,81,455.35,236.31,219.04,30.26208617,100.3322938,130.59438,114.429455,146.80484,63.430255,,chuzhou,10,0,40.4367641,8.285779565,10.81742206,6.787526992,1.417027573,8.89136406,14.06307144,9.203627423,72.54441803,4169.84628,7.058426911,5.484204843
2019,5,77,159,122,37,19,7,12,,31,52,57,455.35,236.31,219.04,30.26208617,100.3322938,130.59438,114.429455,146.80484,63.430255,,chuzhou,10,0,32.60804066,6.097285995,7.988397925,4.967222185,1.328288426,7.533293558,19.30371567,10.96115614,58.49141636,4103.056465,7.058426911,5.484204843
2019,6,78,157,120,37,24,10,14,,40,42,51,455.35,236.31,219.04,30.26208617,100.3322938,130.59438,114.429455,146.80484,63.430255,,chuzhou,10,0,36.48924248,7.427150921,9.570804457,6.191014094,1.296807471,7.95322227,23.22779029,17.60456997,70.67515666,4674.075423,7.058426911,5.484204843
2019,7,79,150,112,38,18,9,9,,39,55,38,455.35,236.31,219.04,30.26208617,100.3322938,130.59438,114.429455,146.80484,63.430255,,chuzhou,10,0,25.37172308,4.995090763,6.001114955,3.790847957,1.060753141,6.055575169,26.00491971,21.53372221,76.40926296,5575.859462,7.058426911,5.484204843
2019,8,80,153,106,47,16,5,11,,26,58,53,455.35,236.31,219.04,30.26208617,100.3322938,130.59438,114.429455,146.80484,63.430255,,chuzhou,10,0,20.60792545,4.387411262,4.970468145,3.316237909,0.813676892,4.31510712,25.39679699,20.61297355,74.86084805,5905.269039,7.058426911,5.484204843
2019,9,81,121,94,27,16,5,11,,14,49,42,455.35,236.31,219.04,30.26208617,100.3322938,130.59438,114.429455,146.80484,63.430255,,chuzhou,10,0,23.49913748,4.928075641,5.936880476,3.893208031,0.916103561,4.825059427,21.56407841,15.84194675,69.91978725,5375.108562,7.058426911,5.484204843
2019,10,82,143,108,35,16,7,9,,23,43,61,455.35,236.31,219.04,30.26208617,100.3322938,130.59438,114.429455,146.80484,63.430255,,chuzhou,10,0,36.71326682,7.025525918,9.000422804,5.711228551,1.371295313,8.001268055,15.5809276,9.771648454,68.3451456,3604.706204,7.058426911,5.484204843
2019,11,83,122,96,26,13,5,8,,25,40,44,455.35,236.31,219.04,30.26208617,100.3322938,130.59438,114.429455,146.80484,63.430255,,chuzhou,10,0,44.15486619,7.399680151,11.08617145,6.713033258,1.702057815,10.03513228,10.0708091,3.070747034,61.79441282,2440.200333,7.058426911,5.484204843
2019,12,84,116,89,27,9,4,5,,28,41,38,455.35,236.31,219.04,30.26208617,100.3322938,130.59438,114.429455,146.80484,63.430255,,chuzhou,10,0,60.07510421,11.74374199,16.3737887,10.18368131,2.499646659,12.58124643,3.922546188,-0.573698327,72.49568374,2217.137546,7.058426911,5.484204843
2013,1,1,464,324,140,39,14,25,,116,150,159,1053.24,547.93,505.31,101.3586805,227.675647,329.0343275,301.7562736,293.4982107,128.9511882,,fuyang,11,0,207.7523664,33.01086182,53.99261485,33.67558961,10.37183467,51.79422789,0.737037072,-4.200075014,69.54273754,2667.073507,0.007391223,0.003175291
2013,2,2,404,284,120,47,11,36,,91,138,128,1053.24,547.93,505.31,101.3586805,227.675647,329.0343275,301.7562736,293.4982107,128.9511882,,fuyang,11,1,150.5263597,26.11712786,42.70139897,26.36403628,6.22369978,33.02047199,3.858516836,-0.757378622,71.85366701,3336.653844,0.007391223,0.003175291
2013,3,3,395,279,116,51,16,35,,70,131,143,1053.24,547.93,505.31,101.3586805,227.675647,329.0343275,301.7562736,293.4982107,128.9511882,,fuyang,11,0,95.62361954,17.72999833,25.38217627,16.18989757,3.885916064,21.58630306,10.61820928,2.318078691,56.48068561,4574.349643,0.007391223,0.003175291
2013,4,4,384,265,119,53,15,38,,92,103,136,1053.24,547.93,505.31,101.3586805,227.675647,329.0343275,301.7562736,293.4982107,128.9511882,,fuyang,11,0,69.45408588,14.33760486,17.34242629,11.63695558,2.767342857,15.62007051,15.56319864,4.927887901,49.14276604,5290.166863,0.007391223,0.003175291
2013,5,5,378,268,110,49,17,32,,97,131,101,1053.24,547.93,505.31,101.3586805,227.675647,329.0343275,301.7562736,293.4982107,128.9511882,,fuyang,11,0,53.59287155,12.60498267,12.91153965,9.559030205,2.068771969,11.03331302,21.94971603,14.23135297,61.57178949,5290.554117,0.007391223,0.003175291
2013,6,6,302,208,94,40,13,27,,76,97,89,1053.24,547.93,505.31,101.3586805,227.675647,329.0343275,301.7562736,293.4982107,128.9511882,,fuyang,11,0,53.10129117,12.60892602,12.52408233,9.477264039,2.223018488,11.15682892,25.85746016,18.32918607,63.20163941,3027.173758,0.007391223,0.003175291
2013,7,7,278,202,76,33,6,27,,77,92,76,1053.24,547.93,505.31,101.3586805,227.675647,329.0343275,301.7562736,293.4982107,128.9511882,,fuyang,11,0,35.14543271,7.629311862,6.121374437,3.753465085,2.254750499,10.6155024,29.40281484,23.4023218,70.18108925,5853.244628,0.007391223,0.003175291
2013,8,8,290,203,87,37,9,28,,64,97,92,1053.24,547.93,505.31,101.3586805,227.675647,329.0343275,301.7562736,293.4982107,128.9511882,,fuyang,11,0,48.75058671,9.814304909,9.493279757,6.130661909,2.802728391,13.91349785,29.16773147,21.6662299,64.02129555,5824.014663,0.007391223,0.003175291
2013,9,9,305,215,90,51,20,31,,71,87,96,1053.24,547.93,505.31,101.3586805,227.675647,329.0343275,301.7562736,293.4982107,128.9511882,,fuyang,11,0,45.68256906,10.68028817,11.34920539,8.138791324,1.744986224,8.892143817,21.48889149,16.6657376,74.02742424,5457.706424,0.007391223,0.003175291
2013,10,10,351,244,107,46,18,28,,75,107,123,1053.24,547.93,505.31,101.3586805,227.675647,329.0343275,301.7562736,293.4982107,128.9511882,,fuyang,11,0,69.68122009,13.28495841,18.83338842,11.52715981,2.655330464,14.67273829,16.46270507,8.651448519,59.91209175,2915.891017,0.007391223,0.003175291
2013,11,11,277,192,85,35,8,27,,73,93,76,1053.24,547.93,505.31,101.3586805,227.675647,329.0343275,301.7562736,293.4982107,128.9511882,,fuyang,11,0,99.81797673,16.50935202,26.42146121,15.74712871,4.022808353,22.57862019,9.125021772,2.596359339,63.66751767,3113.754739,0.007391223,0.003175291
2013,12,12,252,173,79,32,11,21,,55,90,75,1053.24,547.93,505.31,101.3586805,227.675647,329.0343275,301.7562736,293.4982107,128.9511882,,fuyang,11,0,156.5597849,24.43855237,40.54354651,25.62204369,7.203903351,37.04155609,2.587399996,-4.927969143,57.67040026,3588.666025,0.007391223,0.003175291
2014,1,13,429,300,129,45,12,33,,101,135,148,1051.42,549.99,501.43,105.041817,235.9488454,340.9906624,305.5395555,281.7237079,123.1676413,,fuyang,11,1,150.3278321,22.75016704,36.53559204,23.10206696,8.003228021,40.57413555,4.122136853,-3.676558509,56.85519047,3537.849669,0.007391223,0.003175291
2014,2,14,356,249,107,52,11,41,,72,123,109,1051.42,549.99,501.43,105.041817,235.9488454,340.9906624,305.5395555,281.7237079,123.1676413,,fuyang,11,0,108.4463702,18.99131203,29.89870649,18.81694944,4.734143092,24.4376738,2.465781325,-1.292616003,76.24180949,4617.956409,0.007391223,0.003175291
2014,3,15,365,247,118,67,16,51,,67,102,129,1051.42,549.99,501.43,105.041817,235.9488454,340.9906624,305.5395555,281.7237079,123.1676413,,fuyang,11,0,93.39084597,16.74689325,26.03090973,16.19229892,3.919720379,21.20445285,11.33839557,4.249311129,61.70914964,5046.94309,0.007391223,0.003175291
2014,4,16,330,222,108,46,21,25,,69,119,96,1051.42,549.99,501.43,105.041817,235.9488454,340.9906624,305.5395555,281.7237079,123.1676413,,fuyang,11,0,60.41363248,13.85025767,15.6238164,10.54705019,2.189432694,12.35457409,15.40589543,10.15958402,70.93386908,5625.12732,0.007391223,0.003175291
2014,5,17,378,268,110,53,28,25,,94,124,107,1051.42,549.99,501.43,105.041817,235.9488454,340.9906624,305.5395555,281.7237079,123.1676413,,fuyang,11,0,48.03023919,9.316770137,10.57359988,7.153744408,2.07091836,11.05892633,21.70016589,13.48788228,59.5720265,5078.022147,0.007391223,0.003175291
2014,6,18,272,188,84,36,11,25,,60,98,78,1051.42,549.99,501.43,105.041817,235.9488454,340.9906624,305.5395555,281.7237079,123.1676413,,fuyang,11,0,48.98330573,11.73611304,11.97969966,9.202651469,1.91589136,9.856737743,24.86351426,18.29511979,66.90650351,4280.600931,0.007391223,0.003175291
2014,7,19,294,198,96,39,10,29,,86,101,68,1051.42,549.99,501.43,105.041817,235.9488454,340.9906624,305.5395555,281.7237079,123.1676413,,fuyang,11,0,49.19117715,11.00574715,11.42641344,8.428826662,2.308064271,11.08525955,26.82309325,21.42367704,72.31967386,5380.376749,0.007391223,0.003175291
2014,8,20,299,220,79,44,12,32,,60,95,100,1051.42,549.99,501.43,105.041817,235.9488454,340.9906624,305.5395555,281.7237079,123.1676413,,fuyang,11,0,27.53764881,6.339499346,6.842973848,4.735023623,1.105546001,5.88874134,24.26284969,20.60266689,80.05312644,5990.118089,0.007391223,0.003175291
2014,9,21,323,238,85,39,13,26,,62,115,107,1051.42,549.99,501.43,105.041817,235.9488454,340.9906624,305.5395555,281.7237079,123.1676413,,fuyang,11,0,39.86247888,9.927995017,9.782334254,7.041368768,1.428920723,7.950542412,20.79043206,17.91020548,83.59342112,5745.147705,0.007391223,0.003175291
2014,10,22,367,276,91,56,21,35,,65,121,125,1051.42,549.99,501.43,105.041817,235.9488454,340.9906624,305.5395555,281.7237079,123.1676413,,fuyang,11,0,66.31157727,13.3089339,18.03986865,11.37578152,2.414469057,13.47726631,17.14565808,11.99530102,71.7145733,2783.411787,0.007391223,0.003175291
2014,11,23,302,212,90,39,16,23,,79,95,89,1051.42,549.99,501.43,105.041817,235.9488454,340.9906624,305.5395555,281.7237079,123.1676413,,fuyang,11,0,75.77875465,14.13184008,20.40349463,12.65443619,3.076057304,16.68082905,9.414825168,4.51666154,71.48206512,3332.798515,0.007391223,0.003175291
2014,12,24,323,242,81,40,17,23,,78,106,99,1051.42,549.99,501.43,105.041817,235.9488454,340.9906624,305.5395555,281.7237079,123.1676413,,fuyang,11,0,72.81711348,10.40076966,18.0166765,10.90778471,3.664154452,18.15751589,2.903846692,-6.198691147,51.20233871,3998.057625,0.007391223,0.003175291
2015,1,25,397,287,110,47,17,30,,93,129,128,1042.65,544.48,498.17,100.0498259,224.7356491,324.785475,305.183655,290.48229,122.302845,,fuyang,11,0,100.1955544,15.17347042,24.73979373,14.91620739,5.462854772,26.70059525,3.287649363,-3.531708795,60.94934562,3867.198309,0.007391223,0.003175291
2015,2,26,400,270,130,46,12,34,,91,140,123,1042.65,544.48,498.17,100.0498259,224.7356491,324.785475,305.183655,290.48229,122.302845,,fuyang,11,1,109.5212219,17.07334912,27.40176254,17.04529807,5.785724005,29.28764599,4.767632603,-1.479146621,63.95345068,4308.184752,0.007391223,0.003175291
2015,3,27,379,261,118,49,17,32,,89,107,134,1042.65,544.48,498.17,100.0498259,224.7356491,324.785475,305.183655,290.48229,122.302845,,fuyang,11,0,69.14770839,11.92627687,20.06758839,11.90761967,2.788548508,15.56261848,9.844493524,4.266944776,68.24780148,4870.722316,0.007391223,0.003175291
2015,4,28,334,249,85,46,19,27,,58,109,121,1042.65,544.48,498.17,100.0498259,224.7356491,324.785475,305.183655,290.48229,122.302845,,fuyang,11,0,63.01917008,13.23687521,17.12728569,10.90043948,2.326493354,13.49570127,14.37580565,9.15251544,70.84652646,5534.259013,0.007391223,0.003175291
2015,5,29,321,231,90,42,12,30,,63,114,102,1042.65,544.48,498.17,100.0498259,224.7356491,324.785475,305.183655,290.48229,122.302845,,fuyang,11,0,57.10576008,12.8669185,14.47897417,10.10130648,2.13310102,11.68660297,20.96000052,15.34115867,70.26832731,5488.67604,0.007391223,0.003175291
2015,6,30,323,212,111,29,6,23,,83,110,101,1042.65,544.48,498.17,100.0498259,224.7356491,324.785475,305.183655,290.48229,122.302845,,fuyang,11,0,49.96301654,11.24584147,11.29156728,8.261799366,2.092472144,11.39748043,23.80522051,18.21912424,70.94754831,3432.215748,0.007391223,0.003175291
2015,7,31,376,263,113,41,17,24,,83,109,143,1042.65,544.48,498.17,100.0498259,224.7356491,324.785475,305.183655,290.48229,122.302845,,fuyang,11,0,40.22247881,8.848209468,10.1105354,6.540600132,1.679202226,8.99702946,25.81290477,21.78591871,78.48389221,4780.410958,0.007391223,0.003175291
2015,8,32,377,242,135,38,16,22,,75,135,129,1042.65,544.48,498.17,100.0498259,224.7356491,324.785475,305.183655,290.48229,122.302845,,fuyang,11,0,40.00151353,8.345915595,10.22149662,6.304648127,1.684578868,9.178408087,25.6268383,21.38914503,77.45190612,5874.373944,0.007391223,0.003175291
2015,9,33,305,211,94,37,12,25,,66,101,101,1042.65,544.48,498.17,100.0498259,224.7356491,324.785475,305.183655,290.48229,122.302845,,fuyang,11,0,44.87949867,10.52636813,11.27613165,7.584699059,1.672754193,9.215329229,21.65462628,16.34814109,71.81555706,5772.975548,0.007391223,0.003175291
2015,10,34,334,237,97,36,12,24,,70,108,120,1042.65,544.48,498.17,100.0498259,224.7356491,324.785475,305.183655,290.48229,122.302845,,fuyang,11,0,66.21732568,12.26594656,16.4856582,10.37657817,2.89255535,15.56015175,16.56469864,9.359816974,62.43699651,2560.910255,0.007391223,0.003175291
2015,11,35,287,210,77,27,11,16,,69,102,89,1042.65,544.48,498.17,100.0498259,224.7356491,324.785475,305.183655,290.48229,122.302845,,fuyang,11,0,73.38422204,16.1054161,19.56409615,12.54865722,2.740074841,15.51075721,7.943855811,5.063287759,82.02420768,2700.758328,0.007391223,0.003175291
2015,12,36,289,219,70,38,14,24,,60,98,93,1042.65,544.48,498.17,100.0498259,224.7356491,324.785475,305.183655,290.48229,122.302845,,fuyang,11,0,111.7541391,19.36439068,30.66855199,18.76210205,4.955989806,25.01874356,3.824441656,-2.022617847,65.64184818,2994.706784,0.007391223,0.003175291
2016,1,37,404,290,114,57,20,37,,82,135,130,1061.55,553.76,507.79,97.64499709,219.3338329,316.97883,306.894105,309.9726,127.386,,fuyang,11,0,120.8742625,19.67268432,31.90761312,19.83459008,6.023142101,29.73584353,0.75345279,-4.654443659,67.12616289,3144.080377,0.007391223,0.003175291
2016,2,38,377,258,119,35,12,23,,101,122,119,1061.55,553.76,507.79,97.64499709,219.3338329,316.97883,306.894105,309.9726,127.386,,fuyang,11,1,95.98687353,13.95771739,22.97459391,13.4805623,5.457965555,27.18573869,5.370397826,-3.459102672,52.966632,3387.005727,0.007391223,0.003175291
2016,3,39,380,258,122,41,11,30,,86,122,131,1061.55,553.76,507.79,97.64499709,219.3338329,316.97883,306.894105,309.9726,127.386,,fuyang,11,0,73.17150262,12.74104968,20.32773507,12.99694848,3.214311673,16.85539936,10.69167382,3.342567941,60.43713954,4593.521738,0.007391223,0.003175291
2016,4,40,326,221,105,39,15,24,,74,104,109,1061.55,553.76,507.79,97.64499709,219.3338329,316.97883,306.894105,309.9726,127.386,,fuyang,11,0,57.58074892,12.15362206,15.65355042,10.15360999,2.095442479,11.73512725,17.01004622,12.21822014,73.40173441,5463.208566,0.007391223,0.003175291
2016,5,41,350,245,105,39,10,29,,91,102,118,1061.55,553.76,507.79,97.64499709,219.3338329,316.97883,306.894105,309.9726,127.386,,fuyang,11,0,37.66608555,7.993744915,9.451181852,6.373917325,1.466534578,8.090103135,19.6034158,13.451432,67.62547377,5119.057228,0.007391223,0.003175291
2016,6,42,312,217,95,42,10,32,,69,97,104,1061.55,553.76,507.79,97.64499709,219.3338329,316.97883,306.894105,309.9726,127.386,,fuyang,11,0,38.98007859,8.644749115,9.799711808,6.537456637,1.582307972,8.510893395,23.95735727,19.34917621,75.44526765,3220.762058,0.007391223,0.003175291
2016,7,43,272,195,77,39,9,30,,73,76,84,1061.55,553.76,507.79,97.64499709,219.3338329,316.97883,306.894105,309.9726,127.386,,fuyang,11,0,30.72324092,6.073665779,6.90479689,4.163854497,1.567748477,8.116032458,27.05760911,23.61006797,81.46088437,5852.644444,0.007391223,0.003175291
2016,8,44,302,217,85,48,23,25,,66,95,93,1061.55,553.76,507.79,97.64499709,219.3338329,316.97883,306.894105,309.9726,127.386,,fuyang,11,0,40.0060955,8.000827664,10.42952093,6.437431858,1.583356867,8.747658425,26.86492673,22.59011148,77.45996589,5929.376999,0.007391223,0.003175291
2016,9,45,311,224,87,41,22,19,,72,105,93,1061.55,553.76,507.79,97.64499709,219.3338329,316.97883,306.894105,309.9726,127.386,,fuyang,11,0,46.64945632,9.361446544,12.07547916,7.729474678,1.926940991,10.16664658,22.87266252,16.04114816,65.39232396,5395.663391,0.007391223,0.003175291
2016,10,46,362,235,127,45,15,30,,75,117,125,1061.55,553.76,507.79,97.64499709,219.3338329,316.97883,306.894105,309.9726,127.386,,fuyang,11,0,36.25115042,8.341590299,8.945297647,5.875109243,1.358960058,7.641706831,15.53352024,12.71676004,83.32257019,2937.563348,0.007391223,0.003175291
2016,11,47,379,261,118,40,11,29,,88,117,134,1061.55,553.76,507.79,97.64499709,219.3338329,316.97883,306.894105,309.9726,127.386,,fuyang,11,0,73.21243297,14.63535188,20.52756021,12.70467726,2.846328293,14.91859664,8.866752742,5.126448001,77.39178041,3003.313761,0.007391223,0.003175291
2016,12,48,301,202,99,23,7,16,,66,112,100,1061.55,553.76,507.79,97.64499709,219.3338329,316.97883,306.894105,309.9726,127.386,,fuyang,11,0,100.1025146,18.55989629,27.57512772,17.49450395,4.446006264,20.9045533,5.04557797,0.860557053,74.35853505,3330.817292,0.007391223,0.003175291
2017,1,49,362,259,103,37,12,25,,82,131,112,1070.07,557.8,512.27,98.69240297,221.686555,320.378958,294.376257,323.054133,132.474666,,fuyang,11,1,104.7737339,17.88457267,28.41329292,17.71503606,5.147181123,23.82528226,2.900319712,-2.180966279,69.25040463,3771.229944,0.007391223,0.003175291
2017,2,50,394,282,112,39,19,20,,85,132,138,1070.07,557.8,512.27,98.69240297,221.686555,320.378958,294.376257,323.054133,132.474666,,fuyang,11,0,101.2710132,16.50734029,25.87551523,15.97034646,5.471440268,26.62661469,5.21421812,-1.114090822,63.67665513,4332.870736,0.007391223,0.003175291
2017,3,51,348,250,98,39,15,24,,81,102,126,1070.07,557.8,512.27,98.69240297,221.686555,320.378958,294.376257,323.054133,132.474666,,fuyang,11,0,69.44318913,12.17960835,19.69855282,11.8751014,3.047542112,15.51563504,9.41058677,1.838278541,59.17346782,4591.773384,0.007391223,0.003175291
2017,4,52,331,238,93,40,16,24,,68,105,118,1070.07,557.8,512.27,98.69240297,221.686555,320.378958,294.376257,323.054133,132.474666,,fuyang,11,0,48.93062417,9.710612643,13.00187072,8.134966146,1.939627625,10.84413364,16.85154823,9.500827272,61.89394195,5119.562453,0.007391223,0.003175291
2017,5,53,328,224,104,39,14,25,,90,103,96,1070.07,557.8,512.27,98.69240297,221.686555,320.378958,294.376257,323.054133,132.474666,,fuyang,11,0,42.46771712,8.076122227,10.14791508,6.652445522,1.912502819,10.19029086,22.09290813,14.40122458,61.71085762,4885.570327,0.007391223,0.003175291
2017,6,54,344,244,100,43,15,28,,83,103,115,1070.07,557.8,512.27,98.69240297,221.686555,320.378958,294.376257,323.054133,132.474666,,fuyang,11,0,47.70353089,9.925685269,12.71482488,8.30516796,1.874223618,10.35070856,24.86572921,18.52175455,67.85454497,4049.313565,0.007391223,0.003175291
2017,7,55,287,197,90,31,13,18,,68,106,82,1070.07,557.8,512.27,98.69240297,221.686555,320.378958,294.376257,323.054133,132.474666,,fuyang,11,0,32.21112522,6.237447077,6.40655899,3.967286968,1.785217047,9.729241792,28.61355448,24.05934914,76.42478424,5303.05233,0.007391223,0.003175291
2017,8,56,328,236,92,46,18,28,,64,106,112,1070.07,557.8,512.27,98.69240297,221.686555,320.378958,294.376257,323.054133,132.474666,,fuyang,11,0,35.4133643,6.61914017,9.458923568,5.550955345,1.487584477,8.246481572,26.35572147,23.17032012,82.67412666,5899.270564,0.007391223,0.003175291
2017,9,57,286,198,88,26,6,20,,70,94,96,1070.07,557.8,512.27,98.69240297,221.686555,320.378958,294.376257,323.054133,132.474666,,fuyang,11,0,35.68801891,7.504197284,9.556438595,5.99770772,1.342176815,7.671076178,21.66779243,18.59179005,82.67482024,5236.919649,0.007391223,0.003175291
2017,10,58,291,202,89,26,8,18,,65,89,111,1070.07,557.8,512.27,98.69240297,221.686555,320.378958,294.376257,323.054133,132.474666,,fuyang,11,0,50.21339825,10.32615641,14.50877949,8.881731143,1.866303306,9.952173401,14.67328219,10.61593918,76.65399753,2951.116374,0.007391223,0.003175291
2017,11,59,274,202,72,26,6,20,,67,81,100,1070.07,557.8,512.27,98.69240297,221.686555,320.378958,294.376257,323.054133,132.474666,,fuyang,11,0,86.03178048,15.126315,23.11547179,14.76479062,3.74041213,19.48385195,10.08190074,2.325342859,58.56843004,2034.57826,0.007391223,0.003175291
2017,12,60,332,231,101,43,27,16,,74,109,106,1070.07,557.8,512.27,98.69240297,221.686555,320.378958,294.376257,323.054133,132.474666,,fuyang,11,0,95.94390126,16.04258101,26.15634797,15.83113576,4.802384784,21.55974023,4.002345163,-4.2770343,54.81175401,2084.83979,0.007391223,0.003175291
2018,1,61,358,274,84,52,22,30,,61,125,120,1070.83,557.89,512.94,96.8162761,217.4723289,314.288605,283.555784,334.206043,138.886651,,fuyang,11,0,97.82682056,17.93756112,26.98389123,16.45904651,4.853530336,22.29914386,-1.157852679,-4.955258548,75.39260304,324.6597674,0.007391223,0.003175291
2018,2,62,371,260,111,42,17,25,,77,136,116,1070.83,557.89,512.94,96.8162761,217.4723289,314.288605,283.555784,334.206043,138.886651,,fuyang,11,1,80.4453611,13.1784131,21.13324115,13.01552705,4.155564909,20.64395202,4.212609895,-3.594908089,56.84158937,3530.839912,0.007391223,0.003175291
2018,3,63,410,284,126,54,16,38,,97,124,135,1070.83,557.89,512.94,96.8162761,217.4723289,314.288605,283.555784,334.206043,138.886651,,fuyang,11,0,59.84132345,10.74681089,16.44725382,10.00804013,2.65407132,14.24736627,11.07724312,6.116389368,71.4889571,3943.756898,0.007391223,0.003175291
2018,4,64,324,239,85,42,13,29,,59,110,113,1070.83,557.89,512.94,96.8162761,217.4723289,314.288605,283.555784,334.206043,138.886651,,fuyang,11,0,42.3876958,7.91007172,11.08671739,7.025642057,1.788292919,9.884181087,16.88506875,9.813311536,63.07085817,4886.204784,0.007391223,0.003175291
2018,5,65,383,262,121,47,20,27,,78,131,127,1070.83,557.89,512.94,96.8162761,217.4723289,314.288605,283.555784,334.206043,138.886651,,fuyang,11,0,39.12387314,7.360094744,9.637436939,5.94861029,1.648844499,9.210957473,21.26146784,16.22850144,73.00687568,5015.914955,0.007391223,0.003175291
2018,6,66,308,219,89,37,14,23,,80,100,91,1070.83,557.89,512.94,96.8162761,217.4723289,314.288605,283.555784,334.206043,138.886651,,fuyang,11,0,35.8424093,7.337538784,8.924469545,6.069471983,1.614686038,8.471727217,25.87169525,19.1568976,66.50148551,3168.283029,0.007391223,0.003175291
2018,7,67,260,172,88,35,12,23,,64,91,70,1070.83,557.89,512.94,96.8162761,217.4723289,314.288605,283.555784,334.206043,138.886651,,fuyang,11,0,25.02840841,4.477782345,5.309713023,3.125747544,1.357184818,7.433445796,28.06457191,23.81303627,77.74506838,5319.162773,0.007391223,0.003175291
2018,8,68,271,202,69,46,19,27,,57,80,88,1070.83,557.89,512.94,96.8162761,217.4723289,314.288605,283.555784,334.206043,138.886651,,fuyang,11,0,29.20476793,5.303328048,7.461565039,4.491145313,1.320244846,7.153315621,27.47469844,23.61879758,79.53493019,5532.89315,0.007391223,0.003175291
2018,9,69,233,178,55,33,15,18,,64,66,70,1070.83,557.89,512.94,96.8162761,217.4723289,314.288605,283.555784,334.206043,138.886651,,fuyang,11,0,35.13646414,6.784912609,8.601816637,5.229435494,1.483639192,8.665352956,22.15138331,16.46662644,70.19849941,4787.060594,0.007391223,0.003175291
2018,10,70,238,179,59,29,12,17,,64,85,60,1070.83,557.89,512.94,96.8162761,217.4723289,314.288605,283.555784,334.206043,138.886651,,fuyang,11,0,47.66304715,8.616676584,12.55976808,7.667752318,1.948822112,10.96328573,16.30030286,6.601658105,52.6397704,2964.446327,0.007391223,0.003175291
2018,11,71,206,143,63,41,22,19,,57,52,56,1070.83,557.89,512.94,96.8162761,217.4723289,314.288605,283.555784,334.206043,138.886651,,fuyang,11,0,83.29245492,15.77496283,23.66106888,14.47853346,3.584486845,17.80774008,9.868222998,5.901329543,76.34584082,2251.874228,0.007391223,0.003175291
2018,12,72,195,145,50,29,15,14,,52,55,59,1070.83,557.89,512.94,96.8162761,217.4723289,314.288605,283.555784,334.206043,138.886651,,fuyang,11,0,83.34631714,16.299179,23.07339434,14.19403616,3.68055727,18.41430205,2.791469835,-2.163584957,69.87614454,2683.24763,0.007391223,0.003175291
2019,1,73,309,227,82,38,15,23,,85,101,85,1077.28,561.09,516.19,95.17600752,213.7878965,308.963904,270.720464,347.315072,150.065104,,fuyang,11,0,120.2349945,20.86043944,33.20015249,20.1808503,6.049007867,28.9638336,1.633911452,-3.608335758,68.15985736,2854.758197,0.007391223,0.003175291
2019,2,74,334,239,95,45,33,12,,82,105,102,1077.28,561.09,516.19,95.17600752,213.7878965,308.963904,270.720464,347.315072,150.065104,,fuyang,11,1,89.86356465,16.29736702,25.5170991,15.62141408,4.205603438,20.70603817,2.327033024,-1.167868653,77.70465578,3586.127861,0.007391223,0.003175291
2019,3,75,312,226,86,65,35,30,,66,86,95,1077.28,561.09,516.19,95.17600752,213.7878965,308.963904,270.720464,347.315072,150.065104,,fuyang,11,0,63.97086597,10.58103278,16.98428361,10.55007048,2.971906534,16.61941711,11.03276787,3.420074927,59.40668312,4144.043289,0.007391223,0.003175291
2019,4,76,275,199,76,44,16,28,,62,90,79,1077.28,561.09,516.19,95.17600752,213.7878965,308.963904,270.720464,347.315072,150.065104,,fuyang,11,0,43.88591523,8.242946768,12.71084237,7.685863613,1.685234038,9.610899205,15.76405432,10.02629821,68.71038954,5202.855465,0.007391223,0.003175291
2019,5,77,245,179,66,38,15,23,,70,72,65,1077.28,561.09,516.19,95.17600752,213.7878965,308.963904,270.720464,347.315072,150.065104,,fuyang,11,0,28.57896423,5.180120956,6.735585319,4.141750669,1.427589314,7.474402448,21.43373733,11.71813216,53.91919301,5065.891193,0.007391223,0.003175291
2019,6,78,218,141,77,37,22,15,,62,61,58,1077.28,561.09,516.19,95.17600752,213.7878965,308.963904,270.720464,347.315072,150.065104,,fuyang,11,0,28.86178801,5.778622194,7.019606154,4.966142342,1.33023078,6.960255769,26.62483888,17.6588319,57.9080214,3089.12661,0.007391223,0.003175291
2019,7,79,261,182,79,40,21,19,,66,82,73,1077.28,561.09,516.19,95.17600752,213.7878965,308.963904,270.720464,347.315072,150.065104,,fuyang,11,0,22.43205279,4.150161534,5.432446761,3.317285299,1.130224477,5.946462982,28.29404209,21.64433822,67.25883028,4881.641783,0.007391223,0.003175291
2019,8,80,215,158,57,25,8,17,,56,71,63,1077.28,561.09,516.19,95.17600752,213.7878965,308.963904,270.720464,347.315072,150.065104,,fuyang,11,0,25.00959556,5.125380987,6.683563198,4.218219341,0.988612903,5.459574739,26.8945102,20.99677982,70.15511915,5465.296663,0.007391223,0.003175291
2019,9,81,233,160,73,44,27,17,,60,58,71,1077.28,561.09,516.19,95.17600752,213.7878965,308.963904,270.720464,347.315072,150.065104,,fuyang,11,0,32.38899697,6.443437368,8.984044971,5.476168212,1.225603204,6.969586926,22.69803897,15.78588397,65.01930972,5218.888274,0.007391223,0.003175291
2019,10,82,209,146,63,34,14,20,,43,66,66,1077.28,561.09,516.19,95.17600752,213.7878965,308.963904,270.720464,347.315072,150.065104,,fuyang,11,0,41.84996689,7.505947082,11.42499632,6.901449302,1.588782527,9.141524198,16.24766984,10.21354202,67.46061787,2625.550379,0.007391223,0.003175291
2019,11,83,197,136,61,24,9,15,,63,53,57,1077.28,561.09,516.19,95.17600752,213.7878965,308.963904,270.720464,347.315072,150.065104,,fuyang,11,0,64.73824194,10.96946376,16.55902551,10.21875548,2.822737079,15.6419489,11.15289554,3.034206558,57.35069242,2783.304763,0.007391223,0.003175291
2019,12,84,205,152,53,24,12,12,,57,55,69,1077.28,561.09,516.19,95.17600752,213.7878965,308.963904,270.720464,347.315072,150.065104,,fuyang,11,0,81.08409102,14.8732308,22.46259431,13.82034765,3.863134956,17.36217854,4.450385675,-1.091072496,67.27281756,3311.858472,0.007391223,0.003175291
2013,1,1,216,161,55,43,11,32,,61,69,43,641.93,332.15,309.78,57.43871529,143.101528,200.5402433,183.9147817,178.8816475,78.59332749,,suzhou,12,0,184.1824724,29.64722757,48.18422814,30.62894561,8.000786166,42.16338461,1.199154719,-3.356393,71.65229967,2373.142741,0.881870198,1.668476108
2013,2,2,271,206,65,60,21,39,,54,82,75,641.93,332.15,309.78,57.43871529,143.101528,200.5402433,183.9147817,178.8816475,78.59332749,,suzhou,12,1,115.4475323,20.37118214,32.59820788,20.19904476,4.476171024,23.99389894,4.47468613,-0.342699184,70.92691158,2792.669241,0.881870198,1.668476108
2013,3,3,320,232,88,73,22,51,,56,72,119,641.93,332.15,309.78,57.43871529,143.101528,200.5402433,183.9147817,178.8816475,78.59332749,,suzhou,12,0,80.74963241,14.372563,21.65806526,13.45770727,3.201426875,17.49700697,10.68082919,1.676279142,53.72850975,4313.645539,0.881870198,1.668476108
2013,4,4,289,202,87,49,9,40,,67,71,102,641.93,332.15,309.78,57.43871529,143.101528,200.5402433,183.9147817,178.8816475,78.59332749,,suzhou,12,0,61.69104209,12.55133749,15.14407716,10.05979673,2.289900488,13.46573501,15.6196909,4.848079902,48.69373211,4957.172442,0.881870198,1.668476108
2013,5,5,251,182,69,50,17,33,,72,59,70,641.93,332.15,309.78,57.43871529,143.101528,200.5402433,183.9147817,178.8816475,78.59332749,,suzhou,12,0,52.1603451,12.19236853,12.34558701,9.273317772,1.91954052,10.6126937,22.05410141,15.45667668,66.20545954,5092.096727,0.881870198,1.668476108
2013,6,6,243,165,78,63,20,43,,62,49,69,641.93,332.15,309.78,57.43871529,143.101528,200.5402433,183.9147817,178.8816475,78.59332749,,suzhou,12,0,50.94184143,12.50330296,11.29838093,8.913656967,2.171318854,10.76635212,26.12272646,19.32723178,66.21946781,3483.791079,0.881870198,1.668476108
2013,7,7,234,156,78,56,20,36,,58,53,67,641.93,332.15,309.78,57.43871529,143.101528,200.5402433,183.9147817,178.8816475,78.59332749,,suzhou,12,0,43.83345564,9.077915111,9.792836838,6.007345219,2.074084768,10.68342181,30.00661097,25.24309769,75.68799388,5973.729395,0.881870198,1.668476108
2013,8,8,216,162,54,43,11,32,,50,65,58,641.93,332.15,309.78,57.43871529,143.101528,200.5402433,183.9147817,178.8816475,78.59332749,,suzhou,12,0,58.8413587,12.40885638,13.71834064,8.938374907,2.519381393,13.06969767,29.73029667,23.64101101,69.86688848,6153.906843,0.881870198,1.668476108
2013,9,9,206,140,66,57,18,39,,51,44,54,641.93,332.15,309.78,57.43871529,143.101528,200.5402433,183.9147817,178.8816475,78.59332749,,suzhou,12,0,40.53459879,9.587039872,9.458742913,6.996795535,1.605271397,8.083200863,22.78188942,17.8988604,73.96670656,5678.615328,0.881870198,1.668476108
2013,10,10,275,214,61,43,11,32,,69,89,74,641.93,332.15,309.78,57.43871529,143.101528,200.5402433,183.9147817,178.8816475,78.59332749,,suzhou,12,0,67.03924037,13.44323426,17.17981773,10.85399047,2.419956967,13.32345968,17.15207333,9.776474656,61.86031617,2912.903828,0.881870198,1.668476108
2013,11,11,235,160,75,36,13,23,,51,75,73,641.93,332.15,309.78,57.43871529,143.101528,200.5402433,183.9147817,178.8816475,78.59332749,,suzhou,12,0,90.39672375,14.73384652,22.93871959,13.77917256,3.536968396,20.42571331,9.540087095,3.161421269,64.44314246,3645.017864,0.881870198,1.668476108
2013,12,12,195,127,68,45,13,32,,52,48,50,641.93,332.15,309.78,57.43871529,143.101528,200.5402433,183.9147817,178.8816475,78.59332749,,suzhou,12,0,150.0020076,22.5431122,38.14696724,23.70428965,6.231959127,34.8246717,2.638377039,-4.4333647,59.64535143,3833.322318,0.881870198,1.668476108
2014,1,13,232,170,62,47,13,34,,65,59,61,642.32,333.05,309.27,59.66516935,148.6484658,208.3136351,186.6563003,172.1070286,75.2439932,,suzhou,12,1,135.2338794,21.02158514,33.81814312,21.59763681,6.288096841,32.92079333,4.232276326,-2.801126634,60.21973064,3668.731826,0.881870198,1.668476108
2014,2,14,274,206,68,44,12,32,,65,90,75,642.32,333.05,309.27,59.66516935,148.6484658,208.3136351,186.6563003,172.1070286,75.2439932,,suzhou,12,0,93.66662732,16.03000446,26.1284598,16.35530352,3.800565656,20.16622938,3.269578945,-1.176597892,72.6367172,4030.507205,0.881870198,1.668476108
2014,3,15,281,198,83,57,23,34,,63,78,83,642.32,333.05,309.27,59.66516935,148.6484658,208.3136351,186.6563003,172.1070286,75.2439932,,suzhou,12,0,85.01765996,15.12677143,23.81408872,14.66462511,3.336564828,18.4929399,12.20773389,4.127355897,57.77363937,4559.244746,0.881870198,1.668476108
2014,4,16,237,164,73,45,11,34,,54,69,69,642.32,333.05,309.27,59.66516935,148.6484658,208.3136351,186.6563003,172.1070286,75.2439932,,suzhou,12,0,56.15681372,12.83544617,14.0758398,9.715134735,2.013779011,10.9916453,16.63269729,10.68553697,67.93239531,5401.140144,0.881870198,1.668476108
2014,5,17,265,210,55,35,11,24,,72,79,79,642.32,333.05,309.27,59.66516935,148.6484658,208.3136351,186.6563003,172.1070286,75.2439932,,suzhou,12,0,53.09517631,10.41640945,11.79769582,8.125719048,2.072452989,11.50430307,23.18826875,13.32932271,53.86158031,4902.266399,0.881870198,1.668476108
2014,6,18,246,191,55,42,10,32,,73,58,73,642.32,333.05,309.27,59.66516935,148.6484658,208.3136351,186.6563003,172.1070286,75.2439932,,suzhou,12,0,49.71748688,12.1445067,11.07138223,8.965419119,2.164252894,10.17693465,25.58201081,19.54253802,69.29662775,3417.646292,0.881870198,1.668476108
2014,7,19,254,177,77,51,11,40,,65,59,79,642.32,333.05,309.27,59.66516935,148.6484658,208.3136351,186.6563003,172.1070286,75.2439932,,suzhou,12,0,50.20602886,11.57456035,11.77862385,8.601693247,2.067640985,10.3951162,28.02989856,23.1294639,74.75612678,5040.129522,0.881870198,1.668476108
2014,8,20,198,143,55,48,10,38,,49,42,59,642.32,333.05,309.27,59.66516935,148.6484658,208.3136351,186.6563003,172.1070286,75.2439932,,suzhou,12,0,32.80426067,8.02811811,7.606159698,5.552822412,1.247271488,6.519930489,25.51638952,21.98852834,80.87061275,6065.643221,0.881870198,1.668476108
2014,9,21,205,151,54,40,10,30,,50,58,57,642.32,333.05,309.27,59.66516935,148.6484658,208.3136351,186.6563003,172.1070286,75.2439932,,suzhou,12,0,36.46859489,9.081461311,8.249610968,6.3285913,1.367546348,7.253209338,21.91162737,19.031789,83.72275551,5870.538387,0.881870198,1.668476108
2014,10,22,225,171,54,30,13,17,,55,64,76,642.32,333.05,309.27,59.66516935,148.6484658,208.3136351,186.6563003,172.1070286,75.2439932,,suzhou,12,0,55.0458654,10.95584151,14.2743649,9.143154369,1.989536404,10.71699142,17.94188362,12.42381232,70.15022424,3557.126229,0.881870198,1.668476108
2014,11,23,233,178,55,28,8,20,,55,78,72,642.32,333.05,309.27,59.66516935,148.6484658,208.3136351,186.6563003,172.1070286,75.2439932,,suzhou,12,0,72.51462203,13.10302561,19.98249361,12.09689943,2.760549292,14.65929157,10.22302797,4.87465706,69.42774265,3748.108692,0.881870198,1.668476108
2014,12,24,199,143,56,32,14,18,,48,69,50,642.32,333.05,309.27,59.66516935,148.6484658,208.3136351,186.6563003,172.1070286,75.2439932,,suzhou,12,0,69.07234343,9.796188554,17.01134977,10.14724993,3.050584165,16.27204928,2.64241007,-6.022110709,52.86774424,3907.417312,0.881870198,1.668476108
2015,1,25,202,156,46,41,9,32,,59,41,61,649.51,337.23,312.28,57.9491504,144.3732146,202.322365,190.111577,180.953486,76.187523,,suzhou,12,0,91.16392112,14.30249072,23.71027991,14.47268487,4.284868981,21.07806835,3.544317611,-3.284673308,60.96928274,3535.910363,0.881870198,1.668476108
2015,2,26,268,201,67,37,8,29,,69,86,76,649.51,337.23,312.28,57.9491504,144.3732146,202.322365,190.111577,180.953486,76.187523,,suzhou,12,1,89.8694105,14.21250187,23.37262261,14.70692732,4.068134851,21.34566286,5.156692284,-1.942835632,60.15678699,3890.278576,0.881870198,1.668476108
2015,3,27,292,225,67,43,9,34,,67,92,90,649.51,337.23,312.28,57.9491504,144.3732146,202.322365,190.111577,180.953486,76.187523,,suzhou,12,0,64.88006554,11.212633,18.58926299,11.15339987,2.515015903,14.13990078,10.54111916,3.89761578,63.47878635,4443.657896,0.881870198,1.668476108
2015,4,28,245,177,68,46,14,32,,57,57,85,649.51,337.23,312.28,57.9491504,144.3732146,202.322365,190.111577,180.953486,76.187523,,suzhou,12,0,59.27969495,12.44633689,15.84267138,10.15460802,2.115798128,12.29038455,15.07938746,9.198186861,67.91331813,5323.310346,0.881870198,1.668476108
2015,5,29,261,187,74,69,34,35,,66,64,62,649.51,337.23,312.28,57.9491504,144.3732146,202.322365,190.111577,180.953486,76.187523,,suzhou,12,0,54.87633651,12.31726328,13.15477568,9.515147301,2.075939668,11.36139473,21.45618354,15.74231106,69.93608687,5521.566498,0.881870198,1.668476108
2015,6,30,207,158,49,42,8,34,,46,53,66,649.51,337.23,312.28,57.9491504,144.3732146,202.322365,190.111577,180.953486,76.187523,,suzhou,12,0,44.9157748,10.18068757,9.339863123,7.315399884,1.892616468,10.29643043,25.25669863,18.24799122,65.1640346,3248.518689,0.881870198,1.668476108
2015,7,31,265,196,69,44,9,35,,85,62,74,649.51,337.23,312.28,57.9491504,144.3732146,202.322365,190.111577,180.953486,76.187523,,suzhou,12,0,43.47760631,9.807161347,10.53423914,7.364135624,1.749854602,9.075487243,27.16330636,23.05422333,78.28547932,5004.531831,0.881870198,1.668476108
2015,8,32,243,178,65,38,17,21,,70,62,73,649.51,337.23,312.28,57.9491504,144.3732146,202.322365,190.111577,180.953486,76.187523,,suzhou,12,0,41.58216674,9.488346636,9.732020339,6.670085145,1.652052655,8.751576658,26.74094589,22.83010854,79.17112056,6009.196336,0.881870198,1.668476108
2015,9,33,182,132,50,42,10,32,,46,53,41,649.51,337.23,312.28,57.9491504,144.3732146,202.322365,190.111577,180.953486,76.187523,,suzhou,12,0,39.10738922,9.366506205,9.194548709,6.642651746,1.433579611,7.752825068,22.72941927,17.73856958,73.45744067,5671.512403,0.881870198,1.668476108
2015,10,34,263,199,64,34,5,29,,53,75,101,649.51,337.23,312.28,57.9491504,144.3732146,202.322365,190.111577,180.953486,76.187523,,suzhou,12,0,64.58222445,11.78177664,15.74300498,9.953908364,2.765423448,14.96306943,17.42736457,10.31300936,63.0142249,3131.271231,0.881870198,1.668476108
2015,11,35,237,175,62,33,8,25,,55,75,74,649.51,337.23,312.28,57.9491504,144.3732146,202.322365,190.111577,180.953486,76.187523,,suzhou,12,0,72.48527651,15.87453324,18.79106519,12.09179617,2.656789104,15.15157713,8.544673528,5.74480518,82.56221384,3534.136109,0.881870198,1.668476108
2015,12,36,163,122,41,27,6,21,,35,59,42,649.51,337.23,312.28,57.9491504,144.3732146,202.322365,190.111577,180.953486,76.187523,,suzhou,12,0,101.056321,17.11478186,27.7506393,16.77727039,4.234293429,21.24888287,4.115066477,-1.526970693,66.70528617,3642.060795,0.881870198,1.668476108
2016,1,37,198,144,54,35,5,30,,49,61,53,654.05,339.59,314.46,55.93761346,139.3617165,195.29933,189.085855,190.9826,78.486,,suzhou,12,0,111.2022501,17.78676207,28.72643687,18.19275283,5.371078555,26.9583625,1.023558229,-5.29066512,62.74273849,3546.04956,0.881870198,1.668476108
2016,2,38,313,235,78,42,12,30,,80,89,102,654.05,339.59,314.46,55.93761346,139.3617165,195.29933,189.085855,190.9826,78.486,,suzhou,12,1,90.23848916,13.46654374,22.23352613,13.66312904,4.784168299,23.4009388,5.45374957,-3.23251837,53.55834426,3676.669954,0.881870198,1.668476108
2016,3,39,322,227,95,49,19,30,,72,91,110,654.05,339.59,314.46,55.93761346,139.3617165,195.29933,189.085855,190.9826,78.486,,suzhou,12,0,70.518724,11.80550571,20.08369509,12.31371823,2.817442108,16.32507388,11.42562321,2.806244562,55.42232556,4232.060663,0.881870198,1.668476108
2016,4,40,243,174,69,48,10,38,,56,62,77,654.05,339.59,314.46,55.93761346,139.3617165,195.29933,189.085855,190.9826,78.486,,suzhou,12,0,59.63814802,12.69073024,15.79218582,10.20428965,2.029321329,12.42139527,18.05251742,12.02507123,67.86164989,5391.723616,0.881870198,1.668476108
2016,5,41,278,200,78,42,11,31,,72,77,87,654.05,339.59,314.46,55.93761346,139.3617165,195.29933,189.085855,190.9826,78.486,,suzhou,12,0,41.00278713,8.711453057,10.51204884,6.893477813,1.473857988,8.488567758,20.99416364,13.41135913,61.89677597,5190.326076,0.881870198,1.668476108
2016,6,42,266,181,85,37,13,24,,52,97,80,654.05,339.59,314.46,55.93761346,139.3617165,195.29933,189.085855,190.9826,78.486,,suzhou,12,0,37.70460613,8.804770602,9.179562197,6.481864692,1.415988117,7.690477601,25.7913697,19.82662553,69.65870997,3684.917303,0.881870198,1.668476108
2016,7,43,177,116,61,36,7,29,,40,50,51,654.05,339.59,314.46,55.93761346,139.3617165,195.29933,189.085855,190.9826,78.486,,suzhou,12,0,30.08792108,6.386098152,6.853312717,4.413423757,1.377281743,7.024954442,28.42287831,24.74796215,80.52944257,5920.342642,0.881870198,1.668476108
2016,8,44,223,155,68,39,14,25,,47,52,85,654.05,339.59,314.46,55.93761346,139.3617165,195.29933,189.085855,190.9826,78.486,,suzhou,12,0,29.86353547,6.608760381,6.923727329,4.668615343,1.212871255,6.239441133,28.30615444,23.63557249,75.84452869,6079.739723,0.881870198,1.668476108
2016,9,45,208,151,57,26,8,18,,64,51,67,654.05,339.59,314.46,55.93761346,139.3617165,195.29933,189.085855,190.9826,78.486,,suzhou,12,0,38.23661179,8.268332278,9.49033252,6.339927425,1.468749919,7.848434532,24.35722823,17.12561666,64.06435678,5573.460494,0.881870198,1.668476108
2016,10,46,284,211,73,56,17,39,,65,79,84,654.05,339.59,314.46,55.93761346,139.3617165,195.29933,189.085855,190.9826,78.486,,suzhou,12,0,32.18043337,7.235017208,7.733588744,5.140911078,1.19871219,6.477306301,16.83860837,13.56509782,81.03624752,3219.80004,0.881870198,1.668476108
2016,11,47,196,147,49,29,3,26,,46,56,65,654.05,339.59,314.46,55.93761346,139.3617165,195.29933,189.085855,190.9826,78.486,,suzhou,12,0,70.46107319,13.55035731,19.65010952,11.93815433,2.654424034,14.20925236,9.599411056,5.354844656,74.84640934,3553.000915,0.881870198,1.668476108
2016,12,48,216,164,52,28,4,24,,55,60,73,654.05,339.59,314.46,55.93761346,139.3617165,195.29933,189.085855,190.9826,78.486,,suzhou,12,0,93.88481513,17.02274153,26.04776378,16.09413633,3.856455163,19.16590309,5.133059841,1.093755565,75.15766336,3920.451605,0.881870198,1.668476108
2017,1,49,203,146,57,29,8,21,,48,53,73,655.47,340.36,315.11,56.20925065,140.0384674,196.247718,180.319797,197.886393,81.147186,,suzhou,12,1,86.59944105,14.64956915,23.08346977,14.48533954,4.029135739,19.46086814,3.214114952,-1.937477935,68.95784269,4283.056758,0.881870198,1.668476108
2017,2,50,268,202,66,39,12,27,,37,82,110,655.47,340.36,315.11,56.20925065,140.0384674,196.247718,180.319797,197.886393,81.147186,,suzhou,12,0,84.05614773,13.96437925,22.14775501,13.95970177,4.219673906,19.89778693,5.798244224,-1.429221113,59.75344356,4320.629052,0.881870198,1.668476108
2017,3,51,239,170,69,34,10,24,,60,66,79,655.47,340.36,315.11,56.20925065,140.0384674,196.247718,180.319797,197.886393,81.147186,,suzhou,12,0,56.42491578,9.492479484,16.00661069,9.653631691,2.257233959,12.19289413,9.897256346,1.444079793,55.67999514,4534.348149,0.881870198,1.668476108
2017,4,52,245,175,70,36,9,27,,52,82,75,655.47,340.36,315.11,56.20925065,140.0384674,196.247718,180.319797,197.886393,81.147186,,suzhou,12,0,48.35697751,9.461273992,13.06124345,7.899027456,1.763274233,10.48763162,18.31812438,9.592358148,56.77409775,5260.337461,0.881870198,1.668476108
2017,5,53,265,195,70,40,8,32,,54,73,98,655.47,340.36,315.11,56.20925065,140.0384674,196.247718,180.319797,197.886393,81.147186,,suzhou,12,0,39.68119225,7.5532641,9.849234843,6.489160738,1.544470622,8.742477495,23.65247735,14.34752437,55.95282846,5030.68816,0.881870198,1.668476108
2017,6,54,245,163,82,33,9,24,,60,66,86,655.47,340.36,315.11,56.20925065,140.0384674,196.247718,180.319797,197.886393,81.147186,,suzhou,12,0,41.76219081,9.475457047,10.6780801,7.539478587,1.544024254,8.28924743,26.04993028,18.54381001,63.33149832,3895.617376,0.881870198,1.668476108
2017,7,55,235,181,54,39,16,23,,52,73,71,655.47,340.36,315.11,56.20925065,140.0384674,196.247718,180.319797,197.886393,81.147186,,suzhou,12,0,31.79886837,5.672530272,7.264851266,4.353112901,1.639295147,8.397980771,29.85276699,25.68930114,78.41185081,5666.919115,0.881870198,1.668476108
2017,8,56,232,165,67,35,8,27,,70,68,59,655.47,340.36,315.11,56.20925065,140.0384674,196.247718,180.319797,197.886393,81.147186,,suzhou,12,0,30.62166921,6.292895035,8.201402569,5.053867109,1.138124271,6.227738451,27.73418343,24.19356009,81.09096875,6228.115033,0.881870198,1.668476108
2017,9,57,230,168,62,35,10,25,,67,61,67,655.47,340.36,315.11,56.20925065,140.0384674,196.247718,180.319797,197.886393,81.147186,,suzhou,12,0,39.28762931,8.36744245,10.43165726,6.641433168,1.3969789,7.930910507,23.18686534,19.7048355,80.79683004,5810.415209,0.881870198,1.668476108
2017,10,58,213,159,54,29,15,14,,52,55,77,655.47,340.36,315.11,56.20925065,140.0384674,196.247718,180.319797,197.886393,81.147186,,suzhou,12,0,46.03529249,9.263849453,12.5416679,7.762622281,1.676231316,9.258921513,15.71955085,11.118664,74.10607575,2986.283892,0.881870198,1.668476108
2017,11,59,193,133,60,33,15,18,,33,61,66,655.47,340.36,315.11,56.20925065,140.0384674,196.247718,180.319797,197.886393,81.147186,,suzhou,12,0,68.76418654,11.75819193,19.02312152,11.6326251,2.807490445,14.38360454,10.27376577,2.319372584,57.79794337,2581.159665,0.881870198,1.668476108
2017,12,60,157,107,50,30,9,21,,33,40,54,655.47,340.36,315.11,56.20925065,140.0384674,196.247718,180.319797,197.886393,81.147186,,suzhou,12,0,89.97104281,14.9508526,25.13100273,15.06253334,4.181106115,18.88490185,4.035483742,-3.869859716,56.38043328,2798.916498,0.881870198,1.668476108
2018,1,61,184,140,44,31,12,19,,36,55,62,656.56,341.18,315.38,55.19321675,137.5071433,192.70036,173.857088,204.912376,85.155832,,suzhou,12,0,94.62380455,17.64960497,26.07348119,16.20237703,4.403258674,20.4764092,0.387861148,-5.002616414,67.13322263,1627.747591,0.881870198,1.668476108
2018,2,62,195,147,48,28,5,23,,35,60,72,656.56,341.18,315.38,55.19321675,137.5071433,192.70036,173.857088,204.912376,85.155832,,suzhou,12,1,67.58698733,11.03659761,17.92958321,11.2220692,3.315856377,16.35359925,4.676042411,-4.209769636,52.55186198,3359.148455,0.881870198,1.668476108
2018,3,63,203,142,61,35,15,20,,45,54,69,656.56,341.18,315.38,55.19321675,137.5071433,192.70036,173.857088,204.912376,85.155832,,suzhou,12,0,59.46665572,11.070366,16.70076542,10.49271139,2.433610289,12.74601755,11.87538649,6.152130981,67.98114033,4173.237251,0.881870198,1.668476108
2018,4,64,176,137,39,32,8,24,,30,54,60,656.56,341.18,315.38,55.19321675,137.5071433,192.70036,173.857088,204.912376,85.155832,,suzhou,12,0,44.6155548,8.064735439,12.17219543,7.460965346,1.708729911,9.741708254,17.9405953,9.551800086,57.97817445,5165.371927,0.881870198,1.668476108
2018,5,65,184,136,48,21,5,16,,51,58,54,656.56,341.18,315.38,55.19321675,137.5071433,192.70036,173.857088,204.912376,85.155832,,suzhou,12,0,37.74311142,7.364671698,9.449363819,5.979129119,1.431575166,8.346519333,22.07041351,16.56953495,71.00877698,5219.83693,0.881870198,1.668476108
2018,6,66,170,122,48,21,7,14,,53,55,41,656.56,341.18,315.38,55.19321675,137.5071433,192.70036,173.857088,204.912376,85.155832,,suzhou,12,0,34.64356989,7.171018377,8.836299868,5.848096592,1.402477827,7.601823331,27.28858504,19.16847782,61.21880996,3170.665962,0.881870198,1.668476108
2018,7,67,149,104,45,24,5,19,,42,36,47,656.56,341.18,315.38,55.19321675,137.5071433,192.70036,173.857088,204.912376,85.155832,,suzhou,12,0,25.34844091,4.920507536,5.770428677,3.580433763,1.226184622,6.253589187,29.17747823,25.0886722,78.66570347,5893.552646,0.881870198,1.668476108
2018,8,68,158,108,50,25,10,15,,43,38,52,656.56,341.18,315.38,55.19321675,137.5071433,192.70036,173.857088,204.912376,85.155832,,suzhou,12,0,25.76635947,5.015084744,6.491867926,3.966037726,1.097321988,5.59547484,28.8937156,25.01515624,79.61847491,5795.73853,0.881870198,1.668476108
2018,9,69,185,126,59,27,10,17,,45,48,65,656.56,341.18,315.38,55.19321675,137.5071433,192.70036,173.857088,204.912376,85.155832,,suzhou,12,0,30.38250462,5.884286456,7.783934744,4.730401841,1.142053052,6.507749932,23.28766551,17.26873918,68.942631,4880.9553,0.881870198,1.668476108
2018,10,70,325,236,89,17,4,13,,55,112,141,656.56,341.18,315.38,55.19321675,137.5071433,192.70036,173.857088,204.912376,85.155832,,suzhou,12,0,43.8614357,7.746392907,11.67635288,7.050856747,1.66405352,9.71387994,16.73350783,7.824817126,55.67829003,3133.749777,0.881870198,1.668476108
2018,11,71,543,395,148,23,7,16,,78,208,234,656.56,341.18,315.38,55.19321675,137.5071433,192.70036,173.857088,204.912376,85.155832,,suzhou,12,0,75.41805998,15.17752063,20.91422871,12.88220252,3.009412249,16.35820975,10.71009828,7.032532337,78.01622542,3187.906396,0.881870198,1.668476108
2018,12,72,257,179,78,21,5,16,,44,78,114,656.56,341.18,315.38,55.19321675,137.5071433,192.70036,173.857088,204.912376,85.155832,,suzhou,12,0,71.39823544,13.26089976,19.28851258,11.78688951,3.124145643,15.52535919,3.180427648,-2.153141538,68.03137465,4087.348671,0.881870198,1.668476108
2019,1,73,189,132,57,20,4,16,,39,50,80,658.27,342.28,315.99,54.07373771,134.7180983,188.791836,165.423251,212.226248,91.697011,,suzhou,12,0,98.87387324,17.30436309,27.06613972,16.48974154,4.789132061,22.64212574,2.200320433,-3.583786887,65.57896047,3878.156657,0.881870198,1.668476108
2019,2,74,233,174,59,25,7,18,,72,69,67,658.27,342.28,315.99,54.07373771,134.7180983,188.791836,165.423251,212.226248,91.697011,,suzhou,12,1,83.51125815,15.42003634,24.09900582,14.67741172,3.740624611,17.47274549,3.3527374,-1.25969042,71.77343044,4068.012573,0.881870198,1.668476108
2019,3,75,190,144,46,23,8,15,,43,68,56,658.27,342.28,315.99,54.07373771,134.7180983,188.791836,165.423251,212.226248,91.697011,,suzhou,12,0,57.34587648,9.64610242,15.60578557,9.619118088,2.449634011,13.8504952,11.82756789,3.003514902,54.72959142,4569.499446,0.881870198,1.668476108
2019,4,76,187,142,45,28,10,18,,42,61,56,658.27,342.28,315.99,54.07373771,134.7180983,188.791836,165.423251,212.226248,91.697011,,suzhou,12,0,40.34930284,7.798833805,11.22088226,6.89643652,1.44297593,8.893362504,16.05446423,10.25222361,68.47346933,5517.808979,0.881870198,1.668476108
2019,5,77,167,126,41,12,3,9,,55,53,47,658.27,342.28,315.99,54.07373771,134.7180983,188.791836,165.423251,212.226248,91.697011,,suzhou,12,0,27.05329542,4.7029767,6.421329259,3.953636984,1.264985421,6.798816492,22.36997525,12.17541243,52.4824889,5120.281435,0.881870198,1.668476108
2019,6,78,210,152,58,30,9,21,,56,54,70,658.27,342.28,315.99,54.07373771,134.7180983,188.791836,165.423251,212.226248,91.697011,,suzhou,12,0,27.4103281,5.64579149,6.738866004,4.836294046,1.124911639,6.098291603,27.74397109,18.45073082,56.99508673,3417.800582,0.881870198,1.668476108
2019,7,79,151,114,37,24,6,18,,43,42,42,658.27,342.28,315.99,54.07373771,134.7180983,188.791836,165.423251,212.226248,91.697011,,suzhou,12,0,23.14871988,4.482159037,5.532036932,3.615465762,1.057986045,5.591493358,28.86919022,23.18268145,71.42666656,5430.144995,0.881870198,1.668476108
2019,8,80,142,101,41,17,9,8,,33,46,46,658.27,342.28,315.99,54.07373771,134.7180983,188.791836,165.423251,212.226248,91.697011,,suzhou,12,0,23.71417544,5.00192943,6.318912209,3.964206304,0.879887395,4.802269605,26.92800171,22.58723139,77.15978292,6004.616108,0.881870198,1.668476108
2019,9,81,109,79,30,19,8,11,,25,28,37,658.27,342.28,315.99,54.07373771,134.7180983,188.791836,165.423251,212.226248,91.697011,,suzhou,12,0,33.02427083,6.41657714,9.048074589,5.562247066,1.195177292,6.644587917,23.79585474,17.13704008,66.30817677,5714.546052,0.881870198,1.668476108
2019,10,82,122,85,37,17,6,11,,35,28,42,658.27,342.28,315.99,54.07373771,134.7180983,188.791836,165.423251,212.226248,91.697011,,suzhou,12,0,43.71690742,7.981182936,11.81217636,7.076796186,1.623262069,9.01218037,17.13809715,10.84289439,66.48212556,2874.735335,0.881870198,1.668476108
2019,11,83,108,86,22,14,4,10,,32,29,33,658.27,342.28,315.99,54.07373771,134.7180983,188.791836,165.423251,212.226248,91.697011,,suzhou,12,0,54.59963173,9.086110553,14.04114707,8.38275396,2.199649571,12.48223264,11.66440127,3.835994503,58.66705509,3236.544832,0.881870198,1.668476108
2019,12,84,111,77,34,15,4,11,,29,28,39,658.27,342.28,315.99,54.07373771,134.7180983,188.791836,165.423251,212.226248,91.697011,,suzhou,12,0,70.20502036,12.65415757,19.51909994,11.86955929,3.203203104,14.43128294,4.986914174,-0.317588531,68.56173489,3772.862426,0.881870198,1.668476108
2013,1,1,319,240,79,29,13,16,,57,107,126,716.72,378.74,337.98,54.8512631,169.053529,223.9047921,205.3423307,199.7227959,87.75008128,,luan,13,0,144.5910604,23.90384278,39.05214227,25.2871285,6.697096569,34.2472224,-1.395080155,-6.250097949,69.52663984,2530.088139,41.41088165,2.309395528
2013,2,2,291,207,84,28,8,20,,48,95,120,716.72,378.74,337.98,54.8512631,169.053529,223.9047921,205.3423307,199.7227959,87.75008128,,luan,13,1,104.1696761,18.88888412,29.84148974,18.61662747,4.126120588,21.94097949,1.035487803,-2.531109944,77.08519295,2684.643369,41.41088165,2.309395528
2013,3,3,256,180,76,26,13,13,,43,71,116,716.72,378.74,337.98,54.8512631,169.053529,223.9047921,205.3423307,199.7227959,87.75008128,,luan,13,0,70.97353324,14.04682644,17.72256784,12.44877411,2.91845755,16.16465668,7.586475697,0.34216425,60.12580231,3047.864772,41.41088165,2.309395528
2013,4,4,258,203,55,16,7,9,,42,86,114,716.72,378.74,337.98,54.8512631,169.053529,223.9047921,205.3423307,199.7227959,87.75008128,,luan,13,0,56.47781103,12.29735974,12.59646603,9.339279269,2.505206301,13.62870754,12.47134719,2.988949473,52.40631944,3701.190107,41.41088165,2.309395528
2013,5,5,231,172,59,20,8,12,,40,91,80,716.72,378.74,337.98,54.8512631,169.053529,223.9047921,205.3423307,199.7227959,87.75008128,,luan,13,0,41.22721667,9.623519546,9.143548422,7.149853771,1.898478043,9.244857955,17.67667856,12.00307038,69.38516842,4113.881743,41.41088165,2.309395528
2013,6,6,257,195,62,47,15,32,,42,84,84,716.72,378.74,337.98,54.8512631,169.053529,223.9047921,205.3423307,199.7227959,87.75008128,,luan,13,0,37.57551282,9.100605466,8.549587417,6.456511993,1.681269618,8.098362614,21.0079105,16.42514872,75.08634139,5124.374886,41.41088165,2.309395528
2013,7,7,222,166,56,30,12,18,,36,83,73,716.72,378.74,337.98,54.8512631,169.053529,223.9047921,205.3423307,199.7227959,87.75008128,,luan,13,0,23.38454278,5.459631592,3.262000027,2.346747775,1.688484497,7.392201082,25.43640601,20.12724735,72.47848208,5794.205586,41.41088165,2.309395528
2013,8,8,280,201,79,30,15,15,,50,88,112,716.72,378.74,337.98,54.8512631,169.053529,223.9047921,205.3423307,199.7227959,87.75008128,,luan,13,0,26.4404103,5.93187432,4.513854693,3.344830545,1.596426109,7.463270307,25.36934294,19.42597342,69.6711377,5482.309915,41.41088165,2.309395528
2013,9,9,279,215,64,27,13,14,,44,112,96,716.72,378.74,337.98,54.8512631,169.053529,223.9047921,205.3423307,199.7227959,87.75008128,,luan,13,0,36.79364928,8.182255433,8.891184196,6.402558762,1.495546111,7.511378858,18.2582014,14.00743144,76.2542486,4774.507025,41.41088165,2.309395528
2013,10,10,304,212,92,37,19,18,,45,108,114,716.72,378.74,337.98,54.8512631,169.053529,223.9047921,205.3423307,199.7227959,87.75008128,,luan,13,0,50.83508938,10.3594616,12.76484863,8.668399233,1.983234558,10.83208792,13.31353679,7.317277927,67.01794264,3958.859906,41.41088165,2.309395528
2013,11,11,214,172,42,23,12,11,,35,68,88,716.72,378.74,337.98,54.8512631,169.053529,223.9047921,205.3423307,199.7227959,87.75008128,,luan,13,0,75.2373359,13.20417838,21.03911506,12.58678404,2.792828222,15.85770659,6.755906177,0.931041169,66.40352182,3247.28633,41.41088165,2.309395528
2013,12,12,180,136,44,21,7,14,,30,72,57,716.72,378.74,337.98,54.8512631,169.053529,223.9047921,205.3423307,199.7227959,87.75008128,,luan,13,0,108.2077998,18.02005406,30.06421787,18.82025546,4.517461352,24.28829054,0.065521017,-6.974228292,59.12857643,2701.573263,41.41088165,2.309395528
2014,1,13,363,249,114,36,17,19,,53,118,156,720.51,381.14,339.37,57.24393893,176.4278404,233.6717793,209.3780841,193.0577207,84.40348976,,luan,13,1,98.33546065,15.78710695,25.26541893,16.4382968,4.700408105,24.71868614,1.478445392,-5.534040416,59.61632389,2544.735515,41.41088165,2.309395528
2014,2,14,285,226,59,29,12,17,,33,106,117,720.51,381.14,339.37,57.24393893,176.4278404,233.6717793,209.3780841,193.0577207,84.40348976,,luan,13,0,60.94379687,10.52759425,17.00575714,10.70277032,2.674402224,13.72462753,-0.329649671,-3.20520919,80.92831827,2718.990881,41.41088165,2.309395528
2014,3,15,311,236,75,35,17,18,,38,112,126,720.51,381.14,339.37,57.24393893,176.4278404,233.6717793,209.3780841,193.0577207,84.40348976,,luan,13,0,65.49307584,12.28495782,17.56656696,11.4978418,2.746124928,15.01428966,8.068139737,1.896709475,65.06317228,3229.515694,41.41088165,2.309395528
2014,4,16,290,213,77,45,20,25,,43,98,104,720.51,381.14,339.37,57.24393893,176.4278404,233.6717793,209.3780841,193.0577207,84.40348976,,luan,13,0,43.76824667,10.23383215,10.72434943,7.67486701,1.67614427,9.255786734,12.11629497,7.758429682,74.69860004,4035.907743,41.41088165,2.309395528
2014,5,17,275,205,70,27,8,19,,55,92,101,720.51,381.14,339.37,57.24393893,176.4278404,233.6717793,209.3780841,193.0577207,84.40348976,,luan,13,0,40.84597217,8.109050145,8.490224526,6.442225194,1.814050677,9.631296807,17.90832082,11.45029099,65.93086514,4103.281353,41.41088165,2.309395528
2014,6,18,261,186,75,23,6,17,,41,97,100,720.51,381.14,339.37,57.24393893,176.4278404,233.6717793,209.3780841,193.0577207,84.40348976,,luan,13,0,41.10897585,9.715338079,9.41827215,7.64035094,1.77825634,9.026044255,20.7287675,16.15160123,75.06716964,4978.919578,41.41088165,2.309395528
2014,7,19,223,178,45,25,7,18,,31,74,93,720.51,381.14,339.37,57.24393893,176.4278404,233.6717793,209.3780841,193.0577207,84.40348976,,luan,13,0,33.97485427,7.657514115,7.37792072,5.611430676,1.756389805,8.27360558,22.50625427,19.22590783,81.72874451,5715.494049,41.41088165,2.309395528
2014,8,20,225,169,56,23,10,13,,48,84,70,720.51,381.14,339.37,57.24393893,176.4278404,233.6717793,209.3780841,193.0577207,84.40348976,,luan,13,0,21.36422726,5.087249482,5.002789607,3.560212995,0.869520338,4.743541103,20.53070401,17.91421923,84.96307137,5888.187592,41.41088165,2.309395528
2014,9,21,221,162,59,26,16,10,,36,72,87,720.51,381.14,339.37,57.24393893,176.4278404,233.6717793,209.3780841,193.0577207,84.40348976,,luan,13,0,32.20971189,7.83676368,7.627862059,5.74694153,1.247369997,6.372773599,18.20089898,15.45358884,84.00697129,5069.528164,41.41088165,2.309395528
2014,10,22,272,212,60,31,10,21,,48,92,101,720.51,381.14,339.37,57.24393893,176.4278404,233.6717793,209.3780841,193.0577207,84.40348976,,luan,13,0,45.49351324,9.487961596,11.41481268,7.93715251,1.767035783,9.294086095,14.02836588,9.313920299,73.24942544,3918.144944,41.41088165,2.309395528
2014,11,23,208,158,50,20,7,13,,37,77,74,720.51,381.14,339.37,57.24393893,176.4278404,233.6717793,209.3780841,193.0577207,84.40348976,,luan,13,0,54.09387712,10.24249651,15.02375204,9.189107027,2.039536067,11.76612488,6.682519392,2.587844614,75.129974,3323.330417,41.41088165,2.309395528
2014,12,24,165,134,31,16,2,14,,29,52,68,720.51,381.14,339.37,57.24393893,176.4278404,233.6717793,209.3780841,193.0577207,84.40348976,,luan,13,0,58.63858366,9.437846806,16.2300703,9.865348834,2.441693624,12.90210882,0.281785205,-7.777254546,54.71382568,2704.658604,41.41088165,2.309395528
2015,1,25,412,298,114,29,10,19,,55,129,199,580.53,306.95,273.58,44.30022815,136.5348669,180.835095,169.921131,161.735658,68.096169,,luan,13,0,76.96537104,12.60022886,19.82781992,12.58864122,3.639688058,19.79704577,0.625836777,-5.110207307,65.45452363,2390.212789,41.41088165,2.309395528
2015,2,26,223,168,55,20,7,13,,39,75,89,580.53,306.95,273.58,44.30022815,136.5348669,180.835095,169.921131,161.735658,68.096169,,luan,13,1,80.54083044,13.29297955,21.6505296,13.96641872,3.719866917,20.0531296,2.080512928,-2.963576214,69.26958153,2471.085527,41.41088165,2.309395528
2015,3,27,269,205,64,29,10,19,,51,95,94,580.53,306.95,273.58,44.30022815,136.5348669,180.835095,169.921131,161.735658,68.096169,,luan,13,0,50.98254854,9.295860522,14.27303575,8.887077616,2.049086889,11.68399738,6.91280814,1.953599059,70.68747459,3077.893042,41.41088165,2.309395528
2015,4,28,228,167,61,21,10,11,,47,85,75,580.53,306.95,273.58,44.30022815,136.5348669,180.835095,169.921131,161.735658,68.096169,,luan,13,0,47.56646435,10.21355351,11.95194369,8.108884701,1.860913702,10.96257653,11.66281434,6.213933538,69.23572057,3828.7242,41.41088165,2.309395528
2015,5,29,257,180,77,26,11,15,,58,95,78,580.53,306.95,273.58,44.30022815,136.5348669,180.835095,169.921131,161.735658,68.096169,,luan,13,0,46.84793094,10.61580715,11.24549424,8.200093359,1.881959659,10.26952716,17.69832393,12.80396567,73.03114219,4294.610642,41.41088165,2.309395528
2015,6,30,220,162,58,25,10,15,,36,71,88,580.53,306.95,273.58,44.30022815,136.5348669,180.835095,169.921131,161.735658,68.096169,,luan,13,0,36.42174495,8.254601384,8.310649616,6.115355463,1.527513279,8.247248667,19.93099763,16.21118124,79.15817624,4859.386164,41.41088165,2.309395528
2015,7,31,260,184,76,20,7,13,,46,94,100,580.53,306.95,273.58,44.30022815,136.5348669,180.835095,169.921131,161.735658,68.096169,,luan,13,0,30.88554085,7.285467055,7.134812302,4.95545232,1.326978652,7.0443703,21.9314858,18.48731588,80.82371183,5738.367841,41.41088165,2.309395528
2015,8,32,229,174,55,20,7,13,,52,68,89,580.53,306.95,273.58,44.30022815,136.5348669,180.835095,169.921131,161.735658,68.096169,,luan,13,0,25.41379132,5.628537299,6.061217654,4.111928913,1.096368661,5.757788309,22.20771989,18.39554559,79.01874779,5835.545378,41.41088165,2.309395528
2015,9,33,222,183,39,18,6,12,,26,83,95,580.53,306.95,273.58,44.30022815,136.5348669,180.835095,169.921131,161.735658,68.096169,,luan,13,0,37.0593097,8.289973362,9.444259346,6.503613373,1.374934552,7.483814511,18.44797237,13.88807018,74.77128851,5078.456422,41.41088165,2.309395528
2015,10,34,262,190,72,26,11,15,,48,108,80,580.53,306.95,273.58,44.30022815,136.5348669,180.835095,169.921131,161.735658,68.096169,,luan,13,0,48.58089462,9.433140126,12.25484188,8.143336457,1.960172643,10.67962693,13.40168956,7.709442212,68.4412475,3835.914469,41.41088165,2.309395528
2015,11,35,205,151,54,15,5,10,,32,73,85,580.53,306.95,273.58,44.30022815,136.5348669,180.835095,169.921131,161.735658,68.096169,,luan,13,0,46.57280344,10.42665407,12.20134787,7.956139754,1.716143844,9.77726667,5.73049793,3.31542709,84.46767371,3398.926554,41.41088165,2.309395528
2015,12,36,188,137,51,15,8,7,,27,65,81,580.53,306.95,273.58,44.30022815,136.5348669,180.835095,169.921131,161.735658,68.096169,,luan,13,0,72.08361666,13.59287123,20.27767331,12.27685378,2.874351612,15.79479513,1.360700837,-3.53706158,69.87800634,2814.342752,41.41088165,2.309395528
2016,1,37,341,255,86,26,9,17,,55,120,140,587.39,310.34,277.05,42.96745158,132.4272024,175.394654,169.814449,171.51788,70.4868,,luan,13,0,75.46486014,12.97636737,20.67879701,13.09104798,3.439943372,17.54293131,-1.520157168,-5.850181042,72.34102954,2592.384867,41.41088165,2.309395528
2016,2,38,263,191,72,27,9,18,,56,88,92,587.39,310.34,277.05,42.96745158,132.4272024,175.394654,169.814449,171.51788,70.4868,,luan,13,1,58.11794335,9.321539777,14.61343937,9.334271553,2.972976478,15.37367661,2.720363577,-5.380333678,55.20573774,2664.963551,41.41088165,2.309395528
2016,3,39,229,170,59,36,21,15,,38,83,72,587.39,310.34,277.05,42.96745158,132.4272024,175.394654,169.814449,171.51788,70.4868,,luan,13,0,58.5301007,10.52582973,15.60733032,10.32843453,2.437175939,14.30364893,7.794435219,0.943265597,61.90683943,3044.07486,41.41088165,2.309395528
2016,4,40,256,181,75,34,14,20,,40,100,82,587.39,310.34,277.05,42.96745158,132.4272024,175.394654,169.814449,171.51788,70.4868,,luan,13,0,40.44899942,8.983338979,9.99091604,7.041137777,1.54468514,8.874838282,13.5192468,9.391810461,76.10962014,4164.840289,41.41088165,2.309395528
2016,5,41,282,204,78,34,10,24,,40,102,106,587.39,310.34,277.05,42.96745158,132.4272024,175.394654,169.814449,171.51788,70.4868,,luan,13,0,30.38372812,6.745071342,7.084223256,5.193643311,1.21307603,6.712021591,15.86876034,11.44049631,74.98378267,4386.004177,41.41088165,2.309395528
2016,6,42,224,160,64,20,10,10,,45,87,72,587.39,310.34,277.05,42.96745158,132.4272024,175.394654,169.814449,171.51788,70.4868,,luan,13,0,28.68437211,6.872415275,6.297218742,4.67084875,1.304894021,6.688474113,20.014924,16.46201619,80.01564284,4996.623551,41.41088165,2.309395528
2016,7,43,244,183,61,25,7,18,,53,82,84,587.39,310.34,277.05,42.96745158,132.4272024,175.394654,169.814449,171.51788,70.4868,,luan,13,0,23.2031176,5.223982552,4.650648937,3.251725975,1.222965491,6.030417057,23.84978144,20.25919598,80.34243618,5786.66321,41.41088165,2.309395528
2016,8,44,255,188,67,14,10,4,,45,85,111,587.39,310.34,277.05,42.96745158,132.4272024,175.394654,169.814449,171.51788,70.4868,,luan,13,0,35.70196425,7.325297384,9.02211666,5.814346197,1.41283811,7.677564614,23.87704479,19.15224866,74.88646563,5685.59112,41.41088165,2.309395528
2016,9,45,243,173,70,20,6,14,,43,83,97,587.39,310.34,277.05,42.96745158,132.4272024,175.394654,169.814449,171.51788,70.4868,,luan,13,0,32.37836773,6.924129174,7.860822914,5.649098851,1.32678345,6.936077234,19.49913952,13.41548948,67.90583657,4804.924086,41.41088165,2.309395528
2016,10,46,285,206,79,21,10,11,,47,105,112,587.39,310.34,277.05,42.96745158,132.4272024,175.394654,169.814449,171.51788,70.4868,,luan,13,0,29.13299135,6.858236822,6.857773049,4.741541423,1.118285973,5.988427896,12.78412842,10.43600931,85.63182724,4108.278591,41.41088165,2.309395528
2016,11,47,205,155,50,21,14,7,,31,87,66,587.39,310.34,277.05,42.96745158,132.4272024,175.394654,169.814449,171.51788,70.4868,,luan,13,0,54.55639003,11.52778794,14.58148543,9.149877193,2.023372684,11.71841475,6.171193698,3.174720349,81.12431086,3283.90608,41.41088165,2.309395528
2016,12,48,160,114,46,13,6,7,,25,70,52,587.39,310.34,277.05,42.96745158,132.4272024,175.394654,169.814449,171.51788,70.4868,,luan,13,0,76.5745447,14.61297214,20.64912079,13.21621094,3.136091268,17.14805359,2.522064893,-1.421684522,75.22213511,2612.98946,41.41088165,2.309395528
2017,1,49,262,183,79,20,6,14,,39,94,109,588.2,310.58,277.62,43.14197873,132.9651013,176.10708,161.81382,177.57758,72.81916,,luan,13,1,85.96941921,14.81332379,23.99507792,14.90948607,3.781587966,19.53461131,0.855610007,-3.580064601,72.22859266,2497.1495,41.41088165,2.309395528
2017,2,50,200,152,48,13,5,8,,33,78,76,588.2,310.58,277.62,43.14197873,132.9651013,176.10708,161.81382,177.57758,72.81916,,luan,13,0,65.85450682,11.48430361,17.75147319,11.3184328,3.092240185,16.31744621,2.463866147,-3.506146584,64.73504671,2655.541771,41.41088165,2.309395528
2017,3,51,209,147,62,30,12,18,,30,80,69,588.2,310.58,277.62,43.14197873,132.9651013,176.10708,161.81382,177.57758,72.81916,,luan,13,0,48.56210963,8.946188391,13.23274729,8.311421169,1.953954076,11.31597308,6.314624636,0.181341986,64.84357691,2984.745914,41.41088165,2.309395528
2017,4,52,214,149,65,18,6,12,,38,83,75,588.2,310.58,277.62,43.14197873,132.9651013,176.10708,161.81382,177.57758,72.81916,,luan,13,0,34.11931983,7.173954238,8.316146871,5.754497108,1.34842291,7.772571801,13.37401315,6.910548491,64.92141142,3663.530254,41.41088165,2.309395528
2017,5,53,224,167,57,26,11,15,,39,84,75,588.2,310.58,277.62,43.14197873,132.9651013,176.10708,161.81382,177.57758,72.81916,,luan,13,0,31.36305347,6.371646174,7.069530453,5.134516549,1.417875141,7.513482393,18.3880723,12.16994358,67.08403321,4077.772593,41.41088165,2.309395528
2017,6,54,217,159,58,20,10,10,,37,96,64,588.2,310.58,277.62,43.14197873,132.9651013,176.10708,161.81382,177.57758,72.81916,,luan,13,0,32.18875271,6.977552152,7.76224646,5.425987133,1.370068041,7.445888261,20.72351026,15.96502036,74.2027767,5239.918233,41.41088165,2.309395528
2017,7,55,207,144,63,18,6,12,,39,75,75,588.2,310.58,277.62,43.14197873,132.9651013,176.10708,161.81382,177.57758,72.81916,,luan,13,0,21.42969568,4.592770687,3.457041934,2.310322228,1.321198331,6.63016277,25.61386516,20.5878978,73.78771342,5734.762064,41.41088165,2.309395528
2017,8,56,207,157,50,21,9,12,,30,79,77,588.2,310.58,277.62,43.14197873,132.9651013,176.10708,161.81382,177.57758,72.81916,,luan,13,0,21.8482246,4.382869246,4.957372795,3.190261822,1.040680587,5.400908752,23.11003658,20.05494274,82.95327161,5684.162571,41.41088165,2.309395528
2017,9,57,244,168,76,26,14,12,,26,83,109,588.2,310.58,277.62,43.14197873,132.9651013,176.10708,161.81382,177.57758,72.81916,,luan,13,0,28.32977517,6.073204541,7.233038957,4.752837144,1.090434773,6.0193559,18.19930524,15.51779374,84.36180903,5025.22965,41.41088165,2.309395528
2017,10,58,219,163,56,16,5,11,,30,75,98,588.2,310.58,277.62,43.14197873,132.9651013,176.10708,161.81382,177.57758,72.81916,,luan,13,0,41.95169512,8.263090465,11.64430254,7.135571262,1.522785184,8.840685096,11.58322728,8.348581991,80.53598017,4102.482835,41.41088165,2.309395528
2017,11,59,161,113,48,17,9,8,,33,58,53,588.2,310.58,277.62,43.14197873,132.9651013,176.10708,161.81382,177.57758,72.81916,,luan,13,0,62.66715116,11.21421809,16.8783109,10.6810058,2.618352066,14.51702337,7.202444205,1.450030551,66.84796239,3151.170412,41.41088165,2.309395528
2017,12,60,129,98,31,20,10,10,,22,43,44,588.2,310.58,277.62,43.14197873,132.9651013,176.10708,161.81382,177.57758,72.81916,,luan,13,0,68.08741007,12.06879881,18.79622243,11.63466009,3.028192163,15.43507326,1.18895761,-5.508889985,60.98353569,2603.015109,41.41088165,2.309395528
2018,1,61,334,241,93,30,16,14,,55,125,124,588.57,310.59,277.98,42.31842265,130.4268724,172.745295,155.853336,183.692697,76.337529,,luan,13,0,67.62756039,12.6515576,18.37016791,11.62930989,3.14512737,15.89180001,-3.550476638,-6.422044658,80.48768577,1189.695659,41.41088165,2.309395528
2018,2,62,175,127,48,17,6,11,,33,61,64,588.57,310.59,277.98,42.31842265,130.4268724,172.745295,155.853336,183.692697,76.337529,,luan,13,1,57.65729328,10.01501535,15.96357608,9.934215071,2.704728311,13.68856557,0.312563216,-5.285940036,66.06765771,2519.825437,41.41088165,2.309395528
2018,3,63,189,134,55,25,11,14,,28,61,75,588.57,310.59,277.98,42.31842265,130.4268724,172.745295,155.853336,183.692697,76.337529,,luan,13,0,39.94630451,7.32347868,10.48044949,6.877804483,1.820589799,9.731794241,8.349859842,3.49863628,71.51280044,2909.012821,41.41088165,2.309395528
2018,4,64,218,162,56,31,13,18,,28,82,77,588.57,310.59,277.98,42.31842265,130.4268724,172.745295,155.853336,183.692697,76.337529,,luan,13,0,33.26030282,6.45108916,8.033948267,5.59800563,1.476662522,8.069816647,13.60668783,7.458036037,66.38613814,3722.377103,41.41088165,2.309395528
2018,5,65,201,145,56,26,9,17,,34,79,62,588.57,310.59,277.98,42.31842265,130.4268724,172.745295,155.853336,183.692697,76.337529,,luan,13,0,30.07600351,6.06470706,6.888785721,4.685489788,1.26057392,6.933537441,18.01370764,13.84614789,76.62811045,4146.093517,41.41088165,2.309395528
2018,6,66,202,154,48,18,9,9,,34,75,75,588.57,310.59,277.98,42.31842265,130.4268724,172.745295,155.853336,183.692697,76.337529,,luan,13,0,29.53767755,6.209776529,7.054728405,4.999863933,1.297309589,7.119416143,21.71628595,16.7309885,73.3080625,4784.044676,41.41088165,2.309395528
2018,7,67,156,117,39,17,5,12,,30,58,51,588.57,310.59,277.98,42.31842265,130.4268724,172.745295,155.853336,183.692697,76.337529,,luan,13,0,17.60675077,3.281781277,3.340020363,2.02985283,0.99384311,5.339115614,24.7160327,20.6804969,78.28551273,5654.317455,41.41088165,2.309395528
2018,8,68,231,169,62,23,6,17,,40,85,83,588.57,310.59,277.98,42.31842265,130.4268724,172.745295,155.853336,183.692697,76.337529,,luan,13,0,22.10384157,4.131623269,5.125646894,3.143300893,1.090357593,5.639793447,23.90276348,20.1745501,79.66900134,5700.391068,41.41088165,2.309395528
2018,9,69,179,128,51,24,9,15,,39,64,52,588.57,310.59,277.98,42.31842265,130.4268724,172.745295,155.853336,183.692697,76.337529,,luan,13,0,25.69622802,4.938329935,6.335685704,4.04400916,1.065416965,5.960985375,18.95917141,14.44628703,75.08462387,5032.586887,41.41088165,2.309395528
2018,10,70,162,117,45,14,7,7,,29,62,57,588.57,310.59,277.98,42.31842265,130.4268724,172.745295,155.853336,183.692697,76.337529,,luan,13,0,36.26002275,6.954906909,9.200932046,5.880234901,1.482252736,8.128704632,12.64049439,5.296642836,60.93018504,3914.326007,41.41088165,2.309395528
2018,11,71,164,113,51,18,9,9,,24,72,50,588.57,310.59,277.98,42.31842265,130.4268724,172.745295,155.853336,183.692697,76.337529,,luan,13,0,53.02212481,9.982514256,14.59043089,9.018993009,2.130652142,12.42201482,7.347264735,3.869360514,78.58600865,3176.244143,41.41088165,2.309395528
2018,12,72,125,90,35,19,9,10,,21,52,33,588.57,310.59,277.98,42.31842265,130.4268724,172.745295,155.853336,183.692697,76.337529,,luan,13,0,62.23959237,12.75469934,17.00354061,10.52387457,2.607544831,13.9618259,0.359829946,-3.321954872,76.31513502,2701.488025,41.41088165,2.309395528
2019,1,73,206,139,67,15,7,8,,33,87,71,591.07,311.86,279.21,41.52802796,127.990848,169.518876,148.535891,190.560968,82.336051,,luan,13,0,86.1952362,15.4287777,23.67563287,14.82033954,4.04181122,21.20688825,-0.834573836,-4.837075672,74.29164345,2568.424653,41.41088165,2.309395528
2019,2,74,211,150,61,17,4,13,,42,82,70,591.07,311.86,279.21,41.52802796,127.990848,169.518876,148.535891,190.560968,82.336051,,luan,13,1,56.62683975,10.38449675,15.99773476,9.872463137,2.499457328,13.27839754,-0.716423956,-3.1123959,83.81756087,2655.402029,41.41088165,2.309395528
2019,3,75,185,136,49,26,11,15,,35,63,61,591.07,311.86,279.21,41.52802796,127.990848,169.518876,148.535891,190.560968,82.336051,,luan,13,0,46.10245304,8.167527301,12.3393498,7.8722888,2.046781887,11.3222346,7.854186267,1.295686122,63.23683789,2803.552602,41.41088165,2.309395528
2019,4,76,223,159,64,31,12,19,,35,78,79,591.07,311.86,279.21,41.52802796,127.990848,169.518876,148.535891,190.560968,82.336051,,luan,13,0,35.27585914,7.129546751,9.449959242,6.101738468,1.344795058,8.103509307,12.80843219,7.68709696,71.03594211,3758.143214,41.41088165,2.309395528
2019,5,77,203,148,55,14,4,10,,28,90,71,591.07,311.86,279.21,41.52802796,127.990848,169.518876,148.535891,190.560968,82.336051,,luan,13,0,25.7391158,5.03462809,5.641334036,3.930605061,1.256473881,6.767723771,17.39014799,10.00993361,61.89631369,4011.760306,41.41088165,2.309395528
2019,6,78,169,117,52,9,3,6,,22,71,67,591.07,311.86,279.21,41.52802796,127.990848,169.518876,148.535891,190.560968,82.336051,,luan,13,0,27.07578627,5.649466163,6.335849928,4.646645362,1.227502724,6.649781578,21.42530068,16.00397123,71.24986903,5030.553208,41.41088165,2.309395528
2019,7,79,224,167,57,22,7,15,,41,78,83,591.07,311.86,279.21,41.52802796,127.990848,169.518876,148.535891,190.560968,82.336051,,luan,13,0,18.70146656,3.695106644,4.351806136,2.921588569,0.89014646,4.772799563,24.34082063,19.23081133,73.18796182,5789.918649,41.41088165,2.309395528
2019,8,80,209,147,62,17,6,11,,38,73,81,591.07,311.86,279.21,41.52802796,127.990848,169.518876,148.535891,190.560968,82.336051,,luan,13,0,22.73031726,4.502680351,5.685591085,3.782384435,0.969175234,5.098967876,24.01925366,18.43905227,71.0132153,5671.571232,41.41088165,2.309395528
2019,9,81,179,118,61,19,10,9,,26,76,58,591.07,311.86,279.21,41.52802796,127.990848,169.518876,148.535891,190.560968,82.336051,,luan,13,0,30.46249968,6.182745224,7.931422317,5.22443983,1.176648717,6.679925756,19.64421654,12.97224738,65.37843326,5147.98188,41.41088165,2.309395528
2019,10,82,203,155,48,20,12,8,,28,76,79,591.07,311.86,279.21,41.52802796,127.990848,169.518876,148.535891,190.560968,82.336051,,luan,13,0,33.08057745,5.985190525,8.437365836,5.304648471,1.29940461,7.539358268,13.52851336,7.871539087,68.63173498,3692.996654,41.41088165,2.309395528
2019,11,83,180,137,43,14,6,8,,33,54,79,591.07,311.86,279.21,41.52802796,127.990848,169.518876,148.535891,190.560968,82.336051,,luan,13,0,44.28848426,7.558984937,11.40123563,7.010223985,1.848064275,10.54731559,8.181888101,1.371359508,62.18066739,2894.597546,41.41088165,2.309395528
2019,12,84,174,125,49,12,4,8,,30,63,69,591.07,311.86,279.21,41.52802796,127.990848,169.518876,148.535891,190.560968,82.336051,,luan,13,0,58.77329264,11.09768636,16.25221251,10.07443799,2.559099135,13.05219316,1.958874394,-2.572045808,71.93288068,2578.223451,41.41088165,2.309395528
2013,1,1,219,149,70,25,9,16,,52,68,74,632.92,332.36,300.56,62.4955391,135.2299618,197.7255009,181.333391,176.3709007,77.4902074,,bozhou,14,0,212.8687454,34.09746209,56.66343591,35.64468899,9.873617282,50.2431646,-9.316431737,-13.93647835,69.10183222,2425.54858,0,0.001045928
2013,2,2,223,143,80,21,4,17,,36,80,86,632.92,332.36,300.56,62.4955391,135.2299618,197.7255009,181.333391,176.3709007,77.4902074,,bozhou,14,1,145.2925925,25.33765067,41.60268,25.69700891,5.857635631,30.88126407,-6.18714528,-10.92777379,69.11669578,2957.264763,0,0.001045928
2013,3,3,249,185,64,39,16,23,,25,87,98,632.92,332.36,300.56,62.4955391,135.2299618,197.7255009,181.333391,176.3709007,77.4902074,,bozhou,14,0,94.45694873,17.11529929,25.08347222,15.67733839,3.834859741,21.25621291,0.185153257,-8.413923995,52.44176394,4300.445873,0,0.001045928
2013,4,4,235,172,63,26,8,18,,43,77,89,632.92,332.36,300.56,62.4955391,135.2299618,197.7255009,181.333391,176.3709007,77.4902074,,bozhou,14,0,69.11487431,14.21001758,17.53647045,11.59110717,2.604916918,15.16702758,4.854408309,-5.546991408,46.91653687,5061.720572,0,0.001045928
2013,5,5,229,160,69,13,3,10,,50,78,88,632.92,332.36,300.56,62.4955391,135.2299618,197.7255009,181.333391,176.3709007,77.4902074,,bozhou,14,0,57.08055547,13.32823542,13.77101015,10.22826053,2.126499511,11.88884964,11.0676976,4.154905527,62.41187582,5341.739233,0,0.001045928
2013,6,6,201,139,62,23,10,13,,43,60,75,632.92,332.36,300.56,62.4955391,135.2299618,197.7255009,181.333391,176.3709007,77.4902074,,bozhou,14,0,56.44951962,13.69140674,12.98788076,10.07822834,2.346956765,11.92678577,14.9872137,7.702412397,61.73522144,3075.144507,0,0.001045928
2013,7,7,192,130,62,29,8,21,,45,51,67,632.92,332.36,300.56,62.4955391,135.2299618,197.7255009,181.333391,176.3709007,77.4902074,,bozhou,14,0,41.16955751,8.519825988,8.292468892,4.97502246,2.3371056,11.56803489,18.36412263,13.17041019,71.73570359,5850.139814,0,0.001045928
2013,8,8,241,174,67,32,11,21,,56,74,79,632.92,332.36,300.56,62.4955391,135.2299618,197.7255009,181.333391,176.3709007,77.4902074,,bozhou,14,0,52.96900487,10.64602648,11.88150446,7.460593023,2.579942955,13.42093321,17.79142378,11.7023403,67.53308805,5869.286274,0,0.001045928
2013,9,9,224,160,64,23,8,15,,62,70,69,632.92,332.36,300.56,62.4955391,135.2299618,197.7255009,181.333391,176.3709007,77.4902074,,bozhou,14,0,40.92247172,9.627080749,9.904897497,7.255805614,1.608944054,8.277514813,10.85382969,6.364638268,73.80959135,5566.750448,0,0.001045928
2013,10,10,225,167,58,25,6,19,,44,65,91,632.92,332.36,300.56,62.4955391,135.2299618,197.7255009,181.333391,176.3709007,77.4902074,,bozhou,14,0,73.89971626,14.38323353,19.87269406,12.17854153,2.710870418,15.13219535,5.818647416,-1.474860482,59.46963508,3024.469173,0,0.001045928
2013,11,11,232,178,54,13,6,7,,39,89,91,632.92,332.36,300.56,62.4955391,135.2299618,197.7255009,181.333391,176.3709007,77.4902074,,bozhou,14,0,103.2036054,16.89643349,27.40361315,16.21939367,4.138844178,22.81178681,-1.400144083,-7.497912743,63.19632933,3389.980938,0,0.001045928
2013,12,12,227,156,71,13,4,9,,48,82,84,632.92,332.36,300.56,62.4955391,135.2299618,197.7255009,181.333391,176.3709007,77.4902074,,bozhou,14,0,166.693332,26.08409068,43.3590478,27.34617112,7.154339581,38.70586889,-7.761463889,-14.70130133,57.50243398,3725.337424,0,0.001045928
2014,1,13,313,231,82,21,5,16,,62,100,130,634.35,335.72,298.63,65.02517524,140.7036741,205.7288493,184.3402418,169.9714996,74.31035479,,bozhou,14,1,158.7230986,24.48100345,38.75222022,24.82720917,8.16732187,41.51744088,-6.416439063,-13.57309642,56.85888727,3530.421706,0,0.001045928
2014,2,14,271,183,88,17,5,12,,41,96,117,634.35,335.72,298.63,65.02517524,140.7036741,205.7288493,184.3402418,169.9714996,74.31035479,,bozhou,14,0,112.9557981,19.90411852,31.42579334,19.87250193,4.772804946,24.86711607,-7.639241678,-11.60957442,73.18495732,4316.053129,0,0.001045928
2014,3,15,271,183,88,36,10,26,,44,87,104,634.35,335.72,298.63,65.02517524,140.7036741,205.7288493,184.3402418,169.9714996,74.31035479,,bozhou,14,0,95.48083679,17.06917586,26.75975553,16.67546338,3.959765032,21.31291327,0.961992302,-6.414646465,57.85203948,4830.40159,0,0.001045928
2014,4,16,221,164,57,17,6,11,,39,85,80,634.35,335.72,298.63,65.02517524,140.7036741,205.7288493,184.3402418,169.9714996,74.31035479,,bozhou,14,0,62.72351727,14.38913702,16.1003274,10.86818642,2.270156953,12.87389506,4.998589492,-0.368175769,68.25445694,5533.889558,0,0.001045928
2014,5,17,267,193,74,23,6,17,,54,101,89,634.35,335.72,298.63,65.02517524,140.7036741,205.7288493,184.3402418,169.9714996,74.31035479,,bozhou,14,0,54.01270084,10.38143065,12.10294088,8.055882992,2.255430224,12.38611457,11.30049655,2.261412917,53.76187323,5013.789468,0,0.001045928
2014,6,18,210,144,66,18,9,9,,46,59,87,634.35,335.72,298.63,65.02517524,140.7036741,205.7288493,184.3402418,169.9714996,74.31035479,,bozhou,14,0,52.2998266,12.82695472,12.60995545,9.760801072,2.066066996,10.34730339,14.12926336,7.450713474,64.14028564,3660.009248,0,0.001045928
2014,7,19,198,137,61,26,8,18,,43,61,68,634.35,335.72,298.63,65.02517524,140.7036741,205.7288493,184.3402418,169.9714996,74.31035479,,bozhou,14,0,56.54050566,12.6788289,13.62341339,9.769949613,2.45087611,12.18423194,16.16160242,10.75499339,70.32411015,4815.033039,0,0.001045928
2014,8,20,194,140,54,16,4,12,,40,67,71,634.35,335.72,298.63,65.02517524,140.7036741,205.7288493,184.3402418,169.9714996,74.31035479,,bozhou,14,0,31.29687403,7.385685386,7.791628553,5.375565516,1.175171167,6.503748473,13.49803662,10.02552949,79.52321483,5794.843485,0,0.001045928
2014,9,21,204,143,61,13,2,11,,45,67,79,634.35,335.72,298.63,65.02517524,140.7036741,205.7288493,184.3402418,169.9714996,74.31035479,,bozhou,14,0,39.18503778,9.837774824,9.253790684,6.833035614,1.445112655,8.076221651,10.03376956,7.281446686,83.01853442,5684.094175,0,0.001045928
2014,10,22,187,132,55,16,1,15,,36,64,71,634.35,335.72,298.63,65.02517524,140.7036741,205.7288493,184.3402418,169.9714996,74.31035479,,bozhou,14,0,65.02064136,13.1097598,17.8360513,11.29941263,2.354537466,12.60166701,6.458596723,1.274229265,69.46672476,2854.646536,0,0.001045928
2014,11,23,210,149,61,14,3,11,,51,83,62,634.35,335.72,298.63,65.02517524,140.7036741,205.7288493,184.3402418,169.9714996,74.31035479,,bozhou,14,0,79.36608019,14.71262811,22.04135874,13.48356804,3.142777803,16.4811805,-1.067886618,-5.90616207,69.68449006,3429.950073,0,0.001045928
2014,12,24,190,142,48,20,10,10,,40,63,67,634.35,335.72,298.63,65.02517524,140.7036741,205.7288493,184.3402418,169.9714996,74.31035479,,bozhou,14,0,73.41384129,10.49833774,18.58857082,10.99271646,3.5091025,17.60379326,-7.757140912,-16.42018832,49.85914671,3968.160991,0,0.001045928
2015,1,25,268,198,70,33,6,27,,54,89,92,634.95,335.22,299.73,62.51495355,135.2719715,197.786925,185.849865,176.89707,74.479635,,bozhou,14,0,101.7476388,15.52000065,25.79002231,15.59093619,5.388919473,25.81114414,-7.098282971,-13.82778135,58.68274932,3778.551437,0,0.001045928
2015,2,26,230,161,69,16,4,12,,50,77,87,634.95,335.22,299.73,62.51495355,135.2719715,197.786925,185.849865,176.89707,74.479635,,bozhou,14,1,107.4167088,17.08621924,27.60463109,17.42354791,5.404569319,27.2843659,-5.620363137,-12.18999254,59.84252694,4056.235991,0,0.001045928
2015,3,27,274,196,78,22,6,16,,56,88,108,634.95,335.22,299.73,62.51495355,135.2719715,197.786925,185.849865,176.89707,74.479635,,bozhou,14,0,73.40183362,12.762743,21.26773161,12.75910227,2.91718135,16.280396,-0.601082724,-6.505875277,64.3342531,4713.949592,0,0.001045928
2015,4,28,225,146,79,23,9,14,,42,76,84,634.95,335.22,299.73,62.51495355,135.2719715,197.786925,185.849865,176.89707,74.479635,,bozhou,14,0,66.66649626,13.9536129,18.08639005,11.45750298,2.424620107,14.32415945,3.738648333,-1.543788489,68.40769489,5498.890454,0,0.001045928
2015,5,29,206,149,57,22,8,14,,34,78,72,634.95,335.22,299.73,62.51495355,135.2719715,197.786925,185.849865,176.89707,74.479635,,bozhou,14,0,61.8030571,13.91380874,15.47671142,10.87753393,2.314951444,12.67037933,10.10033302,4.567754513,68.5160668,5703.48681,0,0.001045928
2015,6,30,259,187,72,22,8,14,,58,95,84,634.95,335.22,299.73,62.51495355,135.2719715,197.786925,185.849865,176.89707,74.479635,,bozhou,14,0,54.210122,12.3301227,11.59419383,8.833042318,2.31046948,12.62305315,13.38071091,6.81207506,64.45624965,3151.774194,0,0.001045928
2015,7,31,259,186,73,18,6,12,,62,86,93,634.95,335.22,299.73,62.51495355,135.2719715,197.786925,185.849865,176.89707,74.479635,,bozhou,14,0,51.62672771,11.53577818,12.88655483,8.66114403,2.090560327,11.21967988,15.11084242,11.22943073,77.62378265,5190.624527,0,0.001045928
2015,8,32,211,143,68,23,11,12,,42,57,89,634.95,335.22,299.73,62.51495355,135.2719715,197.786925,185.849865,176.89707,74.479635,,bozhou,14,0,49.0762747,10.82232196,12.14273892,7.794297469,2.024506207,10.99501417,14.5979612,10.85540486,78.26407483,5906.359869,0,0.001045928
2015,9,33,166,123,43,16,3,13,,35,56,59,634.95,335.22,299.73,62.51495355,135.2719715,197.786925,185.849865,176.89707,74.479635,,bozhou,14,0,45.08582406,10.81094196,11.07742914,7.641623608,1.662807749,9.288305723,10.85138368,5.917207994,71.57770323,5474.928757,0,0.001045928
2015,10,34,198,149,49,22,12,10,,30,74,72,634.95,335.22,299.73,62.51495355,135.2719715,197.786925,185.849865,176.89707,74.479635,,bozhou,14,0,71.63829017,13.15182158,17.51464544,10.93570443,3.16876159,17.3086168,5.936812316,-1.096362768,60.64502115,2608.481811,0,0.001045928
2015,11,35,169,123,46,14,4,10,,35,57,63,634.95,335.22,299.73,62.51495355,135.2719715,197.786925,185.849865,176.89707,74.479635,,bozhou,14,0,79.07169243,17.33794857,21.07781665,13.51216516,2.936466867,16.71441889,-2.780412996,-5.43165373,81.96022536,3100.251449,0,0.001045928
2015,12,36,160,105,55,16,6,10,,26,47,71,634.95,335.22,299.73,62.51495355,135.2719715,197.786925,185.849865,176.89707,74.479635,,bozhou,14,0,116.6926497,20.5128402,32.38198046,19.75011827,5.123861553,24.91114717,-6.599608232,-12.2123628,64.36964985,3441.988021,0,0.001045928
2016,1,37,250,189,61,18,7,11,,52,93,87,646.85,340.59,306.26,61.04916386,132.1002461,193.14941,187.004335,188.8802,77.622,,bozhou,14,0,124.7083441,20.41044926,32.75940298,20.60788773,6.10821303,30.43177441,-9.582336087,-15.3018881,63.07704048,3404.008689,0,0.001045928
2016,2,38,255,186,69,18,5,13,,54,94,89,646.85,340.59,306.26,61.04916386,132.1002461,193.14941,187.004335,188.8802,77.622,,bozhou,14,1,104.3131523,15.21349294,25.36015509,15.16273959,5.855905057,28.58622484,-5.240126932,-13.62169933,51.7833646,3579.355353,0,0.001045928
2016,3,39,279,210,69,26,9,17,,57,98,98,646.85,340.59,306.26,61.04916386,132.1002461,193.14941,187.004335,188.8802,77.622,,bozhou,14,0,77.66771312,13.29747722,21.7077169,13.6229021,3.295553717,18.33359037,0.263707355,-7.399638465,56.4075161,4562.500815,0,0.001045928
2016,4,40,188,134,54,24,9,15,,25,69,70,646.85,340.59,306.26,61.04916386,132.1002461,193.14941,187.004335,188.8802,77.622,,bozhou,14,0,61.98569389,13.24903167,16.93771856,10.93675779,2.176832769,12.4440637,6.431372332,1.495902301,70.71199911,5576.335181,0,0.001045928
2016,5,41,220,170,50,24,9,15,,46,76,74,646.85,340.59,306.26,61.04916386,132.1002461,193.14941,187.004335,188.8802,77.622,,bozhou,14,0,42.81537864,8.935756228,10.97430283,7.091948791,1.605946305,9.394487712,9.110754017,2.493783032,63.26614617,5478.701013,0,0.001045928
2016,6,42,174,119,55,13,5,8,,30,80,51,646.85,340.59,306.26,61.04916386,132.1002461,193.14941,187.004335,188.8802,77.622,,bozhou,14,0,44.60877246,10.12196295,11.24864871,7.579835877,1.751584284,9.408822769,13.49148505,8.609151409,72.32755039,3219.753228,0,0.001045928
2016,7,43,218,145,73,27,13,14,,45,76,70,646.85,340.59,306.26,61.04916386,132.1002461,193.14941,187.004335,188.8802,77.622,,bozhou,14,0,35.1194456,7.188505835,8.107955902,5.024998856,1.695194931,8.718814734,16.19881122,12.86327611,80.62385476,6066.308911,0,0.001045928
2016,8,44,311,209,102,21,7,14,,64,103,123,646.85,340.59,306.26,61.04916386,132.1002461,193.14941,187.004335,188.8802,77.622,,bozhou,14,0,40.62737394,8.565802099,10.22504599,6.593166811,1.624286269,8.694509969,15.96455801,11.85683807,76.60378392,6001.48848,0,0.001045928
2016,9,45,185,145,40,26,12,14,,45,50,64,646.85,340.59,306.26,61.04916386,132.1002461,193.14941,187.004335,188.8802,77.622,,bozhou,14,0,45.40682049,9.523575243,11.64617719,7.562970054,1.755004179,9.614505305,12.2160214,5.515893488,63.61213336,5474.402833,0,0.001045928
2016,10,46,203,135,68,19,9,10,,38,80,66,646.85,340.59,306.26,61.04916386,132.1002461,193.14941,187.004335,188.8802,77.622,,bozhou,14,0,35.09693801,8.17054415,8.559295106,5.703722391,1.326821786,7.326053717,5.030371282,2.221330563,82.05583631,3015.799785,0,0.001045928
2016,11,47,208,139,69,19,7,12,,42,75,72,646.85,340.59,306.26,61.04916386,132.1002461,193.14941,187.004335,188.8802,77.622,,bozhou,14,0,76.27061685,15.29437269,21.16257558,13.14906869,2.948520517,15.67226915,-1.586442077,-5.500120932,74.65479998,3297.646861,0,0.001045928
2016,12,48,185,129,56,13,7,6,,29,69,74,646.85,340.59,306.26,61.04916386,132.1002461,193.14941,187.004335,188.8802,77.622,,bozhou,14,0,99.15279496,18.61303589,27.08223066,17.34683893,4.359862075,20.57453627,-5.494962206,-9.444136682,73.7225726,3692.034154,0,0.001045928
2017,1,49,287,200,87,28,9,19,,45,105,109,650.77,341.96,308.81,61.58368245,133.2568555,194.840538,179.026827,196.467463,80.565326,,bozhou,14,1,96.3502179,16.83534679,26.67871859,16.65278076,4.556753487,20.66809909,-7.493695742,-12.5434134,67.13848826,4152.088122,0,0.001045928
2017,2,50,253,171,82,15,3,12,,50,80,108,650.77,341.96,308.81,61.58368245,133.2568555,194.840538,179.026827,196.467463,80.565326,,bozhou,14,0,100.9719324,16.68645309,26.37868506,16.39234699,5.391247099,25.37959942,-5.073247299,-11.54736184,60.44575368,4546.870307,0,0.001045928
2017,3,51,251,181,70,29,9,20,,42,83,97,650.77,341.96,308.81,61.58368245,133.2568555,194.840538,179.026827,196.467463,80.565326,,bozhou,14,0,67.68355875,11.74267529,19.51991357,11.6431381,2.87158309,14.83145081,-1.075198257,-8.613790224,56.59232437,4725.924976,0,0.001045928
2017,4,52,248,160,88,29,11,18,,45,90,84,650.77,341.96,308.81,61.58368245,133.2568555,194.840538,179.026827,196.467463,80.565326,,bozhou,14,0,53.93467773,10.62156891,14.68400476,8.96897527,2.084062376,11.84019481,6.538596208,-1.11945508,58.08244595,5377.135988,0,0.001045928
2017,5,53,221,156,65,17,8,9,,45,84,75,650.77,341.96,308.81,61.58368245,133.2568555,194.840538,179.026827,196.467463,80.565326,,bozhou,14,0,43.93256171,8.210906465,10.88801378,6.988213275,1.882141335,10.0333871,11.58751135,3.502066077,57.59614266,5352.328986,0,0.001045928
2017,6,54,248,172,76,16,8,8,,51,89,92,650.77,341.96,308.81,61.58368245,133.2568555,194.840538,179.026827,196.467463,80.565326,,bozhou,14,0,49.95152348,10.616688,13.45382642,8.968573835,1.881828828,10.33572135,14.16459351,7.575346071,64.54024406,3950.766735,0,0.001045928
2017,7,55,225,143,82,17,6,11,,46,74,88,650.77,341.96,308.81,61.58368245,133.2568555,194.840538,179.026827,196.467463,80.565326,,bozhou,14,0,34.32273778,6.283746537,7.069667677,4.363467977,1.8776416,10.30617736,17.64042814,13.55964382,77.00282605,5262.079243,0,0.001045928
2017,8,56,226,145,81,14,7,7,,36,82,94,650.77,341.96,308.81,61.58368245,133.2568555,194.840538,179.026827,196.467463,80.565326,,bozhou,14,0,37.39061046,7.163379899,10.34140466,6.102494495,1.502557234,8.223606064,15.59483256,12.39024282,81.2379427,6001.393355,0,0.001045928
2017,9,57,179,123,56,15,5,10,,28,62,74,650.77,341.96,308.81,61.58368245,133.2568555,194.840538,179.026827,196.467463,80.565326,,bozhou,14,0,38.42522214,8.128636495,10.45323849,6.536123587,1.412509586,8.045591062,11.23782014,8.121188538,81.13620204,5289.421899,0,0.001045928
2017,10,58,252,176,76,17,4,13,,43,78,114,650.77,341.96,308.81,61.58368245,133.2568555,194.840538,179.026827,196.467463,80.565326,,bozhou,14,0,51.87815343,10.67705772,14.8148016,9.112638302,1.925621615,10.33905984,4.262818148,0.009050552,73.84882767,2858.439005,0,0.001045928
2017,11,59,281,207,74,18,6,12,,54,98,111,650.77,341.96,308.81,61.58368245,133.2568555,194.840538,179.026827,196.467463,80.565326,,bozhou,14,0,85.70971922,15.03414327,23.19123788,14.73326969,3.677448017,18.93482897,-0.560862105,-8.359357073,55.59717752,2019.055206,0,0.001045928
2017,12,60,270,186,84,13,7,6,,50,92,115,650.77,341.96,308.81,61.58368245,133.2568555,194.840538,179.026827,196.467463,80.565326,,bozhou,14,0,97.95251818,16.50293455,27.53277397,16.43842416,4.740776161,21.04245935,-6.439340738,-14.31004594,53.63380324,2143.174676,0,0.001045928
2018,1,61,258,190,68,16,9,7,,40,103,99,656.83,344.82,312.01,60.93227877,131.8473262,192.779605,173.928584,204.996643,85.190851,,bozhou,14,0,99.80102308,18.72762611,27.60574165,16.99673244,4.856049929,22.02450302,-10.82871285,-15.16033285,70.42333259,1035.779572,0,0.001045928
2018,2,62,257,183,74,15,5,10,,52,81,109,656.83,344.82,312.01,60.93227877,131.8473262,192.779605,173.928584,204.996643,85.190851,,bozhou,14,1,83.86934105,13.77927143,22.20756728,13.75331978,4.273592332,21.12061303,-5.96541426,-14.04606607,52.85625581,3411.14459,0,0.001045928
2018,3,63,249,172,77,24,14,10,,43,79,103,656.83,344.82,312.01,60.93227877,131.8473262,192.779605,173.928584,204.996643,85.190851,,bozhou,14,0,64.95016327,11.81266899,18.15284343,11.14261108,2.81555779,14.76191781,0.654748565,-4.343561003,69.20643356,3962.819284,0,0.001045928
2018,4,64,199,148,51,14,9,5,,33,71,81,656.83,344.82,312.01,60.93227877,131.8473262,192.779605,173.928584,204.996643,85.190851,,bozhou,14,0,47.90698103,8.788366934,13.00360389,8.09035856,1.944491415,10.80720956,6.257169271,-0.957498989,59.92445324,5051.709834,0,0.001045928
2018,5,65,240,161,79,14,3,11,,39,80,107,656.83,344.82,312.01,60.93227877,131.8473262,192.779605,173.928584,204.996643,85.190851,,bozhou,14,0,41.74873475,7.946120271,10.44628762,6.404973727,1.675266112,9.829807706,10.47807706,5.458124485,71.0824304,5269.319146,0,0.001045928
2018,6,66,195,142,53,15,1,14,,44,69,67,656.83,344.82,312.01,60.93227877,131.8473262,192.779605,173.928584,204.996643,85.190851,,bozhou,14,0,38.27828783,7.874704295,9.814613982,6.514022776,1.658847843,8.719582137,15.29583772,8.05544946,61.99421157,3312.309727,0,0.001045928
2018,7,67,171,111,60,16,4,12,,32,61,62,656.83,344.82,312.01,60.93227877,131.8473262,192.779605,173.928584,204.996643,85.190851,,bozhou,14,0,27.14435288,5.037646811,5.824462323,3.512979851,1.446082353,7.680957504,17.10597925,13.14217447,77.50925546,5256.997415,0,0.001045928
2018,8,68,189,125,64,13,5,8,,42,59,75,656.83,344.82,312.01,60.93227877,131.8473262,192.779605,173.928584,204.996643,85.190851,,bozhou,14,0,28.80098561,5.447307069,7.433100075,4.516692464,1.253736303,6.687856933,16.53893104,13.13299894,80.29990531,5505.818336,0,0.001045928
2018,9,69,198,143,55,19,9,10,,31,66,82,656.83,344.82,312.01,60.93227877,131.8473262,192.779605,173.928584,204.996643,85.190851,,bozhou,14,0,33.87433542,6.658161201,8.584962405,5.273708529,1.369839372,7.896794155,11.32727703,5.940562351,69.46565358,4743.810024,0,0.001045928
2018,10,70,187,137,50,19,11,8,,29,63,76,656.83,344.82,312.01,60.93227877,131.8473262,192.779605,173.928584,204.996643,85.190851,,bozhou,14,0,46.86633931,8.497180774,12.5257508,7.660471038,1.839784293,10.68924981,5.461044821,-3.345051982,53.08419831,2812.084563,0,0.001045928
2018,11,71,208,140,68,14,2,12,,43,68,83,656.83,344.82,312.01,60.93227877,131.8473262,192.779605,173.928584,204.996643,85.190851,,bozhou,14,0,82.46988301,16.11345193,23.27537103,14.34946328,3.481240712,17.66938339,-0.649865443,-4.217011107,76.80049419,2371.148009,0,0.001045928
2018,12,72,162,106,56,13,4,9,,33,50,66,656.83,344.82,312.01,60.93227877,131.8473262,192.779605,173.928584,204.996643,85.190851,,bozhou,14,0,81.52089986,15.8162963,22.44702138,13.76517644,3.600634056,17.82786196,-7.569340496,-12.59955514,67.22680205,3053.24568,0,0.001045928
2019,1,73,227,153,74,15,5,10,,45,90,77,662.99,347.91,315.08,60.09972146,130.0458105,190.145532,166.609387,213.747976,92.354507,,bozhou,14,0,116.2494729,20.30644402,32.47730648,19.50942778,5.770380515,27.25283954,-8.582324424,-13.91059316,65.38601217,3054.197872,0,0.001045928
2019,2,74,253,186,67,17,1,16,,57,81,98,662.99,347.91,315.08,60.09972146,130.0458105,190.145532,166.609387,213.747976,92.354507,,bozhou,14,1,94.05999235,17.40469612,26.92167357,16.54916925,4.326779845,20.90545127,-7.686948824,-11.54686192,73.82465221,3699.531609,0,0.001045928
2019,3,75,271,178,93,22,12,10,,47,100,102,662.99,347.91,315.08,60.09972146,130.0458105,190.145532,166.609387,213.747976,92.354507,,bozhou,14,0,65.88422939,10.93812786,17.88398985,10.87926237,3.050272953,16.75008116,0.57707383,-7.222460723,55.90276908,4335.845205,0,0.001045928
2019,4,76,190,128,62,20,5,15,,38,67,65,662.99,347.91,315.08,60.09972146,130.0458105,190.145532,166.609387,213.747976,92.354507,,bozhou,14,0,45.02829386,8.507219968,13.00895061,7.82115798,1.697473685,9.879293029,4.931152382,-0.576123492,67.54543236,5495.322767,0,0.001045928
2019,5,77,206,151,55,18,6,12,,39,70,79,662.99,347.91,315.08,60.09972146,130.0458105,190.145532,166.609387,213.747976,92.354507,,bozhou,14,0,30.13942332,5.435417627,7.163838165,4.401686556,1.458601956,7.821211917,10.78798236,1.043981836,50.98196589,5202.717108,0,0.001045928
2019,6,78,198,131,67,19,9,10,,38,57,84,662.99,347.91,315.08,60.09972146,130.0458105,190.145532,166.609387,213.747976,92.354507,,bozhou,14,0,29.0561513,5.781129346,7.015700692,4.989030412,1.328008337,6.979422827,15.9649873,6.869597488,54.77601711,3261.725356,0,0.001045928
2019,7,79,201,135,66,19,7,12,,49,71,62,662.99,347.91,315.08,60.09972146,130.0458105,190.145532,166.609387,213.747976,92.354507,,bozhou,14,0,24.28585934,4.550088677,5.879060856,3.735938307,1.176257472,6.213971739,17.13514233,11.11488332,67.70610137,5413.401005,0,0.001045928
2019,8,80,200,141,59,18,11,7,,38,62,82,662.99,347.91,315.08,60.09972146,130.0458105,190.145532,166.609387,213.747976,92.354507,,bozhou,14,0,23.91080085,4.975668259,6.464223022,4.034149305,0.913117109,5.127997999,15.18400108,10.71799736,74.68053036,5779.496986,0,0.001045928
2019,9,81,213,148,65,25,14,11,,33,61,94,662.99,347.91,315.08,60.09972146,130.0458105,190.145532,166.609387,213.747976,92.354507,,bozhou,14,0,33.03371101,6.482414446,9.281023992,5.661731011,1.211252857,6.967954855,12.04587324,5.265828457,63.22134045,5539.468435,0,0.001045928
2019,10,82,238,180,58,22,6,16,,31,75,110,662.99,347.91,315.08,60.09972146,130.0458105,190.145532,166.609387,213.747976,92.354507,,bozhou,14,0,44.2312969,8.126667672,12.22572321,7.301996565,1.67531721,9.31712633,5.663280121,-0.336576561,65.32567864,2506.883505,0,0.001045928
2019,11,83,223,158,65,15,10,5,,35,71,102,662.99,347.91,315.08,60.09972146,130.0458105,190.145532,166.609387,213.747976,92.354507,,bozhou,14,0,63.86663184,10.67659261,16.2661939,9.905941245,2.725979164,15.3967374,0.608455653,-7.173825669,55.98561263,3002.551496,0,0.001045928
2019,12,84,148,105,43,13,9,4,,25,57,53,662.99,347.91,315.08,60.09972146,130.0458105,190.145532,166.609387,213.747976,92.354507,,bozhou,14,0,78.68099414,14.33969225,21.98306559,13.38384132,3.675785976,16.69350157,-5.899715094,-11.19940491,66.17173602,3536.624213,0,0.001045928
2013,1,1,81,63,18,10,3,7,,14,36,21,161.91,82.7,79.21,11.17882194,39.40219281,50.58101475,46.38767827,45.1182022,19.82310478,,chizhou,15,0,96.90953348,15.57478147,26.21430994,16.80363007,4.133225906,21.46713154,-0.184966176,-4.124768388,74.76171561,3217.641937,65.99192582,3.221733129
2013,2,2,63,44,19,4,2,2,,15,28,16,161.91,82.7,79.21,11.17882194,39.40219281,50.58101475,46.38767827,45.1182022,19.82310478,,chizhou,15,1,76.73298254,14.7985068,20.19887999,13.11526797,2.789950823,14.72207908,2.294842373,-0.340327663,82.7308485,3601.117852,65.99192582,3.221733129
2013,3,3,78,64,14,5,2,3,,14,34,25,161.91,82.7,79.21,11.17882194,39.40219281,50.58101475,46.38767827,45.1182022,19.82310478,,chizhou,15,0,61.2252765,12.35412081,13.49464361,10.30924401,2.870938812,14.03531272,8.219416055,2.946474712,69.38853361,3630.213916,65.99192582,3.221733129
2013,4,4,68,56,12,13,6,7,,11,27,17,161.91,82.7,79.21,11.17882194,39.40219281,50.58101475,46.38767827,45.1182022,19.82310478,,chizhou,15,0,51.10429638,11.08553407,10.51004289,8.459779147,2.409385707,11.92972873,12.48419231,5.707137735,63.33525141,4342.253565,65.99192582,3.221733129
2013,5,5,68,48,20,7,4,3,,18,32,11,161.91,82.7,79.21,11.17882194,39.40219281,50.58101475,46.38767827,45.1182022,19.82310478,,chizhou,15,0,42.54341225,9.576327816,8.17010768,6.906880704,2.178354191,9.851425495,18.3555068,13.81940656,74.87139548,4764.829312,65.99192582,3.221733129
2013,6,6,63,41,22,8,1,7,,16,30,9,161.91,82.7,79.21,11.17882194,39.40219281,50.58101475,46.38767827,45.1182022,19.82310478,,chizhou,15,0,31.90600095,7.380874152,5.909247604,4.833472627,1.717328766,7.308593522,21.22286183,17.53445549,79.49750812,5203.082464,65.99192582,3.221733129
2013,7,7,53,39,14,2,0,2,,11,27,13,161.91,82.7,79.21,11.17882194,39.40219281,50.58101475,46.38767827,45.1182022,19.82310478,,chizhou,15,0,20.70867505,4.507792153,2.40252808,1.769535201,1.239888601,5.842395426,26.16723406,19.56326778,67.02182359,5678.184919,65.99192582,3.221733129
2013,8,8,65,48,17,4,2,2,,22,23,16,161.91,82.7,79.21,11.17882194,39.40219281,50.58101475,46.38767827,45.1182022,19.82310478,,chizhou,15,0,24.86204938,5.322184158,3.531697987,2.696056115,1.384532337,6.430791969,26.82382033,19.15636588,62.86501651,5652.578189,65.99192582,3.221733129
2013,9,9,46,31,15,3,2,1,,8,17,18,161.91,82.7,79.21,11.17882194,39.40219281,50.58101475,46.38767827,45.1182022,19.82310478,,chizhou,15,0,30.94740735,6.634471009,6.022912402,4.818060706,1.557121069,6.788112372,19.39434754,14.9651451,75.56251699,5403.398575,65.99192582,3.221733129
2013,10,10,51,38,13,4,2,2,,8,26,13,161.91,82.7,79.21,11.17882194,39.40219281,50.58101475,46.38767827,45.1182022,19.82310478,,chizhou,15,0,45.53544912,9.399782603,9.867977466,7.445303605,1.900502199,8.869039588,14.25641677,9.077692383,71.03669364,4700.656303,65.99192582,3.221733129
2013,11,11,56,46,10,8,2,6,,14,20,14,161.91,82.7,79.21,11.17882194,39.40219281,50.58101475,46.38767827,45.1182022,19.82310478,,chizhou,15,0,68.18251871,12.52107744,17.05207679,11.08793751,2.484903141,14.16112741,8.320652149,3.249048625,70.403913,3798.537182,65.99192582,3.221733129
2013,12,12,51,40,11,4,2,2,,12,24,11,161.91,82.7,79.21,11.17882194,39.40219281,50.58101475,46.38767827,45.1182022,19.82310478,,chizhou,15,0,90.20669318,14.24372493,25.01219685,15.29919827,3.476797235,19.98490235,1.21440433,-4.743412495,64.5026512,3209.409721,65.99192582,3.221733129
2014,1,13,49,33,16,5,1,4,,13,19,12,160.64,82.22,78.42,11.51405896,40.58380869,52.09786765,46.68151091,43.04283391,18.81802695,,chizhou,15,1,84.65917792,13.51543476,21.66702445,14.18877113,3.820176268,19.96679464,2.211997319,-3.578518204,65.55024082,3132.419799,65.99192582,3.221733129
2014,2,14,96,72,24,10,3,7,,14,50,22,160.64,82.22,78.42,11.51405896,40.58380869,52.09786765,46.68151091,43.04283391,18.81802695,,chizhou,15,0,50.70474101,8.474758949,13.33467114,8.522345118,2.087796293,10.97210342,1.100656902,-1.508581272,82.73374603,3488.097726,65.99192582,3.221733129
2014,3,15,107,76,31,9,8,1,,18,47,33,160.64,82.22,78.42,11.51405896,40.58380869,52.09786765,46.68151091,43.04283391,18.81802695,,chizhou,15,0,48.80377155,9.495703804,11.39628973,8.18070632,2.080169906,11.40377929,8.670952173,3.792371877,71.4370443,3774.548143,65.99192582,3.221733129
2014,4,16,65,54,11,8,4,4,,14,29,14,160.64,82.22,78.42,11.51405896,40.58380869,52.09786765,46.68151091,43.04283391,18.81802695,,chizhou,15,0,40.46480112,9.171777668,8.913344084,6.896684752,1.636968595,8.316577219,13.17602391,9.310237861,77.40530954,4615.418833,65.99192582,3.221733129
2014,5,17,65,45,20,2,2,0,,14,28,21,160.64,82.22,78.42,11.51405896,40.58380869,52.09786765,46.68151091,43.04283391,18.81802695,,chizhou,15,0,38.72584877,8.031336987,7.182024972,6.043009468,1.871665867,8.930383014,18.26739121,12.93654026,71.07812205,4899.667827,65.99192582,3.221733129
2014,6,18,69,51,18,9,4,5,,8,34,18,160.64,82.22,78.42,11.51405896,40.58380869,52.09786765,46.68151091,43.04283391,18.81802695,,chizhou,15,0,45.56420217,10.26004622,9.041439794,7.697521907,2.338649986,10.60603219,21.05785838,16.91151367,77.20460375,5022.809239,65.99192582,3.221733129
2014,7,19,76,60,16,3,0,3,,16,40,17,160.64,82.22,78.42,11.51405896,40.58380869,52.09786765,46.68151091,43.04283391,18.81802695,,chizhou,15,0,33.38905156,7.207210661,6.0036761,4.932524444,1.777117054,8.122045486,23.48094551,20.11209587,81.40325154,5765.093706,65.99192582,3.221733129
2014,8,20,75,55,20,5,4,1,,13,26,31,160.64,82.22,78.42,11.51405896,40.58380869,52.09786765,46.68151091,43.04283391,18.81802695,,chizhou,15,0,28.20867781,6.471238531,5.709053398,4.386934058,1.173800173,5.905174856,21.69451513,18.91554137,84.22708002,6044.84684,65.99192582,3.221733129
2014,9,21,64,54,10,5,1,4,,9,28,22,160.64,82.22,78.42,11.51405896,40.58380869,52.09786765,46.68151091,43.04283391,18.81802695,,chizhou,15,0,34.30669652,7.565897265,6.581131262,5.624735042,1.824318919,7.539178108,19.9651812,16.96399327,82.86154599,5570.359671,65.99192582,3.221733129
2014,10,22,50,39,11,2,2,0,,9,21,18,160.64,82.22,78.42,11.51405896,40.58380869,52.09786765,46.68151091,43.04283391,18.81802695,,chizhou,15,0,39.57391709,8.144846673,8.312550194,6.459691547,1.720073441,8.189971947,15.18402344,10.18490967,72.07311556,4644.228661,65.99192582,3.221733129
2014,11,23,38,33,5,2,0,2,,7,20,9,160.64,82.22,78.42,11.51405896,40.58380869,52.09786765,46.68151091,43.04283391,18.81802695,,chizhou,15,0,47.30715667,8.618774047,12.44386085,7.750310136,1.616946955,9.861653619,8.250810396,4.725129015,78.46105469,4138.766778,65.99192582,3.221733129
2014,12,24,56,43,13,7,4,3,,10,22,17,160.64,82.22,78.42,11.51405896,40.58380869,52.09786765,46.68151091,43.04283391,18.81802695,,chizhou,15,0,52.69387804,8.384906203,14.62835944,8.745076218,1.960628137,10.90997655,1.359437139,-5.304753353,61.18209843,3782.043877,65.99192582,3.221733129
2015,1,25,67,54,13,2,1,1,,15,34,16,161.61,82.62,78.99,11.12589052,39.21562448,50.341515,47.303247,45.024546,18.956853,,chizhou,15,0,64.04762947,10.25049026,15.9347268,10.56972525,2.698108504,15.91576701,1.751521478,-2.908658767,71.2056927,3321.989888,65.99192582,3.221733129
2015,2,26,71,53,18,3,1,2,,13,34,21,161.61,82.62,78.99,11.12589052,39.21562448,50.341515,47.303247,45.024546,18.956853,,chizhou,15,1,62.94102645,10.25414934,16.6587035,10.74933778,2.759998726,15.42457317,3.215352717,-0.87613839,74.53541022,3588.062505,65.99192582,3.221733129
2015,3,27,78,55,23,14,8,6,,17,28,19,161.61,82.62,78.99,11.12589052,39.21562448,50.341515,47.303247,45.024546,18.956853,,chizhou,15,0,38.12673193,7.282565034,9.627757021,6.44424162,1.453473519,8.625417237,7.59153255,3.618766582,75.93628713,3698.84741,65.99192582,3.221733129
2015,4,28,72,50,22,9,5,4,,13,29,21,161.61,82.62,78.99,11.12589052,39.21562448,50.341515,47.303247,45.024546,18.956853,,chizhou,15,0,38.28580974,8.251755289,8.533064357,6.34234637,1.496655098,8.787345643,12.72826257,7.602007334,70.99673513,4504.36177,65.99192582,3.221733129
2015,5,29,49,42,7,3,2,1,,10,19,17,161.61,82.62,78.99,11.12589052,39.21562448,50.341515,47.303247,45.024546,18.956853,,chizhou,15,0,45.36028287,9.96360294,9.520048293,7.789403903,1.962921783,10.08298646,18.28134474,14.26060184,77.4024423,4838.016207,65.99192582,3.221733129
2015,6,30,71,50,21,7,3,4,,16,25,23,161.61,82.62,78.99,11.12589052,39.21562448,50.341515,47.303247,45.024546,18.956853,,chizhou,15,0,31.88315991,7.051815603,6.070335356,4.827395225,1.535293207,7.446812894,21.06747161,17.86954857,81.9718379,5257.363689,65.99192582,3.221733129
2015,7,31,83,61,22,10,3,7,,8,34,31,161.61,82.62,78.99,11.12589052,39.21562448,50.341515,47.303247,45.024546,18.956853,,chizhou,15,0,26.68329281,5.845598137,5.036061844,3.847716835,1.242933804,6.061857009,22.33091352,18.90706836,80.9785208,6038.519774,65.99192582,3.221733129
2015,8,32,76,55,21,11,5,6,,14,33,18,161.61,82.62,78.99,11.12589052,39.21562448,50.341515,47.303247,45.024546,18.956853,,chizhou,15,0,28.46922625,5.937573557,5.88510294,4.298184255,1.170023325,6.153785824,23.26095113,18.94058279,76.69999107,5957.115927,65.99192582,3.221733129
2015,9,33,53,37,16,4,1,3,,11,25,13,161.61,82.62,78.99,11.12589052,39.21562448,50.341515,47.303247,45.024546,18.956853,,chizhou,15,0,36.41122416,7.608230623,8.064009624,6.143434344,1.43683542,7.189908933,19.60879241,14.94043031,74.4436885,5519.762956,65.99192582,3.221733129
2015,10,34,63,47,16,5,1,4,,9,33,16,161.61,82.62,78.99,11.12589052,39.21562448,50.341515,47.303247,45.024546,18.956853,,chizhou,15,0,37.24743487,6.927759337,8.418968797,6.002343521,1.462675116,7.760861441,14.81454084,9.992317331,72.8626113,4770.73509,65.99192582,3.221733129
2015,11,35,59,47,12,8,5,3,,13,19,19,161.61,82.62,78.99,11.12589052,39.21562448,50.341515,47.303247,45.024546,18.956853,,chizhou,15,0,33.20100121,7.296585681,7.750361574,5.210950781,1.176139926,6.919757909,7.672312419,5.531967208,86.31929676,4274.140292,65.99192582,3.221733129
2015,12,36,49,41,8,5,3,2,,14,20,10,161.61,82.62,78.99,11.12589052,39.21562448,50.341515,47.303247,45.024546,18.956853,,chizhou,15,0,59.77270913,10.99300739,15.99015783,9.855970127,2.098484816,13.36098092,2.789745183,-0.988490435,76.18615187,3619.825404,65.99192582,3.221733129
2016,1,37,57,46,11,8,3,5,,6,27,16,162.36,82.98,79.38,10.71463415,37.76606185,48.480696,46.938276,47.40912,19.4832,,chizhou,15,0,64.03230223,10.63249551,16.96075474,10.82853026,2.603639145,14.46831804,0.148617353,-3.045980055,79.09933498,3409.501255,65.99192582,3.221733129
2016,2,38,66,41,25,6,4,2,,11,20,29,162.36,82.98,79.38,10.71463415,37.76606185,48.480696,46.938276,47.40912,19.4832,,chizhou,15,1,56.22545425,8.875159337,13.98538267,9.053901607,2.560163724,14.10351064,3.787758791,-2.839998789,61.94906204,3490.681481,65.99192582,3.221733129
2016,3,39,94,72,22,11,8,3,,14,41,28,162.36,82.98,79.38,10.71463415,37.76606185,48.480696,46.938276,47.40912,19.4832,,chizhou,15,0,53.26811995,9.724068327,12.963729,9.080896532,2.195371396,12.75045543,8.087116745,2.605486481,68.34239993,3772.119316,65.99192582,3.221733129
2016,4,40,64,50,14,5,1,4,,6,30,23,162.36,82.98,79.38,10.71463415,37.76606185,48.480696,46.938276,47.40912,19.4832,,chizhou,15,0,34.16627802,7.503736155,7.356589692,5.575070713,1.405541892,7.234341149,14.15732714,10.63474075,79.35228365,4653.821678,65.99192582,3.221733129
2016,5,41,75,56,19,10,3,7,,16,24,25,162.36,82.98,79.38,10.71463415,37.76606185,48.480696,46.938276,47.40912,19.4832,,chizhou,15,0,30.50100885,6.582832702,6.41997129,4.777324929,1.20535755,6.687404304,16.70115621,13.02859052,78.93651491,4698.702207,65.99192582,3.221733129
2016,6,42,80,59,21,11,3,8,,9,33,27,162.36,82.98,79.38,10.71463415,37.76606185,48.480696,46.938276,47.40912,19.4832,,chizhou,15,0,27.54811157,6.149613451,5.735505106,4.215442463,1.161523206,5.907976634,20.60706779,17.63755322,83.10355775,5146.89647,65.99192582,3.221733129
2016,7,43,69,55,14,9,2,7,,7,27,26,162.36,82.98,79.38,10.71463415,37.76606185,48.480696,46.938276,47.40912,19.4832,,chizhou,15,0,20.58158107,4.415575308,2.947396029,2.248307553,1.15359673,5.2728417,25.00840222,20.97219806,78.32441085,5773.225793,65.99192582,3.221733129
2016,8,44,70,59,11,1,1,0,,9,28,32,162.36,82.98,79.38,10.71463415,37.76606185,48.480696,46.938276,47.40912,19.4832,,chizhou,15,0,29.86963941,5.784718767,5.856785941,4.147455036,1.284404474,6.743695665,25.11936861,19.85108417,72.60648709,5739.341048,65.99192582,3.221733129
2016,9,45,67,53,14,4,1,3,,9,31,23,162.36,82.98,79.38,10.71463415,37.76606185,48.480696,46.938276,47.40912,19.4832,,chizhou,15,0,31.11649064,6.391920987,6.426915901,5.138362834,1.400421812,6.725275038,19.65428918,15.30134103,75.97581304,5327.987515,65.99192582,3.221733129
2016,10,46,83,64,19,5,3,2,,12,39,27,162.36,82.98,79.38,10.71463415,37.76606185,48.480696,46.938276,47.40912,19.4832,,chizhou,15,0,29.90065182,6.577154233,6.304543115,4.665364767,1.11271667,5.49001483,14.32615272,12.17368598,86.90328007,4963.29477,65.99192582,3.221733129
2016,11,47,72,54,18,5,2,3,,9,32,26,162.36,82.98,79.38,10.71463415,37.76606185,48.480696,46.938276,47.40912,19.4832,,chizhou,15,0,47.54823031,10.23265605,11.37417082,7.737154106,1.632571507,9.639286365,7.790141329,5.197843455,83.66595224,4146.808397,65.99192582,3.221733129
2016,12,48,82,62,20,10,2,8,,14,31,27,162.36,82.98,79.38,10.71463415,37.76606185,48.480696,46.938276,47.40912,19.4832,,chizhou,15,0,61.79819144,10.8702575,16.33387805,10.1188212,2.233225876,13.88129566,3.860789516,0.322858714,77.70737999,3708.104334,65.99192582,3.221733129
2017,1,49,97,70,27,7,3,4,,16,39,35,162.36,83.03,79.33,10.74334047,37.86724353,48.610584,44.665236,49.016484,20.100168,,chizhou,15,1,75.12005294,12.29595727,20.53218313,12.59478008,2.935886455,16.29737427,2.325969655,-1.674080784,74.8770756,3420.102249,65.99192582,3.221733129
2017,2,50,84,61,23,4,2,2,,17,35,28,162.36,83.03,79.33,10.74334047,37.86724353,48.610584,44.665236,49.016484,20.100168,,chizhou,15,0,58.99490404,9.708607758,15.46605997,10.01632991,2.55533493,14.67733226,3.478307805,-1.921508205,67.76392278,3724.414453,65.99192582,3.221733129
2017,3,51,92,58,34,9,6,3,,15,42,26,162.36,83.03,79.33,10.74334047,37.86724353,48.610584,44.665236,49.016484,20.100168,,chizhou,15,0,39.58342703,7.065820582,10.01247603,6.520017113,1.487341077,8.958854772,7.121295196,2.303252146,71.44328389,3857.795904,65.99192582,3.221733129
2017,4,52,80,58,22,2,0,2,,18,31,29,162.36,83.03,79.33,10.74334047,37.86724353,48.610584,44.665236,49.016484,20.100168,,chizhou,15,0,36.80990067,7.523483558,8.078524369,6.038510724,1.39960509,7.925364437,14.19055534,8.733352508,69.70152307,4453.607972,65.99192582,3.221733129
2017,5,53,116,85,31,10,1,9,,21,42,43,162.36,83.03,79.33,10.74334047,37.86724353,48.610584,44.665236,49.016484,20.100168,,chizhou,15,0,33.2912084,6.806373729,7.082670923,5.465540367,1.391166513,7.458005151,19.04870294,13.61770148,70.76206395,4697.977254,65.99192582,3.221733129
2017,6,54,103,73,30,9,3,6,,18,38,38,162.36,83.03,79.33,10.74334047,37.86724353,48.610584,44.665236,49.016484,20.100168,,chizhou,15,0,22.71215745,4.811804522,4.659713566,3.589812688,1.026962727,5.042546313,20.44754109,17.28750145,82.09099264,5318.00545,65.99192582,3.221733129
2017,7,55,89,64,25,8,2,6,,15,32,34,162.36,83.03,79.33,10.74334047,37.86724353,48.610584,44.665236,49.016484,20.100168,,chizhou,15,0,20.12479799,3.896471525,2.494110028,1.809203171,1.128017572,5.693446672,25.96895033,20.73774002,72.92094847,5944.970214,65.99192582,3.221733129
2017,8,56,107,78,29,3,1,2,,23,38,43,162.36,83.03,79.33,10.74334047,37.86724353,48.610584,44.665236,49.016484,20.100168,,chizhou,15,0,19.75731877,3.841690015,3.177727659,2.228996519,0.989328311,4.88927249,23.9888097,20.8586864,82.67349213,5993.669476,65.99192582,3.221733129
2017,9,57,95,71,24,6,5,1,,11,43,35,162.36,83.03,79.33,10.74334047,37.86724353,48.610584,44.665236,49.016484,20.100168,,chizhou,15,0,30.60069416,6.178693055,6.655224025,4.718476231,1.159458615,6.232116186,19.42450801,16.93605773,85.53724407,5670.259719,65.99192582,3.221733129
2017,10,58,74,56,18,7,3,4,,8,30,29,162.36,83.03,79.33,10.74334047,37.86724353,48.610584,44.665236,49.016484,20.100168,,chizhou,15,0,38.39576412,7.287262067,9.010028627,5.89272699,1.437717234,7.759546698,13.06139106,9.913788132,81.21018406,4910.080456,65.99192582,3.221733129
2017,11,59,84,58,26,4,3,1,,11,34,35,162.36,83.03,79.33,10.74334047,37.86724353,48.610584,44.665236,49.016484,20.100168,,chizhou,15,0,50.04913691,8.541920796,13.04771306,7.935519192,1.825801917,11.54180476,8.508992362,3.836642932,72.44919393,4032.830308,65.99192582,3.221733129
2017,12,60,65,46,19,2,0,2,,11,29,23,162.36,83.03,79.33,10.74334047,37.86724353,48.610584,44.665236,49.016484,20.100168,,chizhou,15,0,58.28788349,9.778102051,16.1069825,9.7322776,2.218996145,12.92652912,2.338929129,-3.105115041,67.29436845,3689.139049,65.99192582,3.221733129
2018,1,61,93,55,38,6,4,2,,9,40,38,162.23,82.92,79.31,10.52319879,37.09130621,47.614505,42.958504,50.631983,21.041231,,chizhou,15,0,64.23340731,10.92167364,16.66686466,10.71784899,2.637033496,15.41205617,-0.940681015,-4.126450711,78.98343543,3569.946072,65.99192582,3.221733129
2018,2,62,123,87,36,23,21,2,,15,40,45,162.23,82.92,79.31,10.52319879,37.09130621,47.614505,42.958504,50.631983,21.041231,,chizhou,15,1,59.72013411,9.867213218,15.87922226,10.08845047,2.575735368,13.82217406,1.468555707,-3.300221033,70.57589803,3699.193839,65.99192582,3.221733129
2018,3,63,110,77,33,11,8,3,,9,45,45,162.23,82.92,79.31,10.52319879,37.09130621,47.614505,42.958504,50.631983,21.041231,,chizhou,15,0,37.65687824,6.906478616,8.839509615,6.144412706,1.681646069,9.114678963,9.212347913,4.842787994,74.13082226,3917.275791,65.99192582,3.221733129
2018,4,64,103,78,25,10,3,7,,23,37,33,162.23,82.92,79.31,10.52319879,37.09130621,47.614505,42.958504,50.631983,21.041231,,chizhou,15,0,34.58416584,6.597017332,7.541606209,5.415297695,1.416451408,8.256966969,14.48754435,9.136402096,70.26054358,4529.286107,65.99192582,3.221733129
2018,5,65,91,66,25,7,5,2,,16,35,33,162.23,82.92,79.31,10.52319879,37.09130621,47.614505,42.958504,50.631983,21.041231,,chizhou,15,0,30.49022725,6.103178452,6.250990964,4.585460107,1.290693387,6.940044793,19.28015405,15.33665657,77.93992595,5030.676417,65.99192582,3.221733129
2018,6,66,78,55,23,3,0,3,,15,27,33,162.23,82.92,79.31,10.52319879,37.09130621,47.614505,42.958504,50.631983,21.041231,,chizhou,15,0,28.53648579,5.781083374,5.797339492,4.340358253,1.234753548,6.640321815,22.03525053,17.44353518,75.21190939,5406.073696,65.99192582,3.221733129
2018,7,67,107,72,35,11,4,7,,21,37,38,162.23,82.92,79.31,10.52319879,37.09130621,47.614505,42.958504,50.631983,21.041231,,chizhou,15,0,17.21435061,3.117177744,2.157270868,1.410155596,0.891990911,4.70425048,25.76674297,20.88884442,74.489014,5881.528294,65.99192582,3.221733129
2018,8,68,87,56,31,6,3,3,,13,39,29,162.23,82.92,79.31,10.52319879,37.09130621,47.614505,42.958504,50.631983,21.041231,,chizhou,15,0,23.7753284,4.379549927,4.230832049,2.988692002,1.094839891,5.653701456,24.66651472,20.29763814,76.68504483,6007.679914,65.99192582,3.221733129
2018,9,69,84,59,25,7,2,5,,14,32,31,162.23,82.92,79.31,10.52319879,37.09130621,47.614505,42.958504,50.631983,21.041231,,chizhou,15,0,32.80836886,5.770629108,7.238013377,4.895570993,1.284686876,7.406487049,20.64508715,15.89557131,74.2320351,5622.540192,65.99192582,3.221733129
2018,10,70,75,54,21,10,5,5,,11,21,33,162.23,82.92,79.31,10.52319879,37.09130621,47.614505,42.958504,50.631983,21.041231,,chizhou,15,0,37.23799733,6.635411133,8.722159694,5.958196883,1.382600683,7.527331762,13.75235064,6.967209844,63.5895199,4567.443271,65.99192582,3.221733129
2018,11,71,77,57,20,3,2,1,,13,36,25,162.23,82.92,79.31,10.52319879,37.09130621,47.614505,42.958504,50.631983,21.041231,,chizhou,15,0,39.26371256,7.139077402,9.838867694,6.20028619,1.453147313,9.153432835,8.784160554,5.738216413,81.19907473,4011.223203,65.99192582,3.221733129
2018,12,72,81,57,24,5,1,4,,13,36,27,162.23,82.92,79.31,10.52319879,37.09130621,47.614505,42.958504,50.631983,21.041231,,chizhou,15,0,50.18151249,9.375378874,13.24789825,8.163398743,1.912856327,11.34822796,1.662811664,-1.033615234,82.27995056,3828.010025,65.99192582,3.221733129
2019,1,73,77,56,21,6,4,2,,8,33,30,162.29,82.94,79.35,10.28677896,36.25799304,46.544772,40.783477,52.322296,22.606997,,chizhou,15,0,66.75899581,11.20050215,17.47486027,11.24626675,2.791753375,15.88170261,0.894266518,-2.176369085,79.94210205,3684.645918,65.99192582,3.221733129
2019,2,74,84,71,13,4,0,4,,6,36,38,162.29,82.94,79.35,10.28677896,36.25799304,46.544772,40.783477,52.322296,22.606997,,chizhou,15,1,45.90936765,8.051236162,12.26790151,7.745080487,1.787557545,10.35681643,1.209568635,-0.462650231,88.61251211,3898.018808,65.99192582,3.221733129
2019,3,75,77,59,18,10,7,3,,12,28,27,162.29,82.94,79.35,10.28677896,36.25799304,46.544772,40.783477,52.322296,22.606997,,chizhou,15,0,43.39652436,7.43561478,10.93461174,7.047148354,1.751049419,10.32816619,8.841469873,3.947386272,71.39213751,4061.334787,65.99192582,3.221733129
2019,4,76,78,52,26,9,1,8,,15,30,24,162.29,82.94,79.35,10.28677896,36.25799304,46.544772,40.783477,52.322296,22.606997,,chizhou,15,0,34.85092952,7.296660746,8.036910651,5.881729903,1.302902585,7.911361205,14.35075682,10.2353216,76.30598824,4496.623259,65.99192582,3.221733129
2019,5,77,74,53,21,5,2,3,,13,25,31,162.29,82.94,79.35,10.28677896,36.25799304,46.544772,40.783477,52.322296,22.606997,,chizhou,15,0,28.08017372,5.028058222,6.188303785,4.388319187,1.185508986,6.420809242,18.48547267,11.90838679,65.53760196,4825.487476,65.99192582,3.221733129
2019,6,78,57,42,15,7,1,6,,10,27,13,162.29,82.94,79.35,10.28677896,36.25799304,46.544772,40.783477,52.322296,22.606997,,chizhou,15,0,23.55468804,4.820505336,4.963248919,3.774964357,1.002272584,5.337663253,21.91522987,17.6422798,76.72036938,5099.001231,65.99192582,3.221733129
2019,7,79,65,46,19,5,1,4,,14,19,27,162.29,82.94,79.35,10.28677896,36.25799304,46.544772,40.783477,52.322296,22.606997,,chizhou,15,0,17.13887232,3.270138412,3.121933617,2.194674543,0.758029597,4.149889843,24.6725108,20.76952816,78.92081906,6024.603537,65.99192582,3.221733129
2019,8,80,71,49,22,9,3,6,,13,21,28,162.29,82.94,79.35,10.28677896,36.25799304,46.544772,40.783477,52.322296,22.606997,,chizhou,15,0,26.55572532,4.84767499,5.436063895,3.795856279,1.101890083,6.247749001,25.14943959,20.34961816,74.74662637,6003.719601,65.99192582,3.221733129
2019,9,81,69,53,16,7,3,4,,12,26,24,162.29,82.94,79.35,10.28677896,36.25799304,46.544772,40.783477,52.322296,22.606997,,chizhou,15,0,34.15992055,6.404301178,7.797480297,5.610723425,1.34420979,7.690494503,20.67113941,14.97415588,69.86136318,5446.37471,65.99192582,3.221733129
2019,10,82,61,44,17,7,3,4,,11,20,23,162.29,82.94,79.35,10.28677896,36.25799304,46.544772,40.783477,52.322296,22.606997,,chizhou,15,0,35.54826969,6.226132495,8.01637258,5.528946302,1.392342442,8.259061206,15.40535896,10.01336046,70.24623394,4345.907258,65.99192582,3.221733129
2019,11,83,59,46,13,2,0,2,,8,20,29,162.29,82.94,79.35,10.28677896,36.25799304,46.544772,40.783477,52.322296,22.606997,,chizhou,15,0,37.20554438,5.999041995,8.642014241,5.532936169,1.485374513,8.415429619,9.643026395,3.697907504,66.46693417,3534.15929,65.99192582,3.221733129
2019,12,84,48,36,12,5,2,3,,6,18,19,162.29,82.94,79.35,10.28677896,36.25799304,46.544772,40.783477,52.322296,22.606997,,chizhou,15,0,46.19885971,8.184920945,11.95875577,7.552481617,1.81761848,10.46385029,3.805224692,-0.392188518,74.06819441,3296.494706,65.99192582,3.221733129
2013,1,1,113,82,31,15,4,11,,23,38,37,280.21,144.87,135.34,16.70753548,70.83064093,87.53817641,80.28096675,78.08394441,34.30691243,,xuancheng,16,0,81.9527987,13.36617333,22.90957017,14.21408412,3.276126137,17.0427459,-2.04915568,-6.389457967,72.18045302,3313.71815,55.88789921,2.066855616
2013,2,2,118,88,30,11,4,7,,29,38,40,280.21,144.87,135.34,16.70753548,70.83064093,87.53817641,80.28096675,78.08394441,34.30691243,,xuancheng,16,1,63.26462133,12.85240771,15.92085233,10.68495025,2.313558131,12.01992661,0.404344874,-2.57733096,80.3978686,3531.278104,55.88789921,2.066855616
2013,3,3,119,90,29,15,8,7,,24,41,39,280.21,144.87,135.34,16.70753548,70.83064093,87.53817641,80.28096675,78.08394441,34.30691243,,xuancheng,16,0,53.36614069,10.96176757,11.71853424,9.017735468,2.369743098,11.96952808,5.901675118,-0.160111876,65.08632499,3632.527545,55.88789921,2.066855616
2013,4,4,139,96,43,15,9,6,,27,50,47,280.21,144.87,135.34,16.70753548,70.83064093,87.53817641,80.28096675,78.08394441,34.30691243,,xuancheng,16,0,48.06580222,10.29316507,10.50053938,8.015582845,2.018742251,10.88307825,10.20888088,2.212671987,57.60965827,4154.30613,55.88789921,2.066855616
2013,5,5,130,86,44,11,7,4,,36,51,32,280.21,144.87,135.34,16.70753548,70.83064093,87.53817641,80.28096675,78.08394441,34.30691243,,xuancheng,16,0,41.43616459,9.420041721,8.495160982,6.903756896,1.955161645,9.249644527,16.10267232,11.07545734,72.1074746,4640.420839,55.88789921,2.066855616
2013,6,6,151,106,45,13,4,9,,33,57,48,280.21,144.87,135.34,16.70753548,70.83064093,87.53817641,80.28096675,78.08394441,34.30691243,,xuancheng,16,0,30.47079187,7.144248985,5.840825448,4.795408944,1.689774685,6.810844063,18.49336756,14.95024931,79.85660171,5146.835067,55.88789921,2.066855616
2013,7,7,106,82,24,14,2,12,,22,34,36,280.21,144.87,135.34,16.70753548,70.83064093,87.53817641,80.28096675,78.08394441,34.30691243,,xuancheng,16,0,21.12028642,4.470508427,2.565426902,1.891136732,1.264873346,5.936911037,24.51852509,17.15429118,63.56387561,5508.242388,55.88789921,2.066855616
2013,8,8,104,76,28,12,3,9,,19,48,25,280.21,144.87,135.34,16.70753548,70.83064093,87.53817641,80.28096675,78.08394441,34.30691243,,xuancheng,16,0,22.25574622,4.801063545,3.103610325,2.459338541,1.267370149,5.643704156,24.40053248,16.93526681,63.13270675,5372.631385,55.88789921,2.066855616
2013,9,9,115,88,27,17,6,11,,24,42,32,280.21,144.87,135.34,16.70753548,70.83064093,87.53817641,80.28096675,78.08394441,34.30691243,,xuancheng,16,0,27.23826518,5.970761383,5.094094408,4.224981061,1.482733924,5.902392558,17.40984014,12.87518411,74.71959068,5156.641096,55.88789921,2.066855616
2013,10,10,94,70,24,10,5,5,,17,40,27,280.21,144.87,135.34,16.70753548,70.83064093,87.53817641,80.28096675,78.08394441,34.30691243,,xuancheng,16,0,40.0120843,8.563628427,8.445169567,6.567316969,1.722455117,7.837104306,11.96715526,7.058277427,71.9135571,4546.735559,55.88789921,2.066855616
2013,11,11,91,66,25,9,5,4,,17,46,19,280.21,144.87,135.34,16.70753548,70.83064093,87.53817641,80.28096675,78.08394441,34.30691243,,xuancheng,16,0,62.13118761,11.50174495,15.43523185,10.12008267,2.31720884,12.8640345,5.824318263,0.276496338,67.53934785,3783.686128,55.88789921,2.066855616
2013,12,12,107,74,33,11,4,7,,26,43,27,280.21,144.87,135.34,16.70753548,70.83064093,87.53817641,80.28096675,78.08394441,34.30691243,,xuancheng,16,0,87.46543759,13.86984787,24.24035268,14.65955228,3.275440897,18.99538382,-1.330817409,-7.236055397,64.15853518,3258.104742,55.88789921,2.066855616
2014,1,13,144,110,34,13,6,7,,30,53,48,279.84,144.79,135.05,17.32171712,73.43442882,90.75614594,81.32067986,74.98198855,32.78160272,,xuancheng,16,1,79.39822412,12.84904491,20.46098584,13.30830402,3.421750653,18.4114928,-0.040523386,-5.711933668,65.62237358,3151.746534,55.88789921,2.066855616
2014,2,14,107,80,27,9,6,3,,27,38,33,279.84,144.79,135.05,17.32171712,73.43442882,90.75614594,81.32067986,74.98198855,32.78160272,,xuancheng,16,0,46.83287995,8.341017081,12.42428921,7.911600463,1.870749139,9.875532786,-0.810828445,-3.599315697,81.38778753,3461.615866,55.88789921,2.066855616
2014,3,15,114,87,27,10,8,2,,22,46,36,279.84,144.79,135.05,17.32171712,73.43442882,90.75614594,81.32067986,74.98198855,32.78160272,,xuancheng,16,0,44.33572879,8.700769926,10.47912792,7.570263708,1.827022788,10.08322576,6.331853772,0.698993701,67.23506866,3770.005797,55.88789921,2.066855616
2014,4,16,128,86,42,14,3,11,,31,48,35,279.84,144.79,135.05,17.32171712,73.43442882,90.75614594,81.32067986,74.98198855,32.78160272,,xuancheng,16,0,37.65786076,8.623515298,8.398794986,6.436134768,1.471570852,7.607688746,10.5669611,6.163234863,74.19465926,4367.706712,55.88789921,2.066855616
2014,5,17,126,87,39,12,4,8,,25,49,40,279.84,144.79,135.05,17.32171712,73.43442882,90.75614594,81.32067986,74.98198855,32.78160272,,xuancheng,16,0,39.17135478,8.249562363,7.827453716,6.324633325,1.681362146,8.811718572,16.10875769,10.01368686,67.15753731,4581.601266,55.88789921,2.066855616
2014,6,18,125,92,33,7,3,4,,24,60,34,279.84,144.79,135.05,17.32171712,73.43442882,90.75614594,81.32067986,74.98198855,32.78160272,,xuancheng,16,0,45.41832122,10.48076,8.921718669,7.664063272,2.511654594,10.59511306,18.33859837,14.16062374,76.62752457,5022.580191,55.88789921,2.066855616
2014,7,19,103,78,25,10,5,5,,27,40,26,279.84,144.79,135.05,17.32171712,73.43442882,90.75614594,81.32067986,74.98198855,32.78160272,,xuancheng,16,0,29.61546942,6.581677877,5.619439279,4.568755776,1.578008954,6.957054511,21.20569698,17.76245809,80.73322092,5616.994046,55.88789921,2.066855616
2014,8,20,113,81,32,12,6,6,,25,40,36,279.84,144.79,135.05,17.32171712,73.43442882,90.75614594,81.32067986,74.98198855,32.78160272,,xuancheng,16,0,25.69811845,6.093737103,5.156423392,4.103770168,1.206713787,5.613600099,19.36622497,16.77745271,84.98872583,5873.375465,55.88789921,2.066855616
2014,9,21,109,77,32,12,4,8,,21,43,33,279.84,144.79,135.05,17.32171712,73.43442882,90.75614594,81.32067986,74.98198855,32.78160272,,xuancheng,16,0,27.86382322,6.245553959,4.996089288,4.353934982,1.713378536,6.524617371,17.3691733,14.49831732,83.24629458,5447.628408,55.88789921,2.066855616
2014,10,22,114,78,36,13,3,10,,23,45,33,279.84,144.79,135.05,17.32171712,73.43442882,90.75614594,81.32067986,74.98198855,32.78160272,,xuancheng,16,0,37.8884686,7.64785844,8.040068383,6.106192671,1.691738217,7.949293845,12.77873719,7.656408433,71.02543489,4456.037147,55.88789921,2.066855616
2014,11,23,93,66,27,12,5,7,,15,41,25,279.84,144.79,135.05,17.32171712,73.43442882,90.75614594,81.32067986,74.98198855,32.78160272,,xuancheng,16,0,47.96582091,9.069107549,12.60630568,7.927470881,1.61169415,9.666123392,6.499644965,2.810424431,77.29111511,3916.131163,55.88789921,2.066855616
2014,12,24,105,84,21,7,1,6,,19,42,37,279.84,144.79,135.05,17.32171712,73.43442882,90.75614594,81.32067986,74.98198855,32.78160272,,xuancheng,16,0,56.00146584,9.397195992,15.47497541,9.278043109,2.083214996,11.29276797,-1.258154018,-8.343735367,58.57423558,3576.455202,55.88789921,2.066855616
2015,1,25,127,90,37,10,5,5,,29,56,32,279.95,144.65,135.3,16.64383569,70.56058931,87.204425,81.941365,77.99407,32.838135,,xuancheng,16,0,66.15214174,10.94229877,17.08011235,11.17950415,2.781089458,15.77227047,-0.509952897,-5.529637786,68.84721361,3144.620789,55.88789921,2.066855616
2015,2,26,128,106,22,19,6,13,,17,51,41,279.95,144.65,135.3,16.64383569,70.56058931,87.204425,81.941365,77.99407,32.838135,,xuancheng,16,1,56.10460222,9.242606611,15.2481096,9.712068426,2.376536936,13.22926976,0.865199203,-3.655306835,71.77404062,3402.775247,55.88789921,2.066855616
2015,3,27,119,89,30,12,4,8,,22,52,33,279.95,144.65,135.3,16.64383569,70.56058931,87.204425,81.941365,77.99407,32.838135,,xuancheng,16,0,34.72664322,7.007493756,8.69131516,5.972191784,1.325842407,7.652974601,5.375171162,0.907365783,72.91974528,3631.547709,55.88789921,2.066855616
2015,4,28,121,94,27,16,7,9,,24,46,35,279.95,144.65,135.3,16.64383569,70.56058931,87.204425,81.941365,77.99407,32.838135,,xuancheng,16,0,38.23473853,8.375937054,8.684193825,6.300070217,1.498150545,8.802909431,10.33076214,4.543123566,67.35368503,4251.497843,55.88789921,2.066855616
2015,5,29,114,81,33,9,4,5,,30,39,36,279.95,144.65,135.3,16.64383569,70.56058931,87.204425,81.941365,77.99407,32.838135,,xuancheng,16,0,40.88764783,9.153633971,8.711207546,7.040909378,1.834293195,9.020889568,15.69546184,11.00546054,73.66505954,4656.502379,55.88789921,2.066855616
2015,6,30,92,65,27,9,3,6,,17,39,27,279.95,144.65,135.3,16.64383569,70.56058931,87.204425,81.941365,77.99407,32.838135,,xuancheng,16,0,28.01986305,6.476665537,5.297070188,4.36944743,1.408473447,6.575667689,18.36992972,15.03776454,80.93100056,5105.129665,55.88789921,2.066855616
2015,7,31,95,63,32,12,5,7,,15,40,28,279.95,144.65,135.3,16.64383569,70.56058931,87.204425,81.941365,77.99407,32.838135,,xuancheng,16,0,26.02157681,5.943592676,4.795994938,3.831048979,1.342632459,5.96056379,19.99546999,16.59253518,80.77961529,5846.666058,55.88789921,2.066855616
2015,8,32,111,81,30,8,4,4,,23,48,32,279.95,144.65,135.3,16.64383569,70.56058931,87.204425,81.941365,77.99407,32.838135,,xuancheng,16,0,24.25241841,5.218899087,4.901836862,3.664532462,1.090075714,5.496766904,20.80636683,16.61977927,76.96920279,5745.362109,55.88789921,2.066855616
2015,9,33,113,81,32,6,2,4,,29,41,37,279.95,144.65,135.3,16.64383569,70.56058931,87.204425,81.941365,77.99407,32.838135,,xuancheng,16,0,31.90034328,6.978644487,7.221858123,5.383988851,1.245021038,6.410295919,17.1349132,12.85854349,75.94681185,5468.975269,55.88789921,2.066855616
2015,10,34,90,69,21,6,2,4,,18,35,31,279.95,144.65,135.3,16.64383569,70.56058931,87.204425,81.941365,77.99407,32.838135,,xuancheng,16,0,37.87663232,7.051041335,8.77137307,6.192635942,1.607678999,8.274827062,12.29921465,7.589465483,72.96064929,4761.80765,55.88789921,2.066855616
2015,11,35,102,72,30,5,3,2,,18,44,35,279.95,144.65,135.3,16.64383569,70.56058931,87.204425,81.941365,77.99407,32.838135,,xuancheng,16,0,32.49803044,7.344777544,7.559577629,5.141185084,1.154938795,6.806644212,6.168090647,3.818894284,84.91033397,4149.608208,55.88789921,2.066855616
2015,12,36,128,95,33,7,2,5,,26,47,48,279.95,144.65,135.3,16.64383569,70.56058931,87.204425,81.941365,77.99407,32.838135,,xuancheng,16,0,61.73396046,11.77817295,16.30412113,10.1935341,2.186249199,13.52724733,0.656532215,-3.087380279,76.01366924,3533.050333,55.88789921,2.066855616
2016,1,37,116,92,24,7,1,6,,23,54,32,280.4,144.82,135.58,15.98021837,67.74722163,83.72744,81.06364,81.8768,33.648,,xuancheng,16,0,55.99365476,9.562965911,14.98513376,9.484128258,2.226600587,12.62344452,-2.058687191,-5.60969468,76.6553028,3038.367274,55.88789921,2.066855616
2016,2,38,102,79,23,7,4,3,,21,43,31,280.4,144.82,135.58,15.98021837,67.74722163,83.72744,81.06364,81.8768,33.648,,xuancheng,16,1,57.64669588,9.36599936,14.65287632,9.515243418,2.643056856,14.39378163,1.332107439,-5.543038769,60.20387344,3337.352,55.88789921,2.066855616
2016,3,39,137,104,33,10,4,6,,18,70,39,280.4,144.82,135.58,15.98021837,67.74722163,83.72744,81.06364,81.8768,33.648,,xuancheng,16,0,50.11952049,8.857901523,12.66009163,8.509306258,2.017410968,12.13997786,5.639956245,-0.207792793,66.04661855,3651.60062,55.88789921,2.066855616
2016,4,40,131,98,33,8,1,7,,22,56,45,280.4,144.82,135.58,15.98021837,67.74722163,83.72744,81.06364,81.8768,33.648,,xuancheng,16,0,30.85736866,7.038624823,6.89188511,5.235146486,1.231319113,6.558054503,11.55081675,7.59003579,76.65188163,4444.513929,55.88789921,2.066855616
2016,5,41,130,94,36,16,10,6,,25,52,37,280.4,144.82,135.58,15.98021837,67.74722163,83.72744,81.06364,81.8768,33.648,,xuancheng,16,0,29.6575787,6.819290131,6.352457801,4.793634065,1.249411068,6.506289554,14.47842434,10.52826083,77.17222037,4655.201677,55.88789921,2.066855616
2016,6,42,102,66,36,7,3,4,,21,29,45,280.4,144.82,135.58,15.98021837,67.74722163,83.72744,81.06364,81.8768,33.648,,xuancheng,16,0,25.9236687,6.010582235,5.234797432,3.992044443,1.167335443,5.805798422,18.19307051,15.2494497,82.95464528,5001.633621,55.88789921,2.066855616
2016,7,43,105,73,32,16,4,12,,21,34,34,280.4,144.82,135.58,15.98021837,67.74722163,83.72744,81.06364,81.8768,33.648,,xuancheng,16,0,19.73522077,4.347848746,2.989008484,2.272871127,1.150291912,5.157192659,23.04787916,18.52942801,75.72291398,5498.568577,55.88789921,2.066855616
2016,8,44,130,95,35,12,1,11,,27,48,43,280.4,144.82,135.58,15.98021837,67.74722163,83.72744,81.06364,81.8768,33.648,,xuancheng,16,0,25.30025675,5.265578764,5.014775254,3.697978425,1.176686978,5.693565024,23.3649144,16.71551753,66.25850153,5423.352413,55.88789921,2.066855616
2016,9,45,111,81,30,8,5,3,,24,38,41,280.4,144.82,135.58,15.98021837,67.74722163,83.72744,81.06364,81.8768,33.648,,xuancheng,16,0,27.47482057,6.057713697,5.617677107,4.607961853,1.365313766,6.119656612,17.65562389,12.91739071,73.77325893,5155.260218,55.88789921,2.066855616
2016,10,46,100,62,38,9,1,8,,25,35,31,280.4,144.82,135.58,15.98021837,67.74722163,83.72744,81.06364,81.8768,33.648,,xuancheng,16,0,25.17691918,5.685923191,5.092285954,3.831282405,1.094256651,5.011778897,12.62780867,10.43706354,86.51908554,4666.40115,55.88789921,2.066855616
2016,11,47,99,79,20,5,0,5,,18,36,40,280.4,144.82,135.58,15.98021837,67.74722163,83.72744,81.06364,81.8768,33.648,,xuancheng,16,0,35.72726594,7.753944323,8.75383168,5.93261425,1.259790361,7.112000911,5.821297825,3.023397907,82.2242626,3916.009096,55.88789921,2.066855616
2016,12,48,80,57,23,5,2,3,,14,35,26,280.4,144.82,135.58,15.98021837,67.74722163,83.72744,81.06364,81.8768,33.648,,xuancheng,16,0,54.17727679,9.96116111,14.06378512,8.829153684,1.988120489,12.19531394,1.731301373,-1.954981141,76.52238631,3427.735985,55.88789921,2.066855616
2017,1,49,85,66,19,6,1,5,,15,43,21,280.44,144.67,135.77,16.02531782,67.93841818,83.963736,77.149044,84.664836,34.718472,,xuancheng,16,1,57.11001354,9.665490122,15.96924018,9.724875893,2.174992686,12.10649643,0.112079927,-3.906709639,74.37405789,3336.701406,55.88789921,2.066855616
2017,2,50,119,89,30,5,3,2,,23,46,45,280.44,144.67,135.77,16.02531782,67.93841818,83.963736,77.149044,84.664836,34.718472,,xuancheng,16,0,53.98868658,9.44813998,14.05505105,9.171064965,2.304781626,13.4240531,1.013960816,-4.830227135,65.01114317,3428.491241,55.88789921,2.066855616
2017,3,51,122,91,31,9,0,9,,20,44,49,280.44,144.67,135.77,16.02531782,67.93841818,83.963736,77.149044,84.664836,34.718472,,xuancheng,16,0,35.7858048,6.768730925,9.264892584,6.007949366,1.329526286,7.95165809,4.607063717,-0.958951706,67.18624969,3554.481752,55.88789921,2.066855616
2017,4,52,130,96,34,7,3,4,,26,44,53,280.44,144.67,135.77,16.02531782,67.93841818,83.963736,77.149044,84.664836,34.718472,,xuancheng,16,0,35.36390604,7.207913036,8.188752843,5.90176937,1.332040107,7.804931152,11.79221144,5.60099416,65.79948226,4060.585489,55.88789921,2.066855616
2017,5,53,119,83,36,7,1,6,,16,52,44,280.44,144.67,135.77,16.02531782,67.93841818,83.963736,77.149044,84.664836,34.718472,,xuancheng,16,0,29.87282487,6.319065897,6.563887041,5.075994771,1.254857217,6.669547501,16.25372981,10.63680828,69.36480836,4513.538263,55.88789921,2.066855616
2017,6,54,106,75,31,9,1,8,,23,31,43,280.44,144.67,135.77,16.02531782,67.93841818,83.963736,77.149044,84.664836,34.718472,,xuancheng,16,0,20.61933951,4.387370669,4.487296039,3.353275218,0.927959278,4.730621716,17.83593134,14.33677756,79.99250956,5396.74787,55.88789921,2.066855616
2017,7,55,112,84,28,12,2,10,,18,40,42,280.44,144.67,135.77,16.02531782,67.93841818,83.963736,77.149044,84.664836,34.718472,,xuancheng,16,0,17.40450834,3.277932826,2.208249538,1.598896103,0.996307429,5.077457812,24.09726525,18.45866577,70.76826336,5654.798227,55.88789921,2.066855616
2017,8,56,108,84,24,10,3,7,,14,43,41,280.44,144.67,135.77,16.02531782,67.93841818,83.963736,77.149044,84.664836,34.718472,,xuancheng,16,0,16.77276356,3.364414381,2.651565288,1.806280657,0.902058168,4.40819655,21.90646007,18.33798031,80.19325056,5700.798006,55.88789921,2.066855616
2017,9,57,125,95,30,7,4,3,,24,43,51,280.44,144.67,135.77,16.02531782,67.93841818,83.963736,77.149044,84.664836,34.718472,,xuancheng,16,0,21.99253762,4.668835843,4.734078722,3.408151729,0.941652324,4.732864451,17.14201341,14.47126558,84.30304654,5524.500732,55.88789921,2.066855616
2017,10,58,146,99,47,7,3,4,,29,41,69,280.44,144.67,135.77,16.02531782,67.93841818,83.963736,77.149044,84.664836,34.718472,,xuancheng,16,0,32.47499855,6.461716125,7.668690391,5.045077826,1.23280611,6.63197241,11.06115776,7.801178546,80.32519829,4796.644754,55.88789921,2.066855616
2017,11,59,107,72,35,7,3,4,,17,46,37,280.44,144.67,135.77,16.02531782,67.93841818,83.963736,77.149044,84.664836,34.718472,,xuancheng,16,0,44.57126787,8.190778514,11.71807544,7.214031367,1.632577879,10.1524618,6.106517107,1.541130248,72.54759718,3906.692138,55.88789921,2.066855616
2017,12,60,90,60,30,6,2,4,,15,35,34,280.44,144.67,135.77,16.02531782,67.93841818,83.963736,77.149044,84.664836,34.718472,,xuancheng,16,0,56.95132004,10.06971797,16.22738024,9.662076557,2.227132338,12.04916967,-0.241820299,-5.749730956,66.39730751,3441.145906,55.88789921,2.066855616
2018,1,61,140,105,35,8,3,5,,21,61,50,278.94,143.8,135.14,15.62549553,66.24339447,81.86889,73.863312,87.057174,36.178518,,xuancheng,16,0,52.47802237,9.098392128,14.06699624,8.728917455,2.108413612,12.44123236,-2.74350051,-6.174583773,77.24256644,3363.626405,55.88789921,2.066855616
2018,2,62,134,107,27,9,4,5,,16,53,56,278.94,143.8,135.14,15.62549553,66.24339447,81.86889,73.863312,87.057174,36.178518,,xuancheng,16,1,48.94679851,8.240431944,13.27077699,8.30988543,2.140921862,11.64983735,-0.443187277,-5.417191954,69.10060371,3537.570567,55.88789921,2.066855616
2018,3,63,133,98,35,13,5,8,,19,48,53,278.94,143.8,135.14,15.62549553,66.24339447,81.86889,73.863312,87.057174,36.178518,,xuancheng,16,0,30.68751431,5.886444238,7.491759108,5.131954588,1.319873724,7.240545964,7.248727637,2.475341922,71.69519245,3635.069687,55.88789921,2.066855616
2018,4,64,134,106,28,7,1,6,,17,64,46,278.94,143.8,135.14,15.62549553,66.24339447,81.86889,73.863312,87.057174,36.178518,,xuancheng,16,0,32.38203408,6.269971943,7.42669084,5.120252827,1.310329116,7.850617688,12.45693041,6.666956742,67.79057029,4221.15735,55.88789921,2.066855616
2018,5,65,121,96,25,10,3,7,,19,37,55,278.94,143.8,135.14,15.62549553,66.24339447,81.86889,73.863312,87.057174,36.178518,,xuancheng,16,0,27.41204875,5.641428786,6.088747008,4.225219228,1.140916464,6.32609357,17.13745335,12.90122496,76.1468728,4840.045915,55.88789921,2.066855616
2018,6,66,121,95,26,5,1,4,,24,46,46,278.94,143.8,135.14,15.62549553,66.24339447,81.86889,73.863312,87.057174,36.178518,,xuancheng,16,0,23.94724872,5.106716024,5.171128639,3.731323996,1.010580071,5.610752156,19.91145137,14.92427392,72.98333275,5306.616085,55.88789921,2.066855616
2018,7,67,96,71,25,7,3,4,,17,35,37,278.94,143.8,135.14,15.62549553,66.24339447,81.86889,73.863312,87.057174,36.178518,,xuancheng,16,0,15.26131623,2.908105906,2.005666317,1.314378208,0.89256882,4.367994764,23.60958469,18.93249895,75.06586477,5548.690322,55.88789921,2.066855616
2018,8,68,112,85,27,7,2,5,,15,42,48,278.94,143.8,135.14,15.62549553,66.24339447,81.86889,73.863312,87.057174,36.178518,,xuancheng,16,0,19.2679877,3.677047315,3.705099989,2.508940319,0.925857393,4.49409835,22.90775424,18.80618105,77.70127165,5753.977744,55.88789921,2.066855616
2018,9,69,99,70,29,11,3,8,,16,32,40,278.94,143.8,135.14,15.62549553,66.24339447,81.86889,73.863312,87.057174,36.178518,,xuancheng,16,0,28.78375177,5.314140698,6.864749382,4.403682447,1.114361908,6.510466638,18.69414259,14.5422282,76.81251872,5545.16464,55.88789921,2.066855616
2018,10,70,111,83,28,10,2,8,,17,33,51,278.94,143.8,135.14,15.62549553,66.24339447,81.86889,73.863312,87.057174,36.178518,,xuancheng,16,0,32.69163464,6.150900453,7.882960093,5.42174229,1.225209287,6.827171594,11.77248101,5.160472296,63.90107926,4457.102002,55.88789921,2.066855616
2018,11,71,110,76,34,10,5,5,,20,40,40,278.94,143.8,135.14,15.62549553,66.24339447,81.86889,73.863312,87.057174,36.178518,,xuancheng,16,0,32.44197553,6.253225542,8.263211737,5.181261866,1.177619977,7.839255876,7.131181941,4.12964891,81.22637242,3982.807214,55.88789921,2.066855616
2018,12,72,91,70,21,6,2,4,,13,38,34,278.94,143.8,135.14,15.62549553,66.24339447,81.86889,73.863312,87.057174,36.178518,,xuancheng,16,0,40.9411688,7.851863624,10.79339297,6.65852743,1.584071536,9.215044671,0.331001669,-2.454287795,81.56505953,3652.238169,55.88789921,2.066855616
2019,1,73,136,94,42,8,3,5,,17,47,64,278.77,143.7,135.07,15.25949211,64.69174389,79.951236,70.054901,89.875448,38.832661,,xuancheng,16,0,51.09790981,8.669726672,13.64047757,8.614645837,2.148330853,12.27123291,-0.909400166,-4.141167295,78.716111,3436.667177,55.88789921,2.066855616
2019,2,74,141,114,27,3,1,2,,24,63,51,278.77,143.7,135.07,15.25949211,64.69174389,79.951236,70.054901,89.875448,38.832661,,xuancheng,16,1,37.30518565,6.917126626,10.07611349,6.311379572,1.459932996,8.451313024,-0.370361319,-2.392394942,86.21556078,3440.934458,55.88789921,2.066855616
2019,3,75,137,96,41,13,9,4,,18,38,68,278.77,143.7,135.07,15.25949211,64.69174389,79.951236,70.054901,89.875448,38.832661,,xuancheng,16,0,36.40879124,6.318133085,9.612877013,6.090392399,1.42358734,8.646623925,6.552550421,1.154210509,68.42701751,3639.489913,55.88789921,2.066855616
2019,4,76,115,89,26,11,6,5,,20,42,42,278.77,143.7,135.07,15.25949211,64.69174389,79.951236,70.054901,89.875448,38.832661,,xuancheng,16,0,29.92511951,6.385533478,7.238310507,5.088383947,1.103104075,6.715357374,12.07811506,7.340948254,72.78393277,4199.524878,55.88789921,2.066855616
2019,5,77,103,78,25,6,2,4,,13,40,44,278.77,143.7,135.07,15.25949211,64.69174389,79.951236,70.054901,89.875448,38.832661,,xuancheng,16,0,23.46195665,4.498585557,5.238500813,3.671625844,0.989028353,5.505435863,16.03235993,8.315481755,60.19262076,4730.934273,55.88789921,2.066855616
2019,6,78,125,91,34,4,1,3,,23,42,56,278.77,143.7,135.07,15.25949211,64.69174389,79.951236,70.054901,89.875448,38.832661,,xuancheng,16,0,23.93776466,5.113347702,5.336233621,4.036606716,1.010045982,5.607543071,19.42478108,14.5081882,73.23037234,5167.174031,55.88789921,2.066855616
2019,7,79,125,95,30,4,0,4,,22,51,48,278.77,143.7,135.07,15.25949211,64.69174389,79.951236,70.054901,89.875448,38.832661,,xuancheng,16,0,13.48312117,2.789454885,2.460482926,1.778623698,0.650026908,3.350758473,22.15730406,18.35344759,79.052835,5751.680401,55.88789921,2.066855616
2019,8,80,111,83,28,9,6,3,,15,43,44,278.77,143.7,135.07,15.25949211,64.69174389,79.951236,70.054901,89.875448,38.832661,,xuancheng,16,0,22.29561188,4.450215912,4.77861406,3.349732225,0.933902188,5.199431277,22.42844067,18.11537342,76.60635091,5696.649306,55.88789921,2.066855616
2019,9,81,98,73,25,11,3,8,,13,35,39,278.77,143.7,135.07,15.25949211,64.69174389,79.951236,70.054901,89.875448,38.832661,,xuancheng,16,0,28.08222223,5.363341508,6.725407331,4.666974683,1.120838906,6.482612716,18.01033985,13.50138915,74.94590561,5424.52847,55.88789921,2.066855616
2019,10,82,126,94,32,11,4,7,,19,51,45,278.77,143.7,135.07,15.25949211,64.69174389,79.951236,70.054901,89.875448,38.832661,,xuancheng,16,0,33.77875067,6.328909105,7.981617183,5.44746972,1.25695868,7.409734333,13.06436547,7.980088034,71.26431592,4585.136649,55.88789921,2.066855616
2019,11,83,107,75,32,6,2,4,,11,39,51,278.77,143.7,135.07,15.25949211,64.69174389,79.951236,70.054901,89.875448,38.832661,,xuancheng,16,0,33.09047366,5.507883765,8.188124165,5.175036883,1.263981864,7.232868821,7.498602867,1.59831657,66.20831755,3737.029042,55.88789921,2.066855616
2019,12,84,87,72,15,5,0,5,,13,36,33,278.77,143.7,135.07,15.25949211,64.69174389,79.951236,70.054901,89.875448,38.832661,,xuancheng,16,0,41.39646181,7.715681751,10.8759744,6.849500033,1.648625368,9.134023503,1.852679955,-2.306020268,73.92124118,3450.252343,55.88789921,2.066855616
